"labels","Time","Line","tsNs","labelTypes","id"
[object Object],2025-03-05 22:07:49,"2025-03-05 22:07:49 | INFO | {""user_id"": 22, ""product_id"": 1907, ""amount"": 68.81, ""status"": ""success"", ""random_string"": ""hKb8DWyufW""}",1741192669065698816,[object Object],1741192669065698816_afae8855
[object Object],2025-03-05 22:07:47,"2025-03-05 22:07:47 | WARNING | {""user_id"": 97, ""product_id"": 1506, ""amount"": 75.33, ""status"": ""success"", ""random_string"": ""1LnbQQwLGU""}",1741192667227739648,[object Object],1741192667227739648_fabfbee9
[object Object],2025-03-05 22:07:46,"2025-03-05 22:07:46 | WARNING | {""user_id"": 28, ""product_id"": 1905, ""amount"": 24.09, ""status"": ""failure"", ""random_string"": ""jkduduA9o9""}",1741192666417366528,[object Object],1741192666417366528_62d6778b
[object Object],2025-03-05 22:07:43,"2025-03-05 22:07:43 | WARNING | {""user_id"": 62, ""product_id"": 1760, ""amount"": 31.56, ""status"": ""success"", ""random_string"": ""0pzD0hJhq4""}",1741192663246636288,[object Object],1741192663246636288_b915dfb
[object Object],2025-03-05 22:07:42,"2025-03-05 22:07:42 | INFO | {""user_id"": 51, ""product_id"": 1223, ""amount"": 32.52, ""status"": ""pending"", ""random_string"": ""hKQMJbro9J""}",1741192662236414720,[object Object],1741192662236414720_dac655ef
[object Object],2025-03-05 22:07:40,"2025-03-05 22:07:40 | INFO | {""user_id"": 43, ""product_id"": 1706, ""amount"": 10.29, ""status"": ""success"", ""random_string"": ""KjLGSwwURe""}",1741192660457878784,[object Object],1741192660457878784_a5ffe9e3
[object Object],2025-03-05 22:07:38,"2025-03-05 22:07:38 | WARNING | {""user_id"": 69, ""product_id"": 1395, ""amount"": 26.05, ""status"": ""failure"", ""random_string"": ""q9ldRd7UES""}",1741192658903152128,[object Object],1741192658903152128_5035212d
[object Object],2025-03-05 22:07:37,"2025-03-05 22:07:37 | ERROR | {""user_id"": 35, ""product_id"": 1168, ""amount"": 26.63, ""status"": ""pending"", ""random_string"": ""hzfZWe3aCS""}",1741192657845938432,[object Object],1741192657845938432_73e4ccd
[object Object],2025-03-05 22:07:36,"2025-03-05 22:07:36 | ERROR | {""user_id"": 22, ""product_id"": 1583, ""amount"": 78.52, ""status"": ""success"", ""random_string"": ""TSPriHuiYA""}",1741192656376234496,[object Object],1741192656376234496_7e4046eb
[object Object],2025-03-05 22:07:34,"2025-03-05 22:07:34 | ERROR | {""user_id"": 17, ""product_id"": 1505, ""amount"": 51.14, ""status"": ""pending"", ""random_string"": ""g5vTdCddom""}",1741192654092026112,[object Object],1741192654092026112_8c164469
[object Object],2025-03-05 22:07:31,"2025-03-05 22:07:31 | WARNING | {""user_id"": 73, ""product_id"": 1263, ""amount"": 12.02, ""status"": ""failure"", ""random_string"": ""By16p5QtM2""}",1741192651259295744,[object Object],1741192651259295744_a6d14e05
[object Object],2025-03-05 22:07:30,"2025-03-05 22:07:30 | INFO | {""user_id"": 44, ""product_id"": 1899, ""amount"": 74.27, ""status"": ""success"", ""random_string"": ""J3RrA7tQSC""}",1741192650132744192,[object Object],1741192650132744192_1efe18b
[object Object],2025-03-05 22:07:27,"2025-03-05 22:07:27 | INFO | {""user_id"": 88, ""product_id"": 1142, ""amount"": 28.67, ""status"": ""pending"", ""random_string"": ""WAY8lNhayW""}",1741192647183673088,[object Object],1741192647183673088_b6ad42db
[object Object],2025-03-05 22:07:26,"2025-03-05 22:07:26 | INFO | {""user_id"": 64, ""product_id"": 1742, ""amount"": 15.41, ""status"": ""failure"", ""random_string"": ""LvbVSX8ZBQ""}",1741192646272414208,[object Object],1741192646272414208_2bf48a5b
[object Object],2025-03-05 22:07:24,"2025-03-05 22:07:24 | ERROR | {""user_id"": 58, ""product_id"": 1254, ""amount"": 15.58, ""status"": ""failure"", ""random_string"": ""pTZdeWbT18""}",1741192644421575680,[object Object],1741192644421575680_daa86b57
[object Object],2025-03-05 22:07:22,"2025-03-05 22:07:22 | ERROR | {""user_id"": 6, ""product_id"": 1074, ""amount"": 78.24, ""status"": ""success"", ""random_string"": ""P1qg80RR2A""}",1741192642445551872,[object Object],1741192642445551872_afdb4e7b
[object Object],2025-03-05 22:07:21,"2025-03-05 22:07:21 | ERROR | {""user_id"": 41, ""product_id"": 1028, ""amount"": 64.1, ""status"": ""success"", ""random_string"": ""tzSQU4Mo2p""}",1741192641697345280,[object Object],1741192641697345280_13d7f94f
[object Object],2025-03-05 22:07:20,"2025-03-05 22:07:20 | ERROR | {""user_id"": 50, ""product_id"": 1300, ""amount"": 24.26, ""status"": ""success"", ""random_string"": ""Ksj0g73Pj5""}",1741192640806040576,[object Object],1741192640806040576_c745d8e9
[object Object],2025-03-05 22:07:18,"2025-03-05 22:07:18 | INFO | {""user_id"": 75, ""product_id"": 1368, ""amount"": 62.56, ""status"": ""failure"", ""random_string"": ""hwf4MNFYOe""}",1741192638797076480,[object Object],1741192638797076480_aab3832f
[object Object],2025-03-05 22:07:16,"2025-03-05 22:07:16 | ERROR | {""user_id"": 3, ""product_id"": 1185, ""amount"": 19.47, ""status"": ""failure"", ""random_string"": ""APj0rGXZ3L""}",1741192636836275968,[object Object],1741192636836275968_29403365
[object Object],2025-03-05 22:07:14,"2025-03-05 22:07:14 | WARNING | {""user_id"": 19, ""product_id"": 1232, ""amount"": 48.5, ""status"": ""pending"", ""random_string"": ""03PrQmsP73""}",1741192634896712448,[object Object],1741192634896712448_778c1e85
[object Object],2025-03-05 22:07:13,"2025-03-05 22:07:13 | WARNING | {""user_id"": 67, ""product_id"": 1227, ""amount"": 83.92, ""status"": ""success"", ""random_string"": ""Ivv0krIu7q""}",1741192633071064320,[object Object],1741192633071064320_8a98d71d
[object Object],2025-03-05 22:07:11,"2025-03-05 22:07:11 | ERROR | {""user_id"": 66, ""product_id"": 1142, ""amount"": 24.39, ""status"": ""success"", ""random_string"": ""dBgu8sDHiI""}",1741192631389336576,[object Object],1741192631389336576_c41b36f
[object Object],2025-03-05 22:07:10,"2025-03-05 22:07:10 | INFO | {""user_id"": 77, ""product_id"": 1011, ""amount"": 68.06, ""status"": ""pending"", ""random_string"": ""6zxZzo7D2c""}",1741192630287848192,[object Object],1741192630287848192_55efd0ed
[object Object],2025-03-05 22:07:08,"2025-03-05 22:07:08 | INFO | {""user_id"": 1, ""product_id"": 1168, ""amount"": 94.93, ""status"": ""success"", ""random_string"": ""JtO2znR3c5""}",1741192628478974720,[object Object],1741192628478974720_16cbd8c9
[object Object],2025-03-05 22:07:06,"2025-03-05 22:07:06 | INFO | {""user_id"": 88, ""product_id"": 1716, ""amount"": 59.89, ""status"": ""pending"", ""random_string"": ""ZUNXlMxKo4""}",1741192626507383296,[object Object],1741192626507383296_c1e4583d
[object Object],2025-03-05 22:07:05,"2025-03-05 22:07:05 | ERROR | {""user_id"": 76, ""product_id"": 1964, ""amount"": 69.04, ""status"": ""success"", ""random_string"": ""ZBvhucixP7""}",1741192625376756992,[object Object],1741192625376756992_41366a85
[object Object],2025-03-05 22:07:01,"2025-03-05 22:07:01 | ERROR | {""user_id"": 42, ""product_id"": 1200, ""amount"": 41.39, ""status"": ""pending"", ""random_string"": ""nM866g4DMo""}",1741192621683019776,[object Object],1741192621683019776_ed634ad5
[object Object],2025-03-05 22:06:57,"2025-03-05 22:06:57 | INFO | {""user_id"": 45, ""product_id"": 1851, ""amount"": 20.6, ""status"": ""success"", ""random_string"": ""L2wl4b33Lg""}",1741192617528230400,[object Object],1741192617528230400_74fb581f
[object Object],2025-03-05 22:06:53,"2025-03-05 22:06:53 | ERROR | {""user_id"": 36, ""product_id"": 1921, ""amount"": 88.51, ""status"": ""success"", ""random_string"": ""SFZuoXP5fo""}",1741192613706533376,[object Object],1741192613706533376_11222c8d
[object Object],2025-03-05 22:06:53,"2025-03-05 22:06:53 | WARNING | {""user_id"": 68, ""product_id"": 1322, ""amount"": 35.51, ""status"": ""success"", ""random_string"": ""uA9pBLiD0B""}",1741192613152438016,[object Object],1741192613152438016_98f9facd
[object Object],2025-03-05 22:06:52,"2025-03-05 22:06:52 | ERROR | {""user_id"": 50, ""product_id"": 1216, ""amount"": 18.37, ""status"": ""failure"", ""random_string"": ""EY6o2TJU48""}",1741192612534647808,[object Object],1741192612534647808_33e05e77
[object Object],2025-03-05 22:06:49,"2025-03-05 22:06:49 | ERROR | {""user_id"": 71, ""product_id"": 1649, ""amount"": 16.3, ""status"": ""failure"", ""random_string"": ""dHa6SWgmIa""}",1741192609961292288,[object Object],1741192609961292288_931a521f
[object Object],2025-03-05 22:06:48,"2025-03-05 22:06:48 | ERROR | {""user_id"": 80, ""product_id"": 1751, ""amount"": 29.88, ""status"": ""failure"", ""random_string"": ""ZQgiITvB4w""}",1741192608328560384,[object Object],1741192608328560384_d971ae7b
[object Object],2025-03-05 22:06:45,"2025-03-05 22:06:45 | WARNING | {""user_id"": 80, ""product_id"": 1543, ""amount"": 10.84, ""status"": ""failure"", ""random_string"": ""vAEWt3dYP1""}",1741192605044735232,[object Object],1741192605044735232_5140d267
[object Object],2025-03-05 22:06:43,"2025-03-05 22:06:43 | INFO | {""user_id"": 85, ""product_id"": 1574, ""amount"": 31.69, ""status"": ""pending"", ""random_string"": ""RT3u1EeuZ7""}",1741192603445969664,[object Object],1741192603445969664_fca428d3
[object Object],2025-03-05 22:06:36,"2025-03-05 22:06:36 | WARNING | {""user_id"": 40, ""product_id"": 1973, ""amount"": 83.47, ""status"": ""failure"", ""random_string"": ""sE6kF9uKMV""}",1741192596322233600,[object Object],1741192596322233600_39b42c13
[object Object],2025-03-05 22:06:35,"2025-03-05 22:06:35 | INFO | {""user_id"": 53, ""product_id"": 1366, ""amount"": 54.08, ""status"": ""success"", ""random_string"": ""pvmJHIyW1z""}",1741192595104632576,[object Object],1741192595104632576_389113b1
[object Object],2025-03-05 22:06:31,"2025-03-05 22:06:31 | WARNING | {""user_id"": 2, ""product_id"": 1270, ""amount"": 33.15, ""status"": ""success"", ""random_string"": ""ZynBM7poRu""}",1741192591271459328,[object Object],1741192591271459328_83b09187
[object Object],2025-03-05 22:06:27,"2025-03-05 22:06:27 | ERROR | {""user_id"": 65, ""product_id"": 1602, ""amount"": 63.77, ""status"": ""success"", ""random_string"": ""U7Q39SIqdQ""}",1741192587425629952,[object Object],1741192587425629952_643803c1
[object Object],2025-03-05 22:06:25,"2025-03-05 22:06:25 | INFO | {""user_id"": 18, ""product_id"": 1318, ""amount"": 10.66, ""status"": ""success"", ""random_string"": ""6RZ9gMzMeT""}",1741192585079691776,[object Object],1741192585079691776_83e8fbb7
[object Object],2025-03-05 22:06:23,"2025-03-05 22:06:23 | ERROR | {""user_id"": 68, ""product_id"": 1650, ""amount"": 38.3, ""status"": ""pending"", ""random_string"": ""R44HOsz2Lt""}",1741192583059144192,[object Object],1741192583059144192_cc263c3f
[object Object],2025-03-05 22:06:20,"2025-03-05 22:06:20 | ERROR | {""user_id"": 92, ""product_id"": 1891, ""amount"": 19.79, ""status"": ""pending"", ""random_string"": ""hE6zVR1UZw""}",1741192580952532480,[object Object],1741192580952532480_2caf62dd
[object Object],2025-03-05 22:06:19,"2025-03-05 22:06:19 | WARNING | {""user_id"": 45, ""product_id"": 1041, ""amount"": 88.9, ""status"": ""pending"", ""random_string"": ""hBfKj36cKQ""}",1741192579423854592,[object Object],1741192579423854592_6f5bca53
[object Object],2025-03-05 22:06:17,"2025-03-05 22:06:17 | INFO | {""user_id"": 82, ""product_id"": 1898, ""amount"": 38.66, ""status"": ""pending"", ""random_string"": ""CyCH7Q3Seh""}",1741192577512758016,[object Object],1741192577512758016_8a3686f
[object Object],2025-03-05 22:06:15,"2025-03-05 22:06:15 | WARNING | {""user_id"": 99, ""product_id"": 1399, ""amount"": 54.21, ""status"": ""pending"", ""random_string"": ""cQSVrvT9TN""}",1741192575027731456,[object Object],1741192575027731456_c4322dcd
[object Object],2025-03-05 22:06:09,"2025-03-05 22:06:09 | INFO | {""user_id"": 12, ""product_id"": 1330, ""amount"": 19.92, ""status"": ""pending"", ""random_string"": ""cD7uipLCtG""}",1741192569528590592,[object Object],1741192569528590592_6477f8c1
[object Object],2025-03-05 22:06:05,"2025-03-05 22:06:05 | WARNING | {""user_id"": 9, ""product_id"": 1966, ""amount"": 36.01, ""status"": ""failure"", ""random_string"": ""009lwCpBo8""}",1741192565485607680,[object Object],1741192565485607680_7edeca71
[object Object],2025-03-05 22:06:01,"2025-03-05 22:06:01 | WARNING | {""user_id"": 43, ""product_id"": 1392, ""amount"": 87.54, ""status"": ""pending"", ""random_string"": ""2dhBucF0EL""}",1741192561716212736,[object Object],1741192561716212736_a9707ff7
[object Object],2025-03-05 22:06:00,"2025-03-05 22:06:00 | ERROR | {""user_id"": 75, ""product_id"": 1451, ""amount"": 19.65, ""status"": ""failure"", ""random_string"": ""NuAJbltKrM""}",1741192560983231488,[object Object],1741192560983231488_65204e79
[object Object],2025-03-05 22:05:59,"2025-03-05 22:05:59 | INFO | {""user_id"": 24, ""product_id"": 1680, ""amount"": 29.71, ""status"": ""pending"", ""random_string"": ""dytDZTm3tW""}",1741192559081086976,[object Object],1741192559081086976_c5303d31
[object Object],2025-03-05 22:05:53,"2025-03-05 22:05:53 | INFO | {""user_id"": 92, ""product_id"": 1048, ""amount"": 55.95, ""status"": ""success"", ""random_string"": ""fV8k8aYgfS""}",1741192553963454720,[object Object],1741192553963454720_9e5e5f97
[object Object],2025-03-05 22:05:48,"2025-03-05 22:05:48 | INFO | {""user_id"": 45, ""product_id"": 1989, ""amount"": 26.69, ""status"": ""pending"", ""random_string"": ""jOxRp29Wf4""}",1741192548207666432,[object Object],1741192548207666432_279f44a7
[object Object],2025-03-05 22:05:44,"2025-03-05 22:05:44 | WARNING | {""user_id"": 50, ""product_id"": 1897, ""amount"": 32.75, ""status"": ""pending"", ""random_string"": ""LkEvdjtBtN""}",1741192544966837504,[object Object],1741192544966837504_356b2fc1
[object Object],2025-03-05 22:05:41,"2025-03-05 22:05:41 | INFO | {""user_id"": 15, ""product_id"": 1221, ""amount"": 12.47, ""status"": ""pending"", ""random_string"": ""GWoWQSfNNb""}",1741192541758153216,[object Object],1741192541758153216_266379bb
[object Object],2025-03-05 22:05:35,"2025-03-05 22:05:35 | INFO | {""user_id"": 57, ""product_id"": 1739, ""amount"": 72.94, ""status"": ""success"", ""random_string"": ""ThWIJwAz2h""}",1741192535918739968,[object Object],1741192535918739968_5a352011
[object Object],2025-03-05 22:05:34,"2025-03-05 22:05:34 | ERROR | {""user_id"": 38, ""product_id"": 1362, ""amount"": 90.45, ""status"": ""pending"", ""random_string"": ""lnVp8GgFfa""}",1741192534077931008,[object Object],1741192534077931008_1e218eff
[object Object],2025-03-05 22:05:28,"2025-03-05 22:05:28 | WARNING | {""user_id"": 88, ""product_id"": 1648, ""amount"": 46.33, ""status"": ""pending"", ""random_string"": ""5ipMPHwQaX""}",1741192528914077440,[object Object],1741192528914077440_331b7101
[object Object],2025-03-05 22:05:27,"2025-03-05 22:05:27 | INFO | {""user_id"": 43, ""product_id"": 1013, ""amount"": 25.72, ""status"": ""failure"", ""random_string"": ""0rcbygGp3E""}",1741192527799706112,[object Object],1741192527799706112_dda1b3b9
[object Object],2025-03-05 22:05:21,"2025-03-05 22:05:21 | WARNING | {""user_id"": 72, ""product_id"": 1932, ""amount"": 38.43, ""status"": ""failure"", ""random_string"": ""g8Z2QAQCHB""}",1741192521789152000,[object Object],1741192521789152000_6bd44f31
[object Object],2025-03-05 22:05:20,"2025-03-05 22:05:20 | WARNING | {""user_id"": 10, ""product_id"": 1846, ""amount"": 70.75, ""status"": ""pending"", ""random_string"": ""wPAe6N62wD""}",1741192520451387904,[object Object],1741192520451387904_4bba041d
[object Object],2025-03-05 22:05:18,"2025-03-05 22:05:18 | ERROR | {""user_id"": 97, ""product_id"": 1925, ""amount"": 67.77, ""status"": ""success"", ""random_string"": ""upA5b2kfPE""}",1741192518988079104,[object Object],1741192518988079104_ef2dd695
[object Object],2025-03-05 22:05:13,"2025-03-05 22:05:13 | WARNING | {""user_id"": 74, ""product_id"": 1891, ""amount"": 45.13, ""status"": ""failure"", ""random_string"": ""bgsw9jKBuN""}",1741192513908148992,[object Object],1741192513908148992_65ed7529
[object Object],2025-03-05 22:05:11,"2025-03-05 22:05:11 | WARNING | {""user_id"": 16, ""product_id"": 1221, ""amount"": 28.15, ""status"": ""success"", ""random_string"": ""1v4LxSyP9v""}",1741192511129853696,[object Object],1741192511129853696_59591a9
[object Object],2025-03-05 22:05:10,"2025-03-05 22:05:10 | WARNING | {""user_id"": 20, ""product_id"": 1798, ""amount"": 93.31, ""status"": ""pending"", ""random_string"": ""JKmKHaxrwK""}",1741192510246066176,[object Object],1741192510246066176_89d3d317
[object Object],2025-03-05 22:05:09,"2025-03-05 22:05:09 | ERROR | {""user_id"": 45, ""product_id"": 1730, ""amount"": 36.48, ""status"": ""pending"", ""random_string"": ""RLLuRlsUrt""}",1741192509286491648,[object Object],1741192509286491648_dfa30da3
[object Object],2025-03-05 22:05:04,"2025-03-05 22:05:04 | WARNING | {""user_id"": 34, ""product_id"": 1527, ""amount"": 89.01, ""status"": ""pending"", ""random_string"": ""WGksPaMpjk""}",1741192504026974208,[object Object],1741192504026974208_34b809ab
[object Object],2025-03-05 22:05:03,"2025-03-05 22:05:03 | WARNING | {""user_id"": 58, ""product_id"": 1376, ""amount"": 45.49, ""status"": ""pending"", ""random_string"": ""YwRUel584K""}",1741192503482402816,[object Object],1741192503482402816_229583e9
[object Object],2025-03-05 22:05:02,"2025-03-05 22:05:02 | ERROR | {""user_id"": 86, ""product_id"": 1453, ""amount"": 75.94, ""status"": ""success"", ""random_string"": ""ngtj5lnxid""}",1741192502716323840,[object Object],1741192502716323840_e449d527
[object Object],2025-03-05 22:05:01,"2025-03-05 22:05:01 | ERROR | {""user_id"": 76, ""product_id"": 1163, ""amount"": 35.47, ""status"": ""failure"", ""random_string"": ""FeBjaX4pcm""}",1741192501602855424,[object Object],1741192501602855424_35fd38f7
[object Object],2025-03-05 22:04:59,"2025-03-05 22:04:59 | WARNING | {""user_id"": 43, ""product_id"": 1245, ""amount"": 28.02, ""status"": ""success"", ""random_string"": ""NuDM2F5aH8""}",1741192499946057728,[object Object],1741192499946057728_af9c9d4f
[object Object],2025-03-05 22:04:58,"2025-03-05 22:04:58 | INFO | {""user_id"": 62, ""product_id"": 1857, ""amount"": 78.71, ""status"": ""success"", ""random_string"": ""3jUqSSCt4T""}",1741192498585578752,[object Object],1741192498585578752_18d74ffd
[object Object],2025-03-05 22:04:53,"2025-03-05 22:04:53 | ERROR | {""user_id"": 35, ""product_id"": 1532, ""amount"": 68.23, ""status"": ""success"", ""random_string"": ""9phq7rUgUQ""}",1741192493364200704,[object Object],1741192493364200704_53ce7755
[object Object],2025-03-05 22:04:46,"2025-03-05 22:04:46 | WARNING | {""user_id"": 91, ""product_id"": 1644, ""amount"": 90.98, ""status"": ""pending"", ""random_string"": ""njGkGpx5VX""}",1741192486590034432,[object Object],1741192486590034432_d35144e3
[object Object],2025-03-05 22:04:42,"2025-03-05 22:04:42 | WARNING | {""user_id"": 2, ""product_id"": 1958, ""amount"": 21.39, ""status"": ""pending"", ""random_string"": ""hIQ5jjN55E""}",1741192482964726784,[object Object],1741192482964726784_751e6c55
[object Object],2025-03-05 22:04:41,"2025-03-05 22:04:41 | ERROR | {""user_id"": 83, ""product_id"": 1945, ""amount"": 90.87, ""status"": ""success"", ""random_string"": ""YlMPfO0vbn""}",1741192481849323008,[object Object],1741192481849323008_c3d5c7f3
[object Object],2025-03-05 22:04:40,"2025-03-05 22:04:40 | INFO | {""user_id"": 43, ""product_id"": 1447, ""amount"": 91.02, ""status"": ""success"", ""random_string"": ""msOf66xSYH""}",1741192480610069248,[object Object],1741192480610069248_e8d5fe95
[object Object],2025-03-05 22:04:39,"2025-03-05 22:04:39 | ERROR | {""user_id"": 65, ""product_id"": 1184, ""amount"": 23.64, ""status"": ""success"", ""random_string"": ""NWUEAkzhDm""}",1741192479686795520,[object Object],1741192479686795520_ca18da81
[object Object],2025-03-05 22:04:35,"2025-03-05 22:04:35 | WARNING | {""user_id"": 65, ""product_id"": 1654, ""amount"": 52.2, ""status"": ""failure"", ""random_string"": ""uy28G5vjOW""}",1741192475980943104,[object Object],1741192475980943104_d26017eb
[object Object],2025-03-05 22:04:34,"2025-03-05 22:04:34 | INFO | {""user_id"": 30, ""product_id"": 1738, ""amount"": 15.35, ""status"": ""success"", ""random_string"": ""N2U9GQHPVs""}",1741192474088744192,[object Object],1741192474088744192_904bf0b7
[object Object],2025-03-05 22:04:33,"2025-03-05 22:04:33 | INFO | {""user_id"": 33, ""product_id"": 1406, ""amount"": 33.14, ""status"": ""failure"", ""random_string"": ""cm1wVMOpiw""}",1741192473178440192,[object Object],1741192473178440192_bc0ecfa1
[object Object],2025-03-05 22:04:32,"2025-03-05 22:04:32 | ERROR | {""user_id"": 9, ""product_id"": 1349, ""amount"": 83.0, ""status"": ""success"", ""random_string"": ""9Z92DDaI4J""}",1741192472628814080,[object Object],1741192472628814080_814615f1
[object Object],2025-03-05 22:04:32,"2025-03-05 22:04:32 | INFO | {""user_id"": 9, ""product_id"": 1593, ""amount"": 60.99, ""status"": ""success"", ""random_string"": ""Fbgympux8d""}",1741192472047123200,[object Object],1741192472047123200_24f72b07
[object Object],2025-03-05 22:04:30,"2025-03-05 22:04:30 | ERROR | {""user_id"": 58, ""product_id"": 1331, ""amount"": 14.14, ""status"": ""pending"", ""random_string"": ""URg67kEwZv""}",1741192470905626624,[object Object],1741192470905626624_dfc5c889
[object Object],2025-03-05 22:04:27,"2025-03-05 22:04:27 | INFO | {""user_id"": 28, ""product_id"": 1042, ""amount"": 34.1, ""status"": ""failure"", ""random_string"": ""iPRQd3T5xq""}",1741192467285504256,[object Object],1741192467285504256_3359f8e7
[object Object],2025-03-05 22:04:25,"2025-03-05 22:04:25 | ERROR | {""user_id"": 86, ""product_id"": 1955, ""amount"": 15.65, ""status"": ""pending"", ""random_string"": ""xuNGBVDVq0""}",1741192465994870784,[object Object],1741192465994870784_4981b761
[object Object],2025-03-05 22:04:22,"2025-03-05 22:04:22 | WARNING | {""user_id"": 81, ""product_id"": 1166, ""amount"": 58.81, ""status"": ""success"", ""random_string"": ""TnRWw9PtoW""}",1741192462540555264,[object Object],1741192462540555264_294f6a3f
[object Object],2025-03-05 22:04:19,"2025-03-05 22:04:19 | WARNING | {""user_id"": 26, ""product_id"": 1111, ""amount"": 75.43, ""status"": ""success"", ""random_string"": ""lb3QymxCNn""}",1741192459047761664,[object Object],1741192459047761664_99e6a8b7
[object Object],2025-03-05 22:04:16,"2025-03-05 22:04:16 | WARNING | {""user_id"": 76, ""product_id"": 1591, ""amount"": 93.14, ""status"": ""failure"", ""random_string"": ""fncjoafzxM""}",1741192456397863680,[object Object],1741192456397863680_bba2bd23
[object Object],2025-03-05 22:04:15,"2025-03-05 22:04:15 | INFO | {""user_id"": 93, ""product_id"": 1399, ""amount"": 40.88, ""status"": ""pending"", ""random_string"": ""QQ40kfqmdv""}",1741192455040600832,[object Object],1741192455040600832_bf1d63ad
[object Object],2025-03-05 22:04:13,"2025-03-05 22:04:13 | ERROR | {""user_id"": 40, ""product_id"": 1002, ""amount"": 78.16, ""status"": ""success"", ""random_string"": ""WLwQAMXtIw""}",1741192453214426880,[object Object],1741192453214426880_641a8db7
[object Object],2025-03-05 22:04:06,"2025-03-05 22:04:06 | ERROR | {""user_id"": 7, ""product_id"": 1761, ""amount"": 24.65, ""status"": ""failure"", ""random_string"": ""eOmEOV5w7h""}",1741192446827263232,[object Object],1741192446827263232_6d5b87f7
[object Object],2025-03-05 22:04:04,"2025-03-05 22:04:04 | ERROR | {""user_id"": 98, ""product_id"": 1030, ""amount"": 94.27, ""status"": ""success"", ""random_string"": ""YUIUj0qPvs""}",1741192444881924864,[object Object],1741192444881924864_425b89ff
[object Object],2025-03-05 22:04:02,"2025-03-05 22:04:02 | WARNING | {""user_id"": 34, ""product_id"": 1555, ""amount"": 16.09, ""status"": ""success"", ""random_string"": ""FtxioJtw9a""}",1741192442658407168,[object Object],1741192442658407168_7a0f830f
[object Object],2025-03-05 22:03:59,"2025-03-05 22:03:59 | INFO | {""user_id"": 100, ""product_id"": 1550, ""amount"": 23.64, ""status"": ""pending"", ""random_string"": ""OmOClYp22D""}",1741192439090113536,[object Object],1741192439090113536_caf8b05f
[object Object],2025-03-05 22:03:58,"2025-03-05 22:03:58 | INFO | {""user_id"": 59, ""product_id"": 1907, ""amount"": 19.9, ""status"": ""pending"", ""random_string"": ""xc2XvcVBAZ""}",1741192438304741632,[object Object],1741192438304741632_d9c28f8f
[object Object],2025-03-05 22:03:52,"2025-03-05 22:03:52 | WARNING | {""user_id"": 22, ""product_id"": 1517, ""amount"": 97.91, ""status"": ""success"", ""random_string"": ""EsHePUI5A3""}",1741192432305099520,[object Object],1741192432305099520_83b75a01
[object Object],2025-03-05 22:03:48,"2025-03-05 22:03:48 | INFO | {""user_id"": 2, ""product_id"": 1702, ""amount"": 52.4, ""status"": ""success"", ""random_string"": ""5tjpVn3Owp""}",1741192428641543936,[object Object],1741192428641543936_528c039
[object Object],2025-03-05 22:03:45,"2025-03-05 22:03:45 | ERROR | {""user_id"": 74, ""product_id"": 1289, ""amount"": 99.0, ""status"": ""failure"", ""random_string"": ""uLBUMChpOP""}",1741192425739867904,[object Object],1741192425739867904_fd62d6d
[object Object],2025-03-05 22:03:44,"2025-03-05 22:03:44 | WARNING | {""user_id"": 67, ""product_id"": 1519, ""amount"": 67.21, ""status"": ""failure"", ""random_string"": ""QBnpr4OcUM""}",1741192424644244480,[object Object],1741192424644244480_909b6615
[object Object],2025-03-05 22:03:40,"2025-03-05 22:03:40 | INFO | {""user_id"": 44, ""product_id"": 1831, ""amount"": 94.64, ""status"": ""pending"", ""random_string"": ""zvisg7Wxby""}",1741192420095257088,[object Object],1741192420095257088_91f4a26d
[object Object],2025-03-05 22:03:35,"2025-03-05 22:03:35 | WARNING | {""user_id"": 81, ""product_id"": 1888, ""amount"": 71.02, ""status"": ""pending"", ""random_string"": ""mlETLGPHqx""}",1741192415247165440,[object Object],1741192415247165440_cc128833
[object Object],2025-03-05 22:03:29,"2025-03-05 22:03:29 | ERROR | {""user_id"": 36, ""product_id"": 1549, ""amount"": 51.2, ""status"": ""success"", ""random_string"": ""2iNDceEW3i""}",1741192409227308800,[object Object],1741192409227308800_3fbc22f
[object Object],2025-03-05 22:03:18,"2025-03-05 22:03:18 | INFO | {""user_id"": 100, ""product_id"": 1958, ""amount"": 87.01, ""status"": ""success"", ""random_string"": ""QlKQpLX3XQ""}",1741192398661590272,[object Object],1741192398661590272_78e3117b
[object Object],2025-03-05 22:03:17,"2025-03-05 22:03:17 | INFO | {""user_id"": 11, ""product_id"": 1959, ""amount"": 39.8, ""status"": ""pending"", ""random_string"": ""JJLeI6L07U""}",1741192397541361920,[object Object],1741192397541361920_eac116d5
[object Object],2025-03-05 22:03:16,"2025-03-05 22:03:16 | WARNING | {""user_id"": 46, ""product_id"": 1241, ""amount"": 95.51, ""status"": ""pending"", ""random_string"": ""aveBBRdymA""}",1741192396100858112,[object Object],1741192396100858112_2ec7b66d
[object Object],2025-03-05 22:03:13,"2025-03-05 22:03:13 | INFO | {""user_id"": 43, ""product_id"": 1489, ""amount"": 22.95, ""status"": ""failure"", ""random_string"": ""S6tj8jGLbZ""}",1741192393544778752,[object Object],1741192393544778752_d66e333f
[object Object],2025-03-05 22:03:12,"2025-03-05 22:03:12 | ERROR | {""user_id"": 6, ""product_id"": 1505, ""amount"": 35.73, ""status"": ""failure"", ""random_string"": ""FqvUcSpEdR""}",1741192392708973056,[object Object],1741192392708973056_5a0a08d
[object Object],2025-03-05 22:03:09,"2025-03-05 22:03:09 | WARNING | {""user_id"": 10, ""product_id"": 1357, ""amount"": 18.98, ""status"": ""success"", ""random_string"": ""ajrByry1vF""}",1741192389389791488,[object Object],1741192389389791488_425ae6b7
[object Object],2025-03-05 22:03:07,"2025-03-05 22:03:07 | WARNING | {""user_id"": 56, ""product_id"": 1825, ""amount"": 57.56, ""status"": ""pending"", ""random_string"": ""kUtnB36Zli""}",1741192387213739776,[object Object],1741192387213739776_62700125
[object Object],2025-03-05 22:03:02,"2025-03-05 22:03:02 | INFO | {""user_id"": 96, ""product_id"": 1891, ""amount"": 73.67, ""status"": ""pending"", ""random_string"": ""Ov4uuk6ner""}",1741192382415198976,[object Object],1741192382415198976_a150e2f
[object Object],2025-03-05 22:03:01,"2025-03-05 22:03:01 | ERROR | {""user_id"": 55, ""product_id"": 1169, ""amount"": 95.68, ""status"": ""failure"", ""random_string"": ""jmkBewsEjv""}",1741192381275220480,[object Object],1741192381275220480_a274292b
[object Object],2025-03-05 22:02:59,"2025-03-05 22:02:59 | WARNING | {""user_id"": 100, ""product_id"": 1886, ""amount"": 48.58, ""status"": ""failure"", ""random_string"": ""qMROtxSSwS""}",1741192379123579904,[object Object],1741192379123579904_14021aed
[object Object],2025-03-05 22:02:57,"2025-03-05 22:02:57 | INFO | {""user_id"": 89, ""product_id"": 1459, ""amount"": 13.23, ""status"": ""failure"", ""random_string"": ""ubdTGJ7eFc""}",1741192377277377024,[object Object],1741192377277377024_b66f8443
[object Object],2025-03-05 22:02:55,"2025-03-05 22:02:55 | INFO | {""user_id"": 5, ""product_id"": 1960, ""amount"": 26.79, ""status"": ""failure"", ""random_string"": ""KSU4YFKifC""}",1741192375276052736,[object Object],1741192375276052736_6fe427cd
[object Object],2025-03-05 22:02:54,"2025-03-05 22:02:54 | WARNING | {""user_id"": 91, ""product_id"": 1236, ""amount"": 17.85, ""status"": ""pending"", ""random_string"": ""xR1gO29ufg""}",1741192374546718464,[object Object],1741192374546718464_8b71e079
[object Object],2025-03-05 22:02:53,"2025-03-05 22:02:53 | INFO | {""user_id"": 50, ""product_id"": 1449, ""amount"": 75.04, ""status"": ""success"", ""random_string"": ""Jl8kPRMJVd""}",1741192373413742080,[object Object],1741192373413742080_42ed3073
[object Object],2025-03-05 22:02:51,"2025-03-05 22:02:51 | ERROR | {""user_id"": 9, ""product_id"": 1418, ""amount"": 85.7, ""status"": ""success"", ""random_string"": ""fSJFnrs8vh""}",1741192371397906688,[object Object],1741192371397906688_f744b677
[object Object],2025-03-05 22:02:49,"2025-03-05 22:02:49 | ERROR | {""user_id"": 83, ""product_id"": 1867, ""amount"": 10.36, ""status"": ""failure"", ""random_string"": ""PwY1Z7CObv""}",1741192369033732864,[object Object],1741192369033732864_21a11af1
[object Object],2025-03-05 22:02:47,"2025-03-05 22:02:47 | INFO | {""user_id"": 2, ""product_id"": 1318, ""amount"": 64.23, ""status"": ""failure"", ""random_string"": ""x4FGgcEyI0""}",1741192367472315648,[object Object],1741192367472315648_8e90c1c9
[object Object],2025-03-05 22:02:44,"2025-03-05 22:02:44 | ERROR | {""user_id"": 79, ""product_id"": 1153, ""amount"": 71.33, ""status"": ""success"", ""random_string"": ""cKBkHIPy9D""}",1741192364982189568,[object Object],1741192364982189568_dee34af5
[object Object],2025-03-05 22:02:43,"2025-03-05 22:02:43 | WARNING | {""user_id"": 79, ""product_id"": 1882, ""amount"": 52.14, ""status"": ""failure"", ""random_string"": ""VmI2m0z5el""}",1741192363782922752,[object Object],1741192363782922752_8c087afd
[object Object],2025-03-05 22:02:42,"2025-03-05 22:02:42 | WARNING | {""user_id"": 94, ""product_id"": 1990, ""amount"": 44.14, ""status"": ""failure"", ""random_string"": ""UJifKGne3g""}",1741192362167004416,[object Object],1741192362167004416_bd6e42d3
[object Object],2025-03-05 22:02:40,"2025-03-05 22:02:40 | INFO | {""user_id"": 52, ""product_id"": 1954, ""amount"": 79.41, ""status"": ""pending"", ""random_string"": ""NFhzPUVuag""}",1741192360609369856,[object Object],1741192360609369856_63364f1b
[object Object],2025-03-05 22:02:39,"2025-03-05 22:02:39 | INFO | {""user_id"": 88, ""product_id"": 1628, ""amount"": 11.44, ""status"": ""pending"", ""random_string"": ""6l3d0Llt56""}",1741192359002404352,[object Object],1741192359002404352_1bf2938f
[object Object],2025-03-05 22:02:36,"2025-03-05 22:02:36 | ERROR | {""user_id"": 13, ""product_id"": 1053, ""amount"": 33.4, ""status"": ""pending"", ""random_string"": ""S3YhX1UBBC""}",1741192356633941248,[object Object],1741192356633941248_332da02b
[object Object],2025-03-05 22:02:33,"2025-03-05 22:02:33 | INFO | {""user_id"": 97, ""product_id"": 1576, ""amount"": 85.3, ""status"": ""pending"", ""random_string"": ""rs8ZuA8JbS""}",1741192353931996416,[object Object],1741192353931996416_b5b2899d
[object Object],2025-03-05 22:02:32,"2025-03-05 22:02:32 | ERROR | {""user_id"": 23, ""product_id"": 1752, ""amount"": 50.06, ""status"": ""success"", ""random_string"": ""cCdUNHjEnc""}",1741192352056747264,[object Object],1741192352056747264_7e612cd
[object Object],2025-03-05 22:02:30,"2025-03-05 22:02:30 | WARNING | {""user_id"": 24, ""product_id"": 1383, ""amount"": 36.32, ""status"": ""failure"", ""random_string"": ""fCVF2Y5wEN""}",1741192350919087872,[object Object],1741192350919087872_837b6449
[object Object],2025-03-05 22:02:30,"2025-03-05 22:02:30 | WARNING | {""user_id"": 9, ""product_id"": 1776, ""amount"": 42.91, ""status"": ""failure"", ""random_string"": ""p8JG5DpuZg""}",1741192350195589632,[object Object],1741192350195589632_ccce9e9d
[object Object],2025-03-05 22:02:28,"2025-03-05 22:02:28 | ERROR | {""user_id"": 94, ""product_id"": 1267, ""amount"": 78.3, ""status"": ""pending"", ""random_string"": ""N6BgQ2Fuso""}",1741192348533636864,[object Object],1741192348533636864_f785cac7
[object Object],2025-03-05 22:02:27,"2025-03-05 22:02:27 | INFO | {""user_id"": 77, ""product_id"": 1554, ""amount"": 27.77, ""status"": ""failure"", ""random_string"": ""8423a5abna""}",1741192347555355392,[object Object],1741192347555355392_879f82c9
[object Object],2025-03-05 22:02:21,"2025-03-05 22:02:21 | WARNING | {""user_id"": 88, ""product_id"": 1211, ""amount"": 75.16, ""status"": ""pending"", ""random_string"": ""brxeBblA49""}",1741192341033412864,[object Object],1741192341033412864_40e46903
[object Object],2025-03-05 22:02:15,"2025-03-05 22:02:15 | WARNING | {""user_id"": 92, ""product_id"": 1066, ""amount"": 49.71, ""status"": ""pending"", ""random_string"": ""yyfvEn1bMF""}",1741192335377893632,[object Object],1741192335377893632_be61e097
[object Object],2025-03-05 22:02:14,"2025-03-05 22:02:14 | ERROR | {""user_id"": 28, ""product_id"": 1986, ""amount"": 17.23, ""status"": ""failure"", ""random_string"": ""qThpUoz6WZ""}",1741192334136689152,[object Object],1741192334136689152_53654aad
[object Object],2025-03-05 22:02:10,"2025-03-05 22:02:10 | INFO | {""user_id"": 51, ""product_id"": 1008, ""amount"": 77.7, ""status"": ""pending"", ""random_string"": ""XEjNuTPvpI""}",1741192330207186432,[object Object],1741192330207186432_5f490301
[object Object],2025-03-05 22:02:08,"2025-03-05 22:02:08 | INFO | {""user_id"": 94, ""product_id"": 1651, ""amount"": 42.02, ""status"": ""success"", ""random_string"": ""G9Q7aXiz59""}",1741192328488544768,[object Object],1741192328488544768_d5e3b71f
[object Object],2025-03-05 22:02:07,"2025-03-05 22:02:07 | INFO | {""user_id"": 96, ""product_id"": 1901, ""amount"": 43.99, ""status"": ""pending"", ""random_string"": ""IOWDM7u52l""}",1741192327180441600,[object Object],1741192327180441600_193705a3
[object Object],2025-03-05 22:02:03,"2025-03-05 22:02:03 | ERROR | {""user_id"": 64, ""product_id"": 1958, ""amount"": 40.39, ""status"": ""pending"", ""random_string"": ""7NRSuNoO7c""}",1741192323473202944,[object Object],1741192323473202944_84f79de1
[object Object],2025-03-05 22:01:59,"2025-03-05 22:01:59 | WARNING | {""user_id"": 62, ""product_id"": 1375, ""amount"": 21.67, ""status"": ""success"", ""random_string"": ""L62mRhHfJ9""}",1741192319227500800,[object Object],1741192319227500800_cfe8201b
[object Object],2025-03-05 22:01:58,"2025-03-05 22:01:58 | ERROR | {""user_id"": 13, ""product_id"": 1576, ""amount"": 21.88, ""status"": ""pending"", ""random_string"": ""8I5LvK5UUv""}",1741192318635267328,[object Object],1741192318635267328_cd741cd5
[object Object],2025-03-05 22:01:57,"2025-03-05 22:01:57 | ERROR | {""user_id"": 48, ""product_id"": 1732, ""amount"": 85.84, ""status"": ""failure"", ""random_string"": ""pPZn9Ge8EX""}",1741192317084154112,[object Object],1741192317084154112_7e456f3b
[object Object],2025-03-05 22:01:51,"2025-03-05 22:01:51 | ERROR | {""user_id"": 4, ""product_id"": 1834, ""amount"": 44.86, ""status"": ""failure"", ""random_string"": ""J9N0OlI9aI""}",1741192311120055808,[object Object],1741192311120055808_f8cc7eed
[object Object],2025-03-05 22:01:50,"2025-03-05 22:01:50 | ERROR | {""user_id"": 53, ""product_id"": 1940, ""amount"": 12.88, ""status"": ""success"", ""random_string"": ""CbtQ2xRhvl""}",1741192310394045696,[object Object],1741192310394045696_30e749ff
[object Object],2025-03-05 22:01:48,"2025-03-05 22:01:48 | INFO | {""user_id"": 25, ""product_id"": 1963, ""amount"": 88.04, ""status"": ""failure"", ""random_string"": ""0HvWJktCzU""}",1741192308585085440,[object Object],1741192308585085440_d9f03293
[object Object],2025-03-05 22:01:44,"2025-03-05 22:01:44 | INFO | {""user_id"": 69, ""product_id"": 1894, ""amount"": 46.66, ""status"": ""success"", ""random_string"": ""qRfdu3oLeZ""}",1741192304387337728,[object Object],1741192304387337728_d8dec893
[object Object],2025-03-05 22:01:42,"2025-03-05 22:01:42 | WARNING | {""user_id"": 66, ""product_id"": 1176, ""amount"": 54.17, ""status"": ""failure"", ""random_string"": ""c4bHDTx5wk""}",1741192302501159936,[object Object],1741192302501159936_cdb6581f
[object Object],2025-03-05 22:01:41,"2025-03-05 22:01:41 | WARNING | {""user_id"": 44, ""product_id"": 1073, ""amount"": 28.68, ""status"": ""failure"", ""random_string"": ""teDMUsiyBy""}",1741192301128063232,[object Object],1741192301128063232_4c005ff3
[object Object],2025-03-05 22:01:39,"2025-03-05 22:01:39 | INFO | {""user_id"": 90, ""product_id"": 1187, ""amount"": 87.39, ""status"": ""success"", ""random_string"": ""P8NnWaSn8w""}",1741192299666930432,[object Object],1741192299666930432_49d8aa19
[object Object],2025-03-05 22:01:37,"2025-03-05 22:01:37 | INFO | {""user_id"": 48, ""product_id"": 1408, ""amount"": 58.97, ""status"": ""failure"", ""random_string"": ""ErpygbGqMz""}",1741192297675142656,[object Object],1741192297675142656_5988452b
[object Object],2025-03-05 22:01:35,"2025-03-05 22:01:35 | INFO | {""user_id"": 3, ""product_id"": 1133, ""amount"": 68.09, ""status"": ""failure"", ""random_string"": ""fbaDEtrbz2""}",1741192295443422464,[object Object],1741192295443422464_fffc9ab5
[object Object],2025-03-05 22:01:32,"2025-03-05 22:01:32 | INFO | {""user_id"": 39, ""product_id"": 1586, ""amount"": 51.68, ""status"": ""pending"", ""random_string"": ""7Dipp3rHrr""}",1741192292906980096,[object Object],1741192292906980096_29355665
[object Object],2025-03-05 22:01:27,"2025-03-05 22:01:27 | ERROR | {""user_id"": 51, ""product_id"": 1148, ""amount"": 83.89, ""status"": ""failure"", ""random_string"": ""vCFxYeyWch""}",1741192287449526784,[object Object],1741192287449526784_15dbddd5
[object Object],2025-03-05 22:01:25,"2025-03-05 22:01:25 | WARNING | {""user_id"": 73, ""product_id"": 1367, ""amount"": 20.59, ""status"": ""failure"", ""random_string"": ""yZPUgKurzD""}",1741192285627317760,[object Object],1741192285627317760_1091261b
[object Object],2025-03-05 22:01:22,"2025-03-05 22:01:22 | WARNING | {""user_id"": 47, ""product_id"": 1038, ""amount"": 12.69, ""status"": ""failure"", ""random_string"": ""pn7aFlIBsW""}",1741192282871363328,[object Object],1741192282871363328_8171cfe5
[object Object],2025-03-05 22:01:22,"2025-03-05 22:01:22 | ERROR | {""user_id"": 77, ""product_id"": 1628, ""amount"": 23.99, ""status"": ""success"", ""random_string"": ""TDQPFW5eff""}",1741192282144413696,[object Object],1741192282144413696_a89c8787
[object Object],2025-03-05 22:01:19,"2025-03-05 22:01:19 | WARNING | {""user_id"": 85, ""product_id"": 1900, ""amount"": 80.26, ""status"": ""success"", ""random_string"": ""5SLQyrBesr""}",1741192279469007360,[object Object],1741192279469007360_2fd759
[object Object],2025-03-05 22:01:17,"2025-03-05 22:01:17 | INFO | {""user_id"": 39, ""product_id"": 1435, ""amount"": 99.34, ""status"": ""failure"", ""random_string"": ""eVX1lgnI3w""}",1741192277954865920,[object Object],1741192277954865920_a11cb9af
[object Object],2025-03-05 22:01:17,"2025-03-05 22:01:17 | INFO | {""user_id"": 35, ""product_id"": 1655, ""amount"": 81.87, ""status"": ""failure"", ""random_string"": ""ulGvOsIww2""}",1741192277426276096,[object Object],1741192277426276096_f63a9e45
[object Object],2025-03-05 22:01:15,"2025-03-05 22:01:15 | ERROR | {""user_id"": 78, ""product_id"": 1012, ""amount"": 41.71, ""status"": ""pending"", ""random_string"": ""k28OZOtFVb""}",1741192275882304256,[object Object],1741192275882304256_7b76213
[object Object],2025-03-05 22:01:14,"2025-03-05 22:01:14 | INFO | {""user_id"": 92, ""product_id"": 1984, ""amount"": 82.24, ""status"": ""pending"", ""random_string"": ""dadUheBYom""}",1741192274982256384,[object Object],1741192274982256384_8e54041b
[object Object],2025-03-05 22:01:13,"2025-03-05 22:01:13 | WARNING | {""user_id"": 2, ""product_id"": 1984, ""amount"": 96.24, ""status"": ""pending"", ""random_string"": ""OM5yxNXtoJ""}",1741192273441691392,[object Object],1741192273441691392_7b56e425
[object Object],2025-03-05 22:01:10,"2025-03-05 22:01:10 | WARNING | {""user_id"": 71, ""product_id"": 1512, ""amount"": 44.99, ""status"": ""pending"", ""random_string"": ""lb2f5C29Vr""}",1741192270282771712,[object Object],1741192270282771712_887d43db
[object Object],2025-03-05 22:01:06,"2025-03-05 22:01:06 | INFO | {""user_id"": 65, ""product_id"": 1504, ""amount"": 91.82, ""status"": ""success"", ""random_string"": ""JaRGNkgWYU""}",1741192266277667328,[object Object],1741192266277667328_8efc1353
[object Object],2025-03-05 22:01:04,"2025-03-05 22:01:04 | ERROR | {""user_id"": 54, ""product_id"": 1730, ""amount"": 91.93, ""status"": ""success"", ""random_string"": ""wPGtk9uAM3""}",1741192264015610624,[object Object],1741192264015610624_7fe250f
[object Object],2025-03-05 22:01:03,"2025-03-05 22:01:03 | WARNING | {""user_id"": 73, ""product_id"": 1002, ""amount"": 49.54, ""status"": ""failure"", ""random_string"": ""NwsMREsSnb""}",1741192263056446976,[object Object],1741192263056446976_6f43deb7
[object Object],2025-03-05 22:01:01,"2025-03-05 22:01:01 | WARNING | {""user_id"": 65, ""product_id"": 1009, ""amount"": 78.45, ""status"": ""success"", ""random_string"": ""4V2AqNROat""}",1741192261318299904,[object Object],1741192261318299904_5cd2f1c3
[object Object],2025-03-05 22:00:59,"2025-03-05 22:00:59 | ERROR | {""user_id"": 9, ""product_id"": 1592, ""amount"": 50.95, ""status"": ""pending"", ""random_string"": ""24PQx75gO9""}",1741192259447443968,[object Object],1741192259447443968_9eca2151
[object Object],2025-03-05 22:00:56,"2025-03-05 22:00:56 | WARNING | {""user_id"": 68, ""product_id"": 1781, ""amount"": 43.77, ""status"": ""success"", ""random_string"": ""8671jloYt4""}",1741192256916697600,[object Object],1741192256916697600_a2f239c7
[object Object],2025-03-05 22:00:54,"2025-03-05 22:00:54 | ERROR | {""user_id"": 28, ""product_id"": 1229, ""amount"": 54.54, ""status"": ""failure"", ""random_string"": ""CfdFJLdYhq""}",1741192254994368512,[object Object],1741192254994368512_bd555b2f
[object Object],2025-03-05 22:00:49,"2025-03-05 22:00:49 | ERROR | {""user_id"": 78, ""product_id"": 1161, ""amount"": 59.98, ""status"": ""success"", ""random_string"": ""BNUIOZrq7v""}",1741192249719492096,[object Object],1741192249719492096_ca7eb55
[object Object],2025-03-05 22:00:46,"2025-03-05 22:00:46 | ERROR | {""user_id"": 7, ""product_id"": 1844, ""amount"": 30.86, ""status"": ""pending"", ""random_string"": ""zIN7lDHzgf""}",1741192246370098944,[object Object],1741192246370098944_3c1a9adb
[object Object],2025-03-05 22:00:44,"2025-03-05 22:00:44 | WARNING | {""user_id"": 24, ""product_id"": 1662, ""amount"": 80.58, ""status"": ""failure"", ""random_string"": ""P1RWGVf9rl""}",1741192244741576704,[object Object],1741192244741576704_b2a2b2d5
[object Object],2025-03-05 22:00:39,"2025-03-05 22:00:39 | INFO | {""user_id"": 52, ""product_id"": 1458, ""amount"": 73.48, ""status"": ""pending"", ""random_string"": ""lCMcdMequY""}",1741192239878683392,[object Object],1741192239878683392_f2aff033
[object Object],2025-03-05 22:00:38,"2025-03-05 22:00:38 | INFO | {""user_id"": 74, ""product_id"": 1772, ""amount"": 43.81, ""status"": ""pending"", ""random_string"": ""CKnp7JDiye""}",1741192238275517184,[object Object],1741192238275517184_921c8e15
[object Object],2025-03-05 22:00:33,"2025-03-05 22:00:33 | INFO | {""user_id"": 50, ""product_id"": 1032, ""amount"": 14.21, ""status"": ""pending"", ""random_string"": ""tP077xHkF6""}",1741192233995028992,[object Object],1741192233995028992_ff57e64d
[object Object],2025-03-05 22:00:29,"2025-03-05 22:00:29 | INFO | {""user_id"": 96, ""product_id"": 1196, ""amount"": 64.88, ""status"": ""pending"", ""random_string"": ""pWesVowUp3""}",1741192229728224768,[object Object],1741192229728224768_a3a72247
[object Object],2025-03-05 22:00:28,"2025-03-05 22:00:28 | ERROR | {""user_id"": 2, ""product_id"": 1332, ""amount"": 13.57, ""status"": ""failure"", ""random_string"": ""26LvtXtK4u""}",1741192228109594624,[object Object],1741192228109594624_75ceaf1f
[object Object],2025-03-05 22:00:26,"2025-03-05 22:00:26 | INFO | {""user_id"": 19, ""product_id"": 1161, ""amount"": 42.78, ""status"": ""success"", ""random_string"": ""0SpjI2AeCk""}",1741192226954273024,[object Object],1741192226954273024_92753133
[object Object],2025-03-05 22:00:23,"2025-03-05 22:00:23 | ERROR | {""user_id"": 16, ""product_id"": 1716, ""amount"": 81.6, ""status"": ""pending"", ""random_string"": ""jWUrZt7QzH""}",1741192223886694912,[object Object],1741192223886694912_98dcb0c3
[object Object],2025-03-05 22:00:23,"2025-03-05 22:00:23 | WARNING | {""user_id"": 95, ""product_id"": 1935, ""amount"": 14.89, ""status"": ""pending"", ""random_string"": ""bs38CN2GFf""}",1741192223103691520,[object Object],1741192223103691520_6cc3a35f
[object Object],2025-03-05 22:00:21,"2025-03-05 22:00:21 | INFO | {""user_id"": 11, ""product_id"": 1533, ""amount"": 94.31, ""status"": ""pending"", ""random_string"": ""k9mx9pLDHw""}",1741192221906489600,[object Object],1741192221906489600_45e81057
[object Object],2025-03-05 22:00:20,"2025-03-05 22:00:20 | INFO | {""user_id"": 57, ""product_id"": 1907, ""amount"": 66.77, ""status"": ""pending"", ""random_string"": ""UIkTuQVX7z""}",1741192220558343680,[object Object],1741192220558343680_54e524df
[object Object],2025-03-05 22:00:19,"2025-03-05 22:00:19 | WARNING | {""user_id"": 57, ""product_id"": 1961, ""amount"": 45.25, ""status"": ""success"", ""random_string"": ""i5CJWgvQxk""}",1741192219256592384,[object Object],1741192219256592384_73645757
[object Object],2025-03-05 22:00:18,"2025-03-05 22:00:18 | WARNING | {""user_id"": 58, ""product_id"": 1455, ""amount"": 85.32, ""status"": ""success"", ""random_string"": ""WVCxmsrBDa""}",1741192218077547264,[object Object],1741192218077547264_d9dc57e3
[object Object],2025-03-05 22:00:16,"2025-03-05 22:00:16 | ERROR | {""user_id"": 94, ""product_id"": 1866, ""amount"": 81.97, ""status"": ""success"", ""random_string"": ""RqCamnB0M8""}",1741192216623952128,[object Object],1741192216623952128_869e36c5
[object Object],2025-03-05 22:00:14,"2025-03-05 22:00:14 | INFO | {""user_id"": 93, ""product_id"": 1335, ""amount"": 30.3, ""status"": ""failure"", ""random_string"": ""NxN4GyIwxL""}",1741192214955280896,[object Object],1741192214955280896_7e16ae71
[object Object],2025-03-05 22:00:13,"2025-03-05 22:00:13 | INFO | {""user_id"": 49, ""product_id"": 1297, ""amount"": 87.12, ""status"": ""pending"", ""random_string"": ""tJ8TkBPhYi""}",1741192213652610048,[object Object],1741192213652610048_a786e4ad
[object Object],2025-03-05 22:00:12,"2025-03-05 22:00:12 | WARNING | {""user_id"": 28, ""product_id"": 1855, ""amount"": 73.36, ""status"": ""success"", ""random_string"": ""y3sIoH4JZ1""}",1741192212478873600,[object Object],1741192212478873600_d4925547
[object Object],2025-03-05 22:00:04,"2025-03-05 22:00:04 | ERROR | {""user_id"": 75, ""product_id"": 1764, ""amount"": 17.52, ""status"": ""pending"", ""random_string"": ""CDL8j8C1kq""}",1741192204907437824,[object Object],1741192204907437824_ce98023f
[object Object],2025-03-05 22:00:02,"2025-03-05 22:00:02 | ERROR | {""user_id"": 95, ""product_id"": 1001, ""amount"": 92.87, ""status"": ""success"", ""random_string"": ""Ou6z1z2UDV""}",1741192202228901376,[object Object],1741192202228901376_2742b41d
[object Object],2025-03-05 22:00:01,"2025-03-05 22:00:01 | INFO | {""user_id"": 75, ""product_id"": 1179, ""amount"": 21.5, ""status"": ""pending"", ""random_string"": ""d6ARv5MIHw""}",1741192201559371520,[object Object],1741192201559371520_f9eb87e9
[object Object],2025-03-05 21:59:58,"2025-03-05 21:59:58 | INFO | {""user_id"": 81, ""product_id"": 1178, ""amount"": 98.41, ""status"": ""pending"", ""random_string"": ""Bk1E4cAgBq""}",1741192198797131776,[object Object],1741192198797131776_373c5afd
[object Object],2025-03-05 21:59:57,"2025-03-05 21:59:57 | ERROR | {""user_id"": 48, ""product_id"": 1580, ""amount"": 17.77, ""status"": ""pending"", ""random_string"": ""MaT4NHSekr""}",1741192197086059520,[object Object],1741192197086059520_dd8b365f
[object Object],2025-03-05 21:59:53,"2025-03-05 21:59:53 | WARNING | {""user_id"": 40, ""product_id"": 1001, ""amount"": 25.68, ""status"": ""success"", ""random_string"": ""m4GFuGljiY""}",1741192193219835904,[object Object],1741192193219835904_be224729
[object Object],2025-03-05 21:59:50,"2025-03-05 21:59:50 | WARNING | {""user_id"": 25, ""product_id"": 1370, ""amount"": 78.91, ""status"": ""pending"", ""random_string"": ""nokoQM6O7D""}",1741192190088904704,[object Object],1741192190088904704_259893c3
[object Object],2025-03-05 21:59:48,"2025-03-05 21:59:48 | WARNING | {""user_id"": 81, ""product_id"": 1263, ""amount"": 15.01, ""status"": ""success"", ""random_string"": ""L3GmEkyLEe""}",1741192188085128704,[object Object],1741192188085128704_7a5c95df
[object Object],2025-03-05 21:59:46,"2025-03-05 21:59:46 | ERROR | {""user_id"": 21, ""product_id"": 1893, ""amount"": 77.83, ""status"": ""failure"", ""random_string"": ""mOv770xbLB""}",1741192186957934080,[object Object],1741192186957934080_87fda25d
[object Object],2025-03-05 21:59:43,"2025-03-05 21:59:43 | WARNING | {""user_id"": 24, ""product_id"": 1037, ""amount"": 24.54, ""status"": ""pending"", ""random_string"": ""B2Q6NwACzQ""}",1741192183380061440,[object Object],1741192183380061440_88af8bb9
[object Object],2025-03-05 21:59:41,"2025-03-05 21:59:41 | ERROR | {""user_id"": 47, ""product_id"": 1972, ""amount"": 80.7, ""status"": ""success"", ""random_string"": ""XS2FwLUiiY""}",1741192181966030080,[object Object],1741192181966030080_87a58a81
[object Object],2025-03-05 21:59:40,"2025-03-05 21:59:40 | INFO | {""user_id"": 75, ""product_id"": 1399, ""amount"": 44.5, ""status"": ""failure"", ""random_string"": ""pJecVEKF0y""}",1741192180746673152,[object Object],1741192180746673152_a9277beb
[object Object],2025-03-05 21:59:38,"2025-03-05 21:59:38 | INFO | {""user_id"": 56, ""product_id"": 1875, ""amount"": 66.42, ""status"": ""success"", ""random_string"": ""j7Dcwqw6bu""}",1741192178619470336,[object Object],1741192178619470336_b13ca35f
[object Object],2025-03-05 21:59:37,"2025-03-05 21:59:37 | INFO | {""user_id"": 31, ""product_id"": 1478, ""amount"": 16.94, ""status"": ""success"", ""random_string"": ""IRVu1z71BD""}",1741192177666313728,[object Object],1741192177666313728_c9ba7517
[object Object],2025-03-05 21:59:34,"2025-03-05 21:59:34 | ERROR | {""user_id"": 42, ""product_id"": 1718, ""amount"": 53.51, ""status"": ""success"", ""random_string"": ""NBJErobpX7""}",1741192174800756736,[object Object],1741192174800756736_1271138f
[object Object],2025-03-05 21:59:32,"2025-03-05 21:59:32 | WARNING | {""user_id"": 65, ""product_id"": 1371, ""amount"": 62.48, ""status"": ""failure"", ""random_string"": ""s5hJOfp8QO""}",1741192172833555200,[object Object],1741192172833555200_792415f3
[object Object],2025-03-05 21:59:32,"2025-03-05 21:59:32 | WARNING | {""user_id"": 59, ""product_id"": 1501, ""amount"": 84.18, ""status"": ""pending"", ""random_string"": ""zvLoiZtvBf""}",1741192172227865088,[object Object],1741192172227865088_208da02d
[object Object],2025-03-05 21:59:31,"2025-03-05 21:59:31 | INFO | {""user_id"": 94, ""product_id"": 1407, ""amount"": 67.95, ""status"": ""success"", ""random_string"": ""XAZJilUpqf""}",1741192171367356160,[object Object],1741192171367356160_925f7415
[object Object],2025-03-05 21:59:28,"2025-03-05 21:59:28 | ERROR | {""user_id"": 20, ""product_id"": 1806, ""amount"": 93.29, ""status"": ""pending"", ""random_string"": ""t1RVwETU8f""}",1741192168407018240,[object Object],1741192168407018240_697bcfb3
[object Object],2025-03-05 21:59:26,"2025-03-05 21:59:26 | ERROR | {""user_id"": 32, ""product_id"": 1150, ""amount"": 55.07, ""status"": ""failure"", ""random_string"": ""kF99iG7HiO""}",1741192166737412096,[object Object],1741192166737412096_62f55e01
[object Object],2025-03-05 21:59:23,"2025-03-05 21:59:23 | INFO | {""user_id"": 31, ""product_id"": 1773, ""amount"": 75.82, ""status"": ""failure"", ""random_string"": ""cJqFNaTORP""}",1741192163819400192,[object Object],1741192163819400192_a5ddb28d
[object Object],2025-03-05 21:59:17,"2025-03-05 21:59:17 | ERROR | {""user_id"": 96, ""product_id"": 1751, ""amount"": 24.02, ""status"": ""failure"", ""random_string"": ""OKe308hxN3""}",1741192157240130048,[object Object],1741192157240130048_c7d0be89
[object Object],2025-03-05 21:59:16,"2025-03-05 21:59:16 | WARNING | {""user_id"": 6, ""product_id"": 1622, ""amount"": 22.85, ""status"": ""failure"", ""random_string"": ""qnWJ1vy3cC""}",1741192156133487872,[object Object],1741192156133487872_109b22e5
[object Object],2025-03-05 21:59:14,"2025-03-05 21:59:14 | INFO | {""user_id"": 44, ""product_id"": 1191, ""amount"": 85.57, ""status"": ""failure"", ""random_string"": ""N6FUUkNLFH""}",1741192154106340608,[object Object],1741192154106340608_6fd32757
[object Object],2025-03-05 21:59:12,"2025-03-05 21:59:12 | INFO | {""user_id"": 70, ""product_id"": 1605, ""amount"": 32.44, ""status"": ""success"", ""random_string"": ""TbM43Dhk83""}",1741192152940550144,[object Object],1741192152940550144_d414efbb
[object Object],2025-03-05 21:59:10,"2025-03-05 21:59:10 | INFO | {""user_id"": 58, ""product_id"": 1652, ""amount"": 25.58, ""status"": ""success"", ""random_string"": ""IGoUBBJ21K""}",1741192150293935104,[object Object],1741192150293935104_66a5f2e7
[object Object],2025-03-05 21:59:09,"2025-03-05 21:59:09 | INFO | {""user_id"": 54, ""product_id"": 1618, ""amount"": 47.1, ""status"": ""pending"", ""random_string"": ""nlCfgy7SXb""}",1741192149125533440,[object Object],1741192149125533440_6147fd0d
[object Object],2025-03-05 22:07:50,"2025-03-05 22:07:50 | INFO | {""user_id"": 6, ""product_id"": 1906, ""amount"": 81.87, ""status"": ""failure"", ""random_string"": ""JBy4QfypBW""}",1741192670231066112,[object Object],1741192670231066112_b52d4def
[object Object],2025-03-05 22:07:48,"2025-03-05 22:07:48 | ERROR | {""user_id"": 23, ""product_id"": 1143, ""amount"": 89.64, ""status"": ""success"", ""random_string"": ""tzeHhPSsNu""}",1741192668391515648,[object Object],1741192668391515648_f8eb58f1
[object Object],2025-03-05 22:07:45,"2025-03-05 22:07:45 | INFO | {""user_id"": 60, ""product_id"": 1491, ""amount"": 62.92, ""status"": ""success"", ""random_string"": ""jQNYPdTE8a""}",1741192665186952704,[object Object],1741192665186952704_7969b7f9
[object Object],2025-03-05 22:07:43,"2025-03-05 22:07:43 | WARNING | {""user_id"": 64, ""product_id"": 1100, ""amount"": 37.58, ""status"": ""pending"", ""random_string"": ""3rmUahghfo""}",1741192663917617152,[object Object],1741192663917617152_17a8c72b
[object Object],2025-03-05 22:07:35,"2025-03-05 22:07:35 | WARNING | {""user_id"": 72, ""product_id"": 1163, ""amount"": 95.32, ""status"": ""failure"", ""random_string"": ""htFn4lavkA""}",1741192655121359104,[object Object],1741192655121359104_721e980d
[object Object],2025-03-05 22:07:32,"2025-03-05 22:07:32 | INFO | {""user_id"": 30, ""product_id"": 1282, ""amount"": 79.05, ""status"": ""success"", ""random_string"": ""FOvDQQsljm""}",1741192652737463296,[object Object],1741192652737463296_f2c83ff
[object Object],2025-03-05 22:07:29,"2025-03-05 22:07:29 | ERROR | {""user_id"": 73, ""product_id"": 1085, ""amount"": 85.62, ""status"": ""success"", ""random_string"": ""pRRc9WqBiC""}",1741192649093402368,[object Object],1741192649093402368_853010bf
[object Object],2025-03-05 22:07:28,"2025-03-05 22:07:28 | INFO | {""user_id"": 15, ""product_id"": 1432, ""amount"": 34.65, ""status"": ""failure"", ""random_string"": ""Ke1UzZCTjZ""}",1741192648557250048,[object Object],1741192648557250048_16369d13
[object Object],2025-03-05 22:07:14,"2025-03-05 22:07:14 | WARNING | {""user_id"": 43, ""product_id"": 1584, ""amount"": 99.13, ""status"": ""pending"", ""random_string"": ""8y4Ny2DwCj""}",1741192634137762304,[object Object],1741192634137762304_68731b3
[object Object],2025-03-05 22:07:12,"2025-03-05 22:07:12 | INFO | {""user_id"": 97, ""product_id"": 1742, ""amount"": 33.52, ""status"": ""pending"", ""random_string"": ""KbnIyIjvwR""}",1741192632005423616,[object Object],1741192632005423616_c177e333
[object Object],2025-03-05 22:07:04,"2025-03-05 22:07:04 | ERROR | {""user_id"": 91, ""product_id"": 1248, ""amount"": 11.04, ""status"": ""success"", ""random_string"": ""nPAkZET6hx""}",1741192624348575488,[object Object],1741192624348575488_bbe2cd81
[object Object],2025-03-05 22:07:03,"2025-03-05 22:07:03 | ERROR | {""user_id"": 94, ""product_id"": 1835, ""amount"": 63.95, ""status"": ""failure"", ""random_string"": ""p6rppawuri""}",1741192623161355520,[object Object],1741192623161355520_9bd6d4d7
[object Object],2025-03-05 22:07:00,"2025-03-05 22:07:00 | ERROR | {""user_id"": 98, ""product_id"": 1279, ""amount"": 19.96, ""status"": ""success"", ""random_string"": ""W48KHmkAcK""}",1741192620647099136,[object Object],1741192620647099136_783c122d
[object Object],2025-03-05 22:06:59,"2025-03-05 22:06:59 | INFO | {""user_id"": 68, ""product_id"": 1413, ""amount"": 39.85, ""status"": ""success"", ""random_string"": ""0iRir1lspc""}",1741192619503952640,[object Object],1741192619503952640_70f7dbef
[object Object],2025-03-05 22:06:56,"2025-03-05 22:06:56 | ERROR | {""user_id"": 32, ""product_id"": 1386, ""amount"": 78.76, ""status"": ""pending"", ""random_string"": ""3qPZJRjm7F""}",1741192616636610304,[object Object],1741192616636610304_70b44da1
[object Object],2025-03-05 22:06:55,"2025-03-05 22:06:55 | WARNING | {""user_id"": 12, ""product_id"": 1041, ""amount"": 29.42, ""status"": ""success"", ""random_string"": ""YZcnhbVnTU""}",1741192615287519232,[object Object],1741192615287519232_fe7a7121
[object Object],2025-03-05 22:06:50,"2025-03-05 22:06:50 | INFO | {""user_id"": 5, ""product_id"": 1762, ""amount"": 52.75, ""status"": ""failure"", ""random_string"": ""3PJWqLbufg""}",1741192610598293504,[object Object],1741192610598293504_45e9fb29
[object Object],2025-03-05 22:06:46,"2025-03-05 22:06:46 | WARNING | {""user_id"": 17, ""product_id"": 1588, ""amount"": 49.66, ""status"": ""failure"", ""random_string"": ""WLAlO2btVH""}",1741192606938526720,[object Object],1741192606938526720_f123dab
[object Object],2025-03-05 22:06:45,"2025-03-05 22:06:45 | WARNING | {""user_id"": 99, ""product_id"": 1563, ""amount"": 67.65, ""status"": ""failure"", ""random_string"": ""YiFnlwQ4ZC""}",1741192605676252160,[object Object],1741192605676252160_cfd38585
[object Object],2025-03-05 22:06:41,"2025-03-05 22:06:41 | INFO | {""user_id"": 84, ""product_id"": 1425, ""amount"": 34.14, ""status"": ""pending"", ""random_string"": ""FanupfAKhK""}",1741192601498015744,[object Object],1741192601498015744_9391aa95
[object Object],2025-03-05 22:06:40,"2025-03-05 22:06:40 | WARNING | {""user_id"": 41, ""product_id"": 1925, ""amount"": 68.7, ""status"": ""pending"", ""random_string"": ""MvIBvlcMYC""}",1741192600176846080,[object Object],1741192600176846080_a542ec23
[object Object],2025-03-05 22:06:38,"2025-03-05 22:06:38 | WARNING | {""user_id"": 38, ""product_id"": 1724, ""amount"": 96.05, ""status"": ""success"", ""random_string"": ""FVhCEbnaxC""}",1741192598634320384,[object Object],1741192598634320384_8808cb95
[object Object],2025-03-05 22:06:37,"2025-03-05 22:06:37 | ERROR | {""user_id"": 87, ""product_id"": 1943, ""amount"": 60.25, ""status"": ""success"", ""random_string"": ""4qjLqrfc3x""}",1741192597756207616,[object Object],1741192597756207616_fbc389c7
[object Object],2025-03-05 22:06:33,"2025-03-05 22:06:33 | ERROR | {""user_id"": 55, ""product_id"": 1675, ""amount"": 19.75, ""status"": ""pending"", ""random_string"": ""FufnLopM42""}",1741192593179243776,[object Object],1741192593179243776_48f8624f
[object Object],2025-03-05 22:06:32,"2025-03-05 22:06:32 | ERROR | {""user_id"": 24, ""product_id"": 1239, ""amount"": 30.8, ""status"": ""success"", ""random_string"": ""sdGRwBda2P""}",1741192592042153472,[object Object],1741192592042153472_1430aa7d
[object Object],2025-03-05 22:06:29,"2025-03-05 22:06:29 | ERROR | {""user_id"": 56, ""product_id"": 1420, ""amount"": 49.73, ""status"": ""failure"", ""random_string"": ""SzCJf892gG""}",1741192589858091776,[object Object],1741192589858091776_af8a58b5
[object Object],2025-03-05 22:06:28,"2025-03-05 22:06:28 | WARNING | {""user_id"": 86, ""product_id"": 1704, ""amount"": 91.6, ""status"": ""pending"", ""random_string"": ""AZRy6mpDYG""}",1741192588817962240,[object Object],1741192588817962240_6b9da59
[object Object],2025-03-05 22:06:26,"2025-03-05 22:06:26 | WARNING | {""user_id"": 98, ""product_id"": 1990, ""amount"": 44.53, ""status"": ""success"", ""random_string"": ""hf0ThbDBRW""}",1741192586543212032,[object Object],1741192586543212032_ec3a970d
[object Object],2025-03-05 22:06:21,"2025-03-05 22:06:21 | WARNING | {""user_id"": 86, ""product_id"": 1790, ""amount"": 80.94, ""status"": ""pending"", ""random_string"": ""U5xoLQBg3e""}",1741192581866810880,[object Object],1741192581866810880_d6f58c3f
[object Object],2025-03-05 22:06:16,"2025-03-05 22:06:16 | INFO | {""user_id"": 34, ""product_id"": 1683, ""amount"": 10.34, ""status"": ""pending"", ""random_string"": ""S4awJT5NqN""}",1741192576815857152,[object Object],1741192576815857152_5d940851
[object Object],2025-03-05 22:06:13,"2025-03-05 22:06:13 | ERROR | {""user_id"": 73, ""product_id"": 1198, ""amount"": 16.41, ""status"": ""failure"", ""random_string"": ""ziEg1Wv28S""}",1741192573761083392,[object Object],1741192573761083392_4a23f7f7
[object Object],2025-03-05 22:06:13,"2025-03-05 22:06:13 | ERROR | {""user_id"": 25, ""product_id"": 1491, ""amount"": 31.28, ""status"": ""pending"", ""random_string"": ""ojY9yJF4lc""}",1741192573080766464,[object Object],1741192573080766464_977ffaf9
[object Object],2025-03-05 22:06:12,"2025-03-05 22:06:12 | WARNING | {""user_id"": 85, ""product_id"": 1020, ""amount"": 98.71, ""status"": ""failure"", ""random_string"": ""LEjyEssNF8""}",1741192572277264384,[object Object],1741192572277264384_824666a1
[object Object],2025-03-05 22:06:10,"2025-03-05 22:06:10 | WARNING | {""user_id"": 35, ""product_id"": 1935, ""amount"": 77.38, ""status"": ""failure"", ""random_string"": ""wCVlt5YBop""}",1741192570937106688,[object Object],1741192570937106688_f13dd8f5
[object Object],2025-03-05 22:06:08,"2025-03-05 22:06:08 | INFO | {""user_id"": 95, ""product_id"": 1865, ""amount"": 79.8, ""status"": ""failure"", ""random_string"": ""8lRF1n853d""}",1741192568263461376,[object Object],1741192568263461376_e284b413
[object Object],2025-03-05 22:06:07,"2025-03-05 22:06:07 | ERROR | {""user_id"": 61, ""product_id"": 1736, ""amount"": 17.16, ""status"": ""failure"", ""random_string"": ""VT29eCM25R""}",1741192567677310208,[object Object],1741192567677310208_5e98ed35
[object Object],2025-03-05 22:06:06,"2025-03-05 22:06:06 | WARNING | {""user_id"": 4, ""product_id"": 1835, ""amount"": 19.86, ""status"": ""success"", ""random_string"": ""rZAiIuPwTQ""}",1741192566416170752,[object Object],1741192566416170752_2282b09b
[object Object],2025-03-05 22:06:04,"2025-03-05 22:06:04 | INFO | {""user_id"": 7, ""product_id"": 1564, ""amount"": 76.52, ""status"": ""success"", ""random_string"": ""2hnflXM7jN""}",1741192564869092352,[object Object],1741192564869092352_96a016d9
[object Object],2025-03-05 22:06:03,"2025-03-05 22:06:03 | WARNING | {""user_id"": 88, ""product_id"": 1920, ""amount"": 12.06, ""status"": ""failure"", ""random_string"": ""3olHUlpih5""}",1741192563242774528,[object Object],1741192563242774528_27a31bcd
[object Object],2025-03-05 22:05:57,"2025-03-05 22:05:57 | ERROR | {""user_id"": 71, ""product_id"": 1788, ""amount"": 32.75, ""status"": ""failure"", ""random_string"": ""W8SPTJsw4o""}",1741192557334951168,[object Object],1741192557334951168_ef75a3f9
[object Object],2025-03-05 22:05:55,"2025-03-05 22:05:55 | WARNING | {""user_id"": 41, ""product_id"": 1057, ""amount"": 25.32, ""status"": ""pending"", ""random_string"": ""CKGew7dnpF""}",1741192555635017984,[object Object],1741192555635017984_8bcfb9cb
[object Object],2025-03-05 22:05:52,"2025-03-05 22:05:52 | WARNING | {""user_id"": 77, ""product_id"": 1298, ""amount"": 29.45, ""status"": ""failure"", ""random_string"": ""BQgwKFU3NV""}",1741192552042087424,[object Object],1741192552042087424_4538ed6d
[object Object],2025-03-05 22:05:50,"2025-03-05 22:05:50 | ERROR | {""user_id"": 10, ""product_id"": 1209, ""amount"": 69.47, ""status"": ""failure"", ""random_string"": ""hnDpRMQDme""}",1741192550294239744,[object Object],1741192550294239744_630cc483
[object Object],2025-03-05 22:05:48,"2025-03-05 22:05:48 | ERROR | {""user_id"": 47, ""product_id"": 1550, ""amount"": 24.98, ""status"": ""success"", ""random_string"": ""k6IQ2jrEix""}",1741192548787326976,[object Object],1741192548787326976_87a99d2d
[object Object],2025-03-05 22:05:46,"2025-03-05 22:05:46 | ERROR | {""user_id"": 38, ""product_id"": 1007, ""amount"": 17.29, ""status"": ""failure"", ""random_string"": ""wfWwIfe9lX""}",1741192546871660288,[object Object],1741192546871660288_ef18baab
[object Object],2025-03-05 22:05:43,"2025-03-05 22:05:43 | ERROR | {""user_id"": 80, ""product_id"": 1794, ""amount"": 10.1, ""status"": ""pending"", ""random_string"": ""isY40uGQiy""}",1741192543050500864,[object Object],1741192543050500864_1e8d78f7
[object Object],2025-03-05 22:05:40,"2025-03-05 22:05:40 | INFO | {""user_id"": 19, ""product_id"": 1587, ""amount"": 77.31, ""status"": ""success"", ""random_string"": ""opgZYb1kIy""}",1741192540051625728,[object Object],1741192540051625728_934f98d1
[object Object],2025-03-05 22:05:38,"2025-03-05 22:05:38 | INFO | {""user_id"": 85, ""product_id"": 1041, ""amount"": 10.23, ""status"": ""pending"", ""random_string"": ""zacOHTWOsx""}",1741192538482345216,[object Object],1741192538482345216_6f53a201
[object Object],2025-03-05 22:05:36,"2025-03-05 22:05:36 | WARNING | {""user_id"": 21, ""product_id"": 1929, ""amount"": 17.12, ""status"": ""success"", ""random_string"": ""LRAtup5sHa""}",1741192536717651968,[object Object],1741192536717651968_6d34d5f7
[object Object],2025-03-05 22:05:32,"2025-03-05 22:05:32 | INFO | {""user_id"": 7, ""product_id"": 1384, ""amount"": 28.3, ""status"": ""pending"", ""random_string"": ""Mx49vl5gJw""}",1741192532310724608,[object Object],1741192532310724608_4d8f04b3
[object Object],2025-03-05 22:05:30,"2025-03-05 22:05:30 | ERROR | {""user_id"": 31, ""product_id"": 1998, ""amount"": 39.44, ""status"": ""pending"", ""random_string"": ""MQIilnnFrz""}",1741192530579454976,[object Object],1741192530579454976_7b189243
[object Object],2025-03-05 22:05:26,"2025-03-05 22:05:26 | ERROR | {""user_id"": 49, ""product_id"": 1265, ""amount"": 38.0, ""status"": ""pending"", ""random_string"": ""4CXHQPwDRC""}",1741192526033019904,[object Object],1741192526033019904_7958e62d
[object Object],2025-03-05 22:05:25,"2025-03-05 22:05:25 | INFO | {""user_id"": 75, ""product_id"": 1591, ""amount"": 88.45, ""status"": ""failure"", ""random_string"": ""DhxqyQNIBF""}",1741192525426971392,[object Object],1741192525426971392_2c92143f
[object Object],2025-03-05 22:05:24,"2025-03-05 22:05:24 | WARNING | {""user_id"": 9, ""product_id"": 1814, ""amount"": 67.01, ""status"": ""pending"", ""random_string"": ""xR8oWy8R4w""}",1741192524573185280,[object Object],1741192524573185280_124bd2f1
[object Object],2025-03-05 22:05:23,"2025-03-05 22:05:23 | ERROR | {""user_id"": 61, ""product_id"": 1224, ""amount"": 67.34, ""status"": ""pending"", ""random_string"": ""wWDRDrXkf6""}",1741192523200393984,[object Object],1741192523200393984_68ede5bd
[object Object],2025-03-05 22:05:17,"2025-03-05 22:05:17 | ERROR | {""user_id"": 95, ""product_id"": 1414, ""amount"": 25.83, ""status"": ""failure"", ""random_string"": ""uBsrybWy3N""}",1741192517283734784,[object Object],1741192517283734784_aa5a7cdb
[object Object],2025-03-05 22:05:15,"2025-03-05 22:05:15 | ERROR | {""user_id"": 70, ""product_id"": 1557, ""amount"": 82.3, ""status"": ""success"", ""random_string"": ""SaeKCJShUW""}",1741192515937957120,[object Object],1741192515937957120_4bb1b7a5
[object Object],2025-03-05 22:05:14,"2025-03-05 22:05:14 | WARNING | {""user_id"": 92, ""product_id"": 1249, ""amount"": 89.09, ""status"": ""failure"", ""random_string"": ""dnVJhzVzKA""}",1741192514715636480,[object Object],1741192514715636480_2a1e4afb
[object Object],2025-03-05 22:05:12,"2025-03-05 22:05:12 | ERROR | {""user_id"": 7, ""product_id"": 1017, ""amount"": 34.49, ""status"": ""success"", ""random_string"": ""Z09eVjlfvM""}",1741192512222354432,[object Object],1741192512222354432_1b7547f5
[object Object],2025-03-05 22:05:07,"2025-03-05 22:05:07 | ERROR | {""user_id"": 52, ""product_id"": 1008, ""amount"": 51.35, ""status"": ""failure"", ""random_string"": ""nhBQltlPvE""}",1741192507625482240,[object Object],1741192507625482240_3e46501
[object Object],2025-03-05 22:05:06,"2025-03-05 22:05:06 | WARNING | {""user_id"": 24, ""product_id"": 1421, ""amount"": 34.67, ""status"": ""success"", ""random_string"": ""1wY2Vm1gKv""}",1741192506913541120,[object Object],1741192506913541120_b8479e43
[object Object],2025-03-05 22:05:05,"2025-03-05 22:05:05 | INFO | {""user_id"": 95, ""product_id"": 1521, ""amount"": 60.37, ""status"": ""success"", ""random_string"": ""XtTJ3lNmRI""}",1741192505631094016,[object Object],1741192505631094016_3ba5134f
[object Object],2025-03-05 22:04:57,"2025-03-05 22:04:57 | INFO | {""user_id"": 2, ""product_id"": 1546, ""amount"": 31.05, ""status"": ""failure"", ""random_string"": ""b1pnSE757E""}",1741192497203351808,[object Object],1741192497203351808_8d52c4a5
[object Object],2025-03-05 22:04:55,"2025-03-05 22:04:55 | ERROR | {""user_id"": 27, ""product_id"": 1415, ""amount"": 14.83, ""status"": ""success"", ""random_string"": ""LcyPflbHH6""}",1741192495287020288,[object Object],1741192495287020288_f78b26d5
[object Object],2025-03-05 22:04:51,"2025-03-05 22:04:51 | WARNING | {""user_id"": 26, ""product_id"": 1690, ""amount"": 32.17, ""status"": ""pending"", ""random_string"": ""6cO1n7jwsn""}",1741192491847610112,[object Object],1741192491847610112_cd53c673
[object Object],2025-03-05 22:04:50,"2025-03-05 22:04:50 | INFO | {""user_id"": 8, ""product_id"": 1080, ""amount"": 33.46, ""status"": ""success"", ""random_string"": ""qOMJ4R6fqd""}",1741192490158704896,[object Object],1741192490158704896_db7c41c3
[object Object],2025-03-05 22:04:48,"2025-03-05 22:04:48 | ERROR | {""user_id"": 43, ""product_id"": 1268, ""amount"": 43.11, ""status"": ""success"", ""random_string"": ""mDHwoiHG5x""}",1741192488774917376,[object Object],1741192488774917376_1a356b13
[object Object],2025-03-05 22:04:47,"2025-03-05 22:04:47 | WARNING | {""user_id"": 57, ""product_id"": 1004, ""amount"": 93.18, ""status"": ""success"", ""random_string"": ""a3fEdTZkWh""}",1741192487148790272,[object Object],1741192487148790272_cdbfd8c7
[object Object],2025-03-05 22:04:45,"2025-03-05 22:04:45 | ERROR | {""user_id"": 40, ""product_id"": 1615, ""amount"": 90.04, ""status"": ""failure"", ""random_string"": ""ArrPWVCcmV""}",1741192485166679040,[object Object],1741192485166679040_5d3765b7
[object Object],2025-03-05 22:04:44,"2025-03-05 22:04:44 | INFO | {""user_id"": 97, ""product_id"": 1546, ""amount"": 24.28, ""status"": ""success"", ""random_string"": ""ad9Hlj10IO""}",1741192484547964928,[object Object],1741192484547964928_28d9d013
[object Object],2025-03-05 22:04:42,"2025-03-05 22:04:42 | INFO | {""user_id"": 4, ""product_id"": 1560, ""amount"": 89.32, ""status"": ""failure"", ""random_string"": ""WnakRLF59a""}",1741192482429410304,[object Object],1741192482429410304_acb43cdb
[object Object],2025-03-05 22:04:38,"2025-03-05 22:04:38 | INFO | {""user_id"": 3, ""product_id"": 1484, ""amount"": 87.08, ""status"": ""success"", ""random_string"": ""YilQgwjOFB""}",1741192478069292032,[object Object],1741192478069292032_93b7e67b
[object Object],2025-03-05 22:04:37,"2025-03-05 22:04:37 | ERROR | {""user_id"": 19, ""product_id"": 1970, ""amount"": 28.82, ""status"": ""success"", ""random_string"": ""7FMRyu3VhY""}",1741192477399469568,[object Object],1741192477399469568_8db2128b
[object Object],2025-03-05 22:04:29,"2025-03-05 22:04:29 | ERROR | {""user_id"": 20, ""product_id"": 1862, ""amount"": 74.8, ""status"": ""success"", ""random_string"": ""lSVSBSgwMm""}",1741192469959889920,[object Object],1741192469959889920_b9b1d5f7
[object Object],2025-03-05 22:04:28,"2025-03-05 22:04:28 | WARNING | {""user_id"": 56, ""product_id"": 1036, ""amount"": 57.45, ""status"": ""success"", ""random_string"": ""AcYh9lqU9w""}",1741192468462440448,[object Object],1741192468462440448_4896200d
[object Object],2025-03-05 22:04:24,"2025-03-05 22:04:24 | WARNING | {""user_id"": 43, ""product_id"": 1892, ""amount"": 39.03, ""status"": ""failure"", ""random_string"": ""e5yGQL76UF""}",1741192464366978304,[object Object],1741192464366978304_6f3fb171
[object Object],2025-03-05 22:04:21,"2025-03-05 22:04:21 | ERROR | {""user_id"": 46, ""product_id"": 1688, ""amount"": 47.84, ""status"": ""success"", ""random_string"": ""u7lCFH8h5G""}",1741192461770294272,[object Object],1741192461770294272_6ff8817f
[object Object],2025-03-05 22:04:20,"2025-03-05 22:04:20 | INFO | {""user_id"": 24, ""product_id"": 1587, ""amount"": 42.32, ""status"": ""success"", ""random_string"": ""S4cnkbJXbA""}",1741192460901835264,[object Object],1741192460901835264_dec09979
[object Object],2025-03-05 22:04:17,"2025-03-05 22:04:17 | WARNING | {""user_id"": 89, ""product_id"": 1305, ""amount"": 94.4, ""status"": ""pending"", ""random_string"": ""8j1BVzZlxO""}",1741192457398469376,[object Object],1741192457398469376_936a2b0f
[object Object],2025-03-05 22:04:11,"2025-03-05 22:04:11 | WARNING | {""user_id"": 51, ""product_id"": 1970, ""amount"": 74.7, ""status"": ""pending"", ""random_string"": ""aR9TcqCClP""}",1741192451485366784,[object Object],1741192451485366784_82bda1c3
[object Object],2025-03-05 22:04:10,"2025-03-05 22:04:10 | INFO | {""user_id"": 3, ""product_id"": 1264, ""amount"": 19.04, ""status"": ""failure"", ""random_string"": ""utwuAkxvgf""}",1741192450748193536,[object Object],1741192450748193536_4eba7eb1
[object Object],2025-03-05 22:04:08,"2025-03-05 22:04:08 | ERROR | {""user_id"": 71, ""product_id"": 1340, ""amount"": 32.07, ""status"": ""failure"", ""random_string"": ""dWVV0bjUE0""}",1741192448784985856,[object Object],1741192448784985856_45c83441
[object Object],2025-03-05 22:04:08,"2025-03-05 22:04:08 | INFO | {""user_id"": 97, ""product_id"": 1796, ""amount"": 94.45, ""status"": ""success"", ""random_string"": ""HB89CZZvfA""}",1741192448011419392,[object Object],1741192448011419392_911386a7
[object Object],2025-03-05 22:04:03,"2025-03-05 22:04:03 | INFO | {""user_id"": 75, ""product_id"": 1127, ""amount"": 94.62, ""status"": ""pending"", ""random_string"": ""Fart50BUHr""}",1741192443559933952,[object Object],1741192443559933952_c4c75341
[object Object],2025-03-05 22:04:01,"2025-03-05 22:04:01 | WARNING | {""user_id"": 22, ""product_id"": 1101, ""amount"": 20.9, ""status"": ""pending"", ""random_string"": ""46ezM0TTSS""}",1741192441094262272,[object Object],1741192441094262272_70ff249
[object Object],2025-03-05 22:03:56,"2025-03-05 22:03:56 | INFO | {""user_id"": 35, ""product_id"": 1137, ""amount"": 53.68, ""status"": ""pending"", ""random_string"": ""LuRnkvVH8X""}",1741192436973814016,[object Object],1741192436973814016_297463e5
[object Object],2025-03-05 22:03:56,"2025-03-05 22:03:56 | WARNING | {""user_id"": 44, ""product_id"": 1991, ""amount"": 25.87, ""status"": ""success"", ""random_string"": ""fnOWHoUC0G""}",1741192436092543488,[object Object],1741192436092543488_34e84edd
[object Object],2025-03-05 22:03:54,"2025-03-05 22:03:54 | INFO | {""user_id"": 31, ""product_id"": 1631, ""amount"": 66.44, ""status"": ""failure"", ""random_string"": ""h6P1TOhi3a""}",1741192434955185664,[object Object],1741192434955185664_51d88c15
[object Object],2025-03-05 22:03:53,"2025-03-05 22:03:53 | WARNING | {""user_id"": 8, ""product_id"": 1729, ""amount"": 93.63, ""status"": ""failure"", ""random_string"": ""2rZYEvMrDZ""}",1741192433638977024,[object Object],1741192433638977024_7154d65d
[object Object],2025-03-05 22:03:50,"2025-03-05 22:03:50 | INFO | {""user_id"": 20, ""product_id"": 1150, ""amount"": 87.46, ""status"": ""failure"", ""random_string"": ""MjHUALSzTc""}",1741192430304697600,[object Object],1741192430304697600_bed5d7b9
[object Object],2025-03-05 22:03:46,"2025-03-05 22:03:46 | ERROR | {""user_id"": 55, ""product_id"": 1500, ""amount"": 31.63, ""status"": ""failure"", ""random_string"": ""gYJlscMVBc""}",1741192426799189760,[object Object],1741192426799189760_e6dfa351
[object Object],2025-03-05 22:03:43,"2025-03-05 22:03:43 | INFO | {""user_id"": 47, ""product_id"": 1493, ""amount"": 53.94, ""status"": ""pending"", ""random_string"": ""dwAbnzWMUh""}",1741192423975580160,[object Object],1741192423975580160_c268940b
[object Object],2025-03-05 22:03:42,"2025-03-05 22:03:42 | WARNING | {""user_id"": 2, ""product_id"": 1411, ""amount"": 72.66, ""status"": ""failure"", ""random_string"": ""OUTRms85ZX""}",1741192422477342208,[object Object],1741192422477342208_48317b01
[object Object],2025-03-05 22:03:40,"2025-03-05 22:03:40 | ERROR | {""user_id"": 93, ""product_id"": 1635, ""amount"": 22.88, ""status"": ""pending"", ""random_string"": ""dRJFX0o04j""}",1741192420815974144,[object Object],1741192420815974144_327e0f41
[object Object],2025-03-05 22:03:38,"2025-03-05 22:03:38 | ERROR | {""user_id"": 41, ""product_id"": 1689, ""amount"": 59.67, ""status"": ""success"", ""random_string"": ""YV1SOmdJRM""}",1741192418399082240,[object Object],1741192418399082240_69547e5d
[object Object],2025-03-05 22:03:37,"2025-03-05 22:03:37 | WARNING | {""user_id"": 92, ""product_id"": 1838, ""amount"": 38.57, ""status"": ""success"", ""random_string"": ""nqr4VSnY6W""}",1741192417754870528,[object Object],1741192417754870528_7c65212b
[object Object],2025-03-05 22:03:35,"2025-03-05 22:03:35 | INFO | {""user_id"": 48, ""product_id"": 1896, ""amount"": 41.86, ""status"": ""failure"", ""random_string"": ""0evNmN7dOE""}",1741192415965477120,[object Object],1741192415965477120_5acfa5eb
[object Object],2025-03-05 22:03:33,"2025-03-05 22:03:33 | INFO | {""user_id"": 32, ""product_id"": 1657, ""amount"": 87.09, ""status"": ""failure"", ""random_string"": ""58pfYzrccW""}",1741192413940054528,[object Object],1741192413940054528_d2f636bf
[object Object],2025-03-05 22:03:32,"2025-03-05 22:03:32 | WARNING | {""user_id"": 78, ""product_id"": 1652, ""amount"": 29.69, ""status"": ""pending"", ""random_string"": ""gItclUVoba""}",1741192412907273728,[object Object],1741192412907273728_8c8f7057
[object Object],2025-03-05 22:03:30,"2025-03-05 22:03:30 | ERROR | {""user_id"": 81, ""product_id"": 1864, ""amount"": 91.8, ""status"": ""pending"", ""random_string"": ""48SNbr84lZ""}",1741192410922401792,[object Object],1741192410922401792_5b0298d9
[object Object],2025-03-05 22:03:28,"2025-03-05 22:03:28 | INFO | {""user_id"": 35, ""product_id"": 1621, ""amount"": 82.77, ""status"": ""pending"", ""random_string"": ""3QOBMob3oq""}",1741192408273559808,[object Object],1741192408273559808_9a2aca13
[object Object],2025-03-05 22:03:27,"2025-03-05 22:03:27 | WARNING | {""user_id"": 19, ""product_id"": 1563, ""amount"": 54.53, ""status"": ""failure"", ""random_string"": ""IOh6rDF8p4""}",1741192407454302464,[object Object],1741192407454302464_ac217a5d
[object Object],2025-03-05 22:03:25,"2025-03-05 22:03:25 | ERROR | {""user_id"": 50, ""product_id"": 1907, ""amount"": 29.58, ""status"": ""failure"", ""random_string"": ""RYEEIOd7lk""}",1741192405574292480,[object Object],1741192405574292480_1fba437d
[object Object],2025-03-05 22:03:24,"2025-03-05 22:03:24 | ERROR | {""user_id"": 15, ""product_id"": 1418, ""amount"": 87.06, ""status"": ""pending"", ""random_string"": ""j3jRo7Cfkt""}",1741192404277120768,[object Object],1741192404277120768_19f21d55
[object Object],2025-03-05 22:03:22,"2025-03-05 22:03:22 | WARNING | {""user_id"": 48, ""product_id"": 1789, ""amount"": 59.46, ""status"": ""success"", ""random_string"": ""fcSlmhpjkZ""}",1741192402332243200,[object Object],1741192402332243200_c9a574ed
[object Object],2025-03-05 22:03:20,"2025-03-05 22:03:20 | WARNING | {""user_id"": 9, ""product_id"": 1009, ""amount"": 42.22, ""status"": ""failure"", ""random_string"": ""MyBUC8wnIT""}",1741192400645195264,[object Object],1741192400645195264_4022cc4f
[object Object],2025-03-05 22:03:15,"2025-03-05 22:03:15 | WARNING | {""user_id"": 25, ""product_id"": 1232, ""amount"": 71.44, ""status"": ""success"", ""random_string"": ""aBYnXR19rr""}",1741192395419936000,[object Object],1741192395419936000_ef2f88d
[object Object],2025-03-05 22:03:11,"2025-03-05 22:03:11 | ERROR | {""user_id"": 21, ""product_id"": 1807, ""amount"": 52.83, ""status"": ""success"", ""random_string"": ""QqkWYLKhj8""}",1741192391302300928,[object Object],1741192391302300928_7ecd249d
[object Object],2025-03-05 22:03:08,"2025-03-05 22:03:08 | WARNING | {""user_id"": 72, ""product_id"": 1143, ""amount"": 55.22, ""status"": ""failure"", ""random_string"": ""pC6gdFeFGT""}",1741192388715532288,[object Object],1741192388715532288_5eea1edf
[object Object],2025-03-05 22:03:08,"2025-03-05 22:03:08 | INFO | {""user_id"": 22, ""product_id"": 1052, ""amount"": 77.09, ""status"": ""pending"", ""random_string"": ""9xKUb2L4ty""}",1741192388020758016,[object Object],1741192388020758016_555bd633
[object Object],2025-03-05 22:03:05,"2025-03-05 22:03:05 | ERROR | {""user_id"": 78, ""product_id"": 1977, ""amount"": 88.59, ""status"": ""pending"", ""random_string"": ""DBUty3V4So""}",1741192385482007040,[object Object],1741192385482007040_31e4aa43
[object Object],2025-03-05 22:03:04,"2025-03-05 22:03:04 | INFO | {""user_id"": 16, ""product_id"": 1053, ""amount"": 87.62, ""status"": ""pending"", ""random_string"": ""mVu7Q19Rg4""}",1741192384282434560,[object Object],1741192384282434560_624149bd
[object Object],2025-03-05 22:03:00,"2025-03-05 22:03:00 | WARNING | {""user_id"": 66, ""product_id"": 1760, ""amount"": 34.75, ""status"": ""failure"", ""random_string"": ""FiQP07Dopl""}",1741192380586773248,[object Object],1741192380586773248_ddf586f5
[object Object],2025-03-05 22:02:59,"2025-03-05 22:02:59 | WARNING | {""user_id"": 90, ""product_id"": 1815, ""amount"": 45.0, ""status"": ""failure"", ""random_string"": ""5a3r7smx5z""}",1741192379756024576,[object Object],1741192379756024576_5143adc3
[object Object],2025-03-05 22:02:50,"2025-03-05 22:02:50 | ERROR | {""user_id"": 27, ""product_id"": 1333, ""amount"": 62.66, ""status"": ""success"", ""random_string"": ""CE4uVf2Uy8""}",1741192370303997696,[object Object],1741192370303997696_20b868f1
[object Object],2025-03-05 22:02:48,"2025-03-05 22:02:48 | ERROR | {""user_id"": 55, ""product_id"": 1252, ""amount"": 63.65, ""status"": ""pending"", ""random_string"": ""oFpUcynr5H""}",1741192368270716672,[object Object],1741192368270716672_6d42839
[object Object],2025-03-05 22:02:46,"2025-03-05 22:02:46 | ERROR | {""user_id"": 97, ""product_id"": 1788, ""amount"": 96.12, ""status"": ""success"", ""random_string"": ""OrB1CShYDx""}",1741192366232863488,[object Object],1741192366232863488_453b45b9
[object Object],2025-03-05 22:02:37,"2025-03-05 22:02:37 | INFO | {""user_id"": 42, ""product_id"": 1346, ""amount"": 94.71, ""status"": ""failure"", ""random_string"": ""DIgF8W6LVt""}",1741192357978459904,[object Object],1741192357978459904_3a9fe669
[object Object],2025-03-05 22:02:37,"2025-03-05 22:02:37 | WARNING | {""user_id"": 95, ""product_id"": 1122, ""amount"": 78.25, ""status"": ""pending"", ""random_string"": ""Bxq3RbQVWJ""}",1741192357270373888,[object Object],1741192357270373888_cf2b6d01
[object Object],2025-03-05 22:02:36,"2025-03-05 22:02:36 | INFO | {""user_id"": 82, ""product_id"": 1536, ""amount"": 82.72, ""status"": ""failure"", ""random_string"": ""MOg6ElryTt""}",1741192356086937088,[object Object],1741192356086937088_c434865b
[object Object],2025-03-05 22:02:35,"2025-03-05 22:02:35 | ERROR | {""user_id"": 87, ""product_id"": 1615, ""amount"": 70.67, ""status"": ""failure"", ""random_string"": ""IRrQculXnE""}",1741192355522761728,[object Object],1741192355522761728_dcbf5979
[object Object],2025-03-05 22:02:33,"2025-03-05 22:02:33 | WARNING | {""user_id"": 16, ""product_id"": 1339, ""amount"": 16.36, ""status"": ""pending"", ""random_string"": ""Mhc5oNipYR""}",1741192353367495936,[object Object],1741192353367495936_b5cbe88b
[object Object],2025-03-05 22:02:25,"2025-03-05 22:02:25 | WARNING | {""user_id"": 5, ""product_id"": 1121, ""amount"": 57.21, ""status"": ""failure"", ""random_string"": ""ToBMB8oxWv""}",1741192345650818816,[object Object],1741192345650818816_7f29c0a7
[object Object],2025-03-05 22:02:23,"2025-03-05 22:02:23 | INFO | {""user_id"": 64, ""product_id"": 1225, ""amount"": 78.03, ""status"": ""pending"", ""random_string"": ""ZshiwfSeNa""}",1741192343932876288,[object Object],1741192343932876288_72464873
[object Object],2025-03-05 22:02:22,"2025-03-05 22:02:22 | ERROR | {""user_id"": 14, ""product_id"": 1532, ""amount"": 37.94, ""status"": ""pending"", ""random_string"": ""r81ebYvoET""}",1741192342401611520,[object Object],1741192342401611520_267de817
[object Object],2025-03-05 22:02:19,"2025-03-05 22:02:19 | ERROR | {""user_id"": 65, ""product_id"": 1157, ""amount"": 77.11, ""status"": ""success"", ""random_string"": ""FitRYCyhai""}",1741192339842148096,[object Object],1741192339842148096_74e6e773
[object Object],2025-03-05 22:02:17,"2025-03-05 22:02:17 | WARNING | {""user_id"": 74, ""product_id"": 1029, ""amount"": 64.8, ""status"": ""success"", ""random_string"": ""1DmH0IcvJ2""}",1741192337927200256,[object Object],1741192337927200256_f6f34807
[object Object],2025-03-05 22:02:17,"2025-03-05 22:02:17 | ERROR | {""user_id"": 7, ""product_id"": 1812, ""amount"": 50.61, ""status"": ""success"", ""random_string"": ""eHcOsJqrnx""}",1741192337259628032,[object Object],1741192337259628032_d886db3d
[object Object],2025-03-05 22:02:14,"2025-03-05 22:02:14 | WARNING | {""user_id"": 36, ""product_id"": 1360, ""amount"": 81.5, ""status"": ""failure"", ""random_string"": ""WEAxcMrxut""}",1741192334754074368,[object Object],1741192334754074368_77e8413f
[object Object],2025-03-05 22:02:12,"2025-03-05 22:02:12 | INFO | {""user_id"": 51, ""product_id"": 1758, ""amount"": 66.38, ""status"": ""failure"", ""random_string"": ""fXRJSCxB6c""}",1741192332549345792,[object Object],1741192332549345792_ea7a4c9f
[object Object],2025-03-05 22:02:10,"2025-03-05 22:02:10 | WARNING | {""user_id"": 31, ""product_id"": 1490, ""amount"": 47.98, ""status"": ""success"", ""random_string"": ""EUPaPATggU""}",1741192330873934080,[object Object],1741192330873934080_d89bb9b
[object Object],2025-03-05 22:02:05,"2025-03-05 22:02:05 | ERROR | {""user_id"": 38, ""product_id"": 1804, ""amount"": 60.33, ""status"": ""success"", ""random_string"": ""uiCzHr1ThB""}",1741192325399503872,[object Object],1741192325399503872_4c2b37b3
[object Object],2025-03-05 22:02:02,"2025-03-05 22:02:02 | WARNING | {""user_id"": 23, ""product_id"": 1368, ""amount"": 65.66, ""status"": ""success"", ""random_string"": ""enf8S1LSpF""}",1741192322940781824,[object Object],1741192322940781824_9770fa0d
[object Object],2025-03-05 22:02:01,"2025-03-05 22:02:01 | ERROR | {""user_id"": 14, ""product_id"": 1362, ""amount"": 49.81, ""status"": ""success"", ""random_string"": ""mFSIncZ6YY""}",1741192321172389120,[object Object],1741192321172389120_8ecb138d
[object Object],2025-03-05 22:01:58,"2025-03-05 22:01:58 | ERROR | {""user_id"": 48, ""product_id"": 1855, ""amount"": 40.67, ""status"": ""success"", ""random_string"": ""DB72Ess9PG""}",1741192318003315712,[object Object],1741192318003315712_43fac4b9
[object Object],2025-03-05 22:01:56,"2025-03-05 22:01:56 | ERROR | {""user_id"": 36, ""product_id"": 1411, ""amount"": 20.16, ""status"": ""success"", ""random_string"": ""AOHCNIMKi2""}",1741192316517533184,[object Object],1741192316517533184_f541718b
[object Object],2025-03-05 22:01:55,"2025-03-05 22:01:55 | ERROR | {""user_id"": 100, ""product_id"": 1622, ""amount"": 21.1, ""status"": ""success"", ""random_string"": ""eOhktJQAWo""}",1741192315941564416,[object Object],1741192315941564416_8479dfd3
[object Object],2025-03-05 22:01:54,"2025-03-05 22:01:54 | ERROR | {""user_id"": 97, ""product_id"": 1724, ""amount"": 62.04, ""status"": ""failure"", ""random_string"": ""8tT78v7ZCq""}",1741192314733141760,[object Object],1741192314733141760_98144cb9
[object Object],2025-03-05 22:01:53,"2025-03-05 22:01:53 | INFO | {""user_id"": 6, ""product_id"": 1800, ""amount"": 16.16, ""status"": ""failure"", ""random_string"": ""cR1PvtWpLy""}",1741192313978055680,[object Object],1741192313978055680_910372af
[object Object],2025-03-05 22:01:52,"2025-03-05 22:01:52 | INFO | {""user_id"": 69, ""product_id"": 1410, ""amount"": 56.06, ""status"": ""success"", ""random_string"": ""3kwHXhqInA""}",1741192312494089728,[object Object],1741192312494089728_5cdb4521
[object Object],2025-03-05 22:01:49,"2025-03-05 22:01:49 | ERROR | {""user_id"": 89, ""product_id"": 1138, ""amount"": 77.33, ""status"": ""failure"", ""random_string"": ""hX9qM081bv""}",1741192309424196096,[object Object],1741192309424196096_5d9cd901
[object Object],2025-03-05 22:01:47,"2025-03-05 22:01:47 | INFO | {""user_id"": 83, ""product_id"": 1931, ""amount"": 90.07, ""status"": ""pending"", ""random_string"": ""FMhVdYiX3P""}",1741192307525665280,[object Object],1741192307525665280_f3d8c8dd
[object Object],2025-03-05 22:01:45,"2025-03-05 22:01:45 | WARNING | {""user_id"": 44, ""product_id"": 1676, ""amount"": 76.64, ""status"": ""failure"", ""random_string"": ""nwYdpBaGsc""}",1741192305947673088,[object Object],1741192305947673088_963afec7
[object Object],2025-03-05 22:01:36,"2025-03-05 22:01:36 | WARNING | {""user_id"": 45, ""product_id"": 1701, ""amount"": 49.92, ""status"": ""success"", ""random_string"": ""FHKka3Z9mn""}",1741192296433645312,[object Object],1741192296433645312_f65f2431
[object Object],2025-03-05 22:01:34,"2025-03-05 22:01:34 | WARNING | {""user_id"": 75, ""product_id"": 1140, ""amount"": 14.57, ""status"": ""failure"", ""random_string"": ""98xhaCXU01""}",1741192294364237824,[object Object],1741192294364237824_3a09e5e3
[object Object],2025-03-05 22:01:31,"2025-03-05 22:01:31 | WARNING | {""user_id"": 89, ""product_id"": 1700, ""amount"": 42.28, ""status"": ""success"", ""random_string"": ""cbmw639Uo2""}",1741192291200122368,[object Object],1741192291200122368_5f942c9
[object Object],2025-03-05 22:01:29,"2025-03-05 22:01:29 | WARNING | {""user_id"": 71, ""product_id"": 1158, ""amount"": 80.72, ""status"": ""failure"", ""random_string"": ""u7ib421jnf""}",1741192289749509376,[object Object],1741192289749509376_74b18005
[object Object],2025-03-05 22:01:28,"2025-03-05 22:01:28 | INFO | {""user_id"": 10, ""product_id"": 1207, ""amount"": 24.24, ""status"": ""success"", ""random_string"": ""k7us42jIgi""}",1741192288051801344,[object Object],1741192288051801344_d037ae89
[object Object],2025-03-05 22:01:24,"2025-03-05 22:01:24 | WARNING | {""user_id"": 40, ""product_id"": 1524, ""amount"": 27.96, ""status"": ""pending"", ""random_string"": ""ReDggbSxv8""}",1741192284286892288,[object Object],1741192284286892288_7fe251d3
[object Object],2025-03-05 22:01:21,"2025-03-05 22:01:21 | ERROR | {""user_id"": 32, ""product_id"": 1908, ""amount"": 84.61, ""status"": ""pending"", ""random_string"": ""51pf8w2eFz""}",1741192281333419008,[object Object],1741192281333419008_c641949
[object Object],2025-03-05 22:01:18,"2025-03-05 22:01:18 | ERROR | {""user_id"": 28, ""product_id"": 1634, ""amount"": 69.19, ""status"": ""failure"", ""random_string"": ""TxN5yO8kNf""}",1741192278683543296,[object Object],1741192278683543296_dd1b05e3
[object Object],2025-03-05 22:01:11,"2025-03-05 22:01:11 | ERROR | {""user_id"": 74, ""product_id"": 1790, ""amount"": 19.19, ""status"": ""success"", ""random_string"": ""3NStPxIMzK""}",1741192271762495744,[object Object],1741192271762495744_5c7ebcc7
[object Object],2025-03-05 22:01:09,"2025-03-05 22:01:09 | INFO | {""user_id"": 34, ""product_id"": 1093, ""amount"": 45.75, ""status"": ""failure"", ""random_string"": ""idTHG8Ovzk""}",1741192269519288576,[object Object],1741192269519288576_664e8c1b
[object Object],2025-03-05 22:01:08,"2025-03-05 22:01:08 | WARNING | {""user_id"": 53, ""product_id"": 1981, ""amount"": 23.0, ""status"": ""pending"", ""random_string"": ""YaU0wfjvGQ""}",1741192268222456832,[object Object],1741192268222456832_1436c361
[object Object],2025-03-05 22:01:04,"2025-03-05 22:01:04 | INFO | {""user_id"": 45, ""product_id"": 1998, ""amount"": 49.76, ""status"": ""success"", ""random_string"": ""tZ6DnWPNOw""}",1741192264619712512,[object Object],1741192264619712512_8a8341a1
[object Object],2025-03-05 22:00:58,"2025-03-05 22:00:58 | ERROR | {""user_id"": 35, ""product_id"": 1136, ""amount"": 80.83, ""status"": ""success"", ""random_string"": ""pfAyoVhNEv""}",1741192258153073920,[object Object],1741192258153073920_9274d42b
[object Object],2025-03-05 22:00:53,"2025-03-05 22:00:53 | WARNING | {""user_id"": 89, ""product_id"": 1007, ""amount"": 69.79, ""status"": ""failure"", ""random_string"": ""klbo9TsedR""}",1741192253283353088,[object Object],1741192253283353088_eddac7bd
[object Object],2025-03-05 22:00:52,"2025-03-05 22:00:52 | WARNING | {""user_id"": 85, ""product_id"": 1517, ""amount"": 85.38, ""status"": ""pending"", ""random_string"": ""fRsKXuRQZi""}",1741192252214205440,[object Object],1741192252214205440_ad866b69
[object Object],2025-03-05 22:00:51,"2025-03-05 22:00:51 | WARNING | {""user_id"": 40, ""product_id"": 1312, ""amount"": 13.94, ""status"": ""failure"", ""random_string"": ""IAtyW6XZMz""}",1741192251678980096,[object Object],1741192251678980096_6d6ac381
[object Object],2025-03-05 22:00:48,"2025-03-05 22:00:48 | INFO | {""user_id"": 88, ""product_id"": 1510, ""amount"": 42.07, ""status"": ""pending"", ""random_string"": ""HHfPfU8rtO""}",1741192248013104896,[object Object],1741192248013104896_cc7c20cd
[object Object],2025-03-05 22:00:43,"2025-03-05 22:00:43 | INFO | {""user_id"": 21, ""product_id"": 1033, ""amount"": 97.85, ""status"": ""failure"", ""random_string"": ""ITRoykOrJD""}",1741192243450757888,[object Object],1741192243450757888_9cf75217
[object Object],2025-03-05 22:00:41,"2025-03-05 22:00:41 | INFO | {""user_id"": 56, ""product_id"": 1366, ""amount"": 38.8, ""status"": ""success"", ""random_string"": ""CnhdmIHsSB""}",1741192241500603136,[object Object],1741192241500603136_bdf2421
[object Object],2025-03-05 22:00:36,"2025-03-05 22:00:36 | WARNING | {""user_id"": 1, ""product_id"": 1087, ""amount"": 79.77, ""status"": ""success"", ""random_string"": ""lB8GLwVE0K""}",1741192236582466304,[object Object],1741192236582466304_f38050d5
[object Object],2025-03-05 22:00:34,"2025-03-05 22:00:34 | WARNING | {""user_id"": 25, ""product_id"": 1546, ""amount"": 75.24, ""status"": ""pending"", ""random_string"": ""fR7zGFdxwW""}",1741192234969140480,[object Object],1741192234969140480_4030131d
[object Object],2025-03-05 22:00:33,"2025-03-05 22:00:33 | ERROR | {""user_id"": 69, ""product_id"": 1031, ""amount"": 35.53, ""status"": ""pending"", ""random_string"": ""CH3RTKVIfM""}",1741192233163307776,[object Object],1741192233163307776_401deef5
[object Object],2025-03-05 22:00:31,"2025-03-05 22:00:31 | ERROR | {""user_id"": 71, ""product_id"": 1563, ""amount"": 66.27, ""status"": ""success"", ""random_string"": ""ftLZvMLXEp""}",1741192231423504896,[object Object],1741192231423504896_916a78bd
[object Object],2025-03-05 22:00:25,"2025-03-05 22:00:25 | ERROR | {""user_id"": 54, ""product_id"": 1101, ""amount"": 12.12, ""status"": ""success"", ""random_string"": ""67pcWmivIQ""}",1741192225169310464,[object Object],1741192225169310464_7d5a9a23
[object Object],2025-03-05 22:00:21,"2025-03-05 22:00:21 | ERROR | {""user_id"": 17, ""product_id"": 1283, ""amount"": 63.38, ""status"": ""success"", ""random_string"": ""en2Fs048sr""}",1741192221219752704,[object Object],1741192221219752704_79807113
[object Object],2025-03-05 22:00:11,"2025-03-05 22:00:11 | ERROR | {""user_id"": 87, ""product_id"": 1815, ""amount"": 80.12, ""status"": ""failure"", ""random_string"": ""eVcMDIu53k""}",1741192211858923008,[object Object],1741192211858923008_75694d0f
[object Object],2025-03-05 22:00:11,"2025-03-05 22:00:11 | INFO | {""user_id"": 67, ""product_id"": 1032, ""amount"": 27.42, ""status"": ""success"", ""random_string"": ""6wJMTGggXa""}",1741192211100162304,[object Object],1741192211100162304_4a5784e9
[object Object],2025-03-05 22:00:10,"2025-03-05 22:00:10 | WARNING | {""user_id"": 13, ""product_id"": 1243, ""amount"": 29.86, ""status"": ""failure"", ""random_string"": ""ilLAcekm6N""}",1741192210204453376,[object Object],1741192210204453376_903ffe41
[object Object],2025-03-05 22:00:08,"2025-03-05 22:00:08 | INFO | {""user_id"": 67, ""product_id"": 1785, ""amount"": 37.5, ""status"": ""pending"", ""random_string"": ""06BIWBIiUT""}",1741192208350237696,[object Object],1741192208350237696_1308868d
[object Object],2025-03-05 22:00:07,"2025-03-05 22:00:07 | WARNING | {""user_id"": 26, ""product_id"": 1137, ""amount"": 40.17, ""status"": ""pending"", ""random_string"": ""4eAGmo3mZ8""}",1741192207477698816,[object Object],1741192207477698816_9520c93f
[object Object],2025-03-05 22:00:06,"2025-03-05 22:00:06 | WARNING | {""user_id"": 75, ""product_id"": 1688, ""amount"": 94.26, ""status"": ""pending"", ""random_string"": ""xQUQWerfnX""}",1741192206462373376,[object Object],1741192206462373376_cbd9381
[object Object],2025-03-05 22:00:03,"2025-03-05 22:00:03 | INFO | {""user_id"": 9, ""product_id"": 1460, ""amount"": 83.21, ""status"": ""success"", ""random_string"": ""3gZrS0ubcR""}",1741192203421057280,[object Object],1741192203421057280_703582fd
[object Object],2025-03-05 22:00:00,"2025-03-05 22:00:00 | INFO | {""user_id"": 56, ""product_id"": 1081, ""amount"": 64.76, ""status"": ""pending"", ""random_string"": ""SIlbftgw5K""}",1741192200284799488,[object Object],1741192200284799488_8ac1794d
[object Object],2025-03-05 21:59:55,"2025-03-05 21:59:55 | WARNING | {""user_id"": 98, ""product_id"": 1616, ""amount"": 59.23, ""status"": ""failure"", ""random_string"": ""JDcp2mLic3""}",1741192195389962496,[object Object],1741192195389962496_c6ca95b
[object Object],2025-03-05 21:59:54,"2025-03-05 21:59:54 | WARNING | {""user_id"": 61, ""product_id"": 1668, ""amount"": 34.63, ""status"": ""failure"", ""random_string"": ""IyXXZHudhx""}",1741192194097657856,[object Object],1741192194097657856_9375e1e5
[object Object],2025-03-05 21:59:51,"2025-03-05 21:59:51 | INFO | {""user_id"": 27, ""product_id"": 1374, ""amount"": 85.89, ""status"": ""pending"", ""random_string"": ""9xNvvPzcE8""}",1741192191209583872,[object Object],1741192191209583872_d4b055e5
[object Object],2025-03-05 21:59:45,"2025-03-05 21:59:45 | ERROR | {""user_id"": 18, ""product_id"": 1345, ""amount"": 31.71, ""status"": ""failure"", ""random_string"": ""Ivsx3aHCFR""}",1741192185910070016,[object Object],1741192185910070016_9b3f7b15
[object Object],2025-03-05 21:59:44,"2025-03-05 21:59:44 | INFO | {""user_id"": 52, ""product_id"": 1339, ""amount"": 33.0, ""status"": ""success"", ""random_string"": ""bySt5wYX3m""}",1741192184926643968,[object Object],1741192184926643968_de6d65bb
[object Object],2025-03-05 21:59:40,"2025-03-05 21:59:40 | ERROR | {""user_id"": 7, ""product_id"": 1565, ""amount"": 43.58, ""status"": ""pending"", ""random_string"": ""anIiTlsmHM""}",1741192180219377152,[object Object],1741192180219377152_a41ecdf9
[object Object],2025-03-05 21:59:36,"2025-03-05 21:59:36 | ERROR | {""user_id"": 84, ""product_id"": 1237, ""amount"": 72.75, ""status"": ""failure"", ""random_string"": ""nuBhk1XsWJ""}",1741192176321916416,[object Object],1741192176321916416_fd56cf5d
[object Object],2025-03-05 21:59:30,"2025-03-05 21:59:30 | WARNING | {""user_id"": 15, ""product_id"": 1607, ""amount"": 16.37, ""status"": ""pending"", ""random_string"": ""F4s48YmSPn""}",1741192170102960384,[object Object],1741192170102960384_59d6f09b
[object Object],2025-03-05 21:59:26,"2025-03-05 21:59:26 | INFO | {""user_id"": 31, ""product_id"": 1971, ""amount"": 27.54, ""status"": ""success"", ""random_string"": ""H6RxI63nzs""}",1741192166208145152,[object Object],1741192166208145152_9add7641
[object Object],2025-03-05 21:59:24,"2025-03-05 21:59:24 | ERROR | {""user_id"": 1, ""product_id"": 1289, ""amount"": 41.61, ""status"": ""success"", ""random_string"": ""gmljYIOoF9""}",1741192164643326976,[object Object],1741192164643326976_5f9ebfab
[object Object],2025-03-05 21:59:22,"2025-03-05 21:59:22 | WARNING | {""user_id"": 62, ""product_id"": 1659, ""amount"": 43.97, ""status"": ""success"", ""random_string"": ""Mv7FZBR2c9""}",1741192162430798592,[object Object],1741192162430798592_ae62214f
[object Object],2025-03-05 21:59:20,"2025-03-05 21:59:20 | INFO | {""user_id"": 16, ""product_id"": 1217, ""amount"": 14.23, ""status"": ""failure"", ""random_string"": ""IZwYbOQULZ""}",1741192160699738368,[object Object],1741192160699738368_8deaa19d
[object Object],2025-03-05 21:59:18,"2025-03-05 21:59:18 | WARNING | {""user_id"": 26, ""product_id"": 1052, ""amount"": 30.65, ""status"": ""failure"", ""random_string"": ""XAGRqHbrpR""}",1741192158716774912,[object Object],1741192158716774912_2c09c1f1
[object Object],2025-03-05 21:59:14,"2025-03-05 21:59:14 | WARNING | {""user_id"": 69, ""product_id"": 1411, ""amount"": 40.17, ""status"": ""success"", ""random_string"": ""CkQI5VaIXS""}",1741192154981471744,[object Object],1741192154981471744_47a6cf25
[object Object],2025-03-05 21:59:11,"2025-03-05 21:59:11 | ERROR | {""user_id"": 3, ""product_id"": 1875, ""amount"": 58.59, ""status"": ""success"", ""random_string"": ""n8MGzVmvVw""}",1741192151764844544,[object Object],1741192151764844544_b585daf9
[object Object],2025-03-05 21:59:08,"2025-03-05 21:59:08 | ERROR | {""user_id"": 19, ""product_id"": 1862, ""amount"": 91.93, ""status"": ""pending"", ""random_string"": ""lZOXTv8fMb""}",1741192148350939392,[object Object],1741192148350939392_f60dbe41
[object Object],2025-03-05 21:59:06,"2025-03-05 21:59:06 | ERROR | {""user_id"": 84, ""product_id"": 1031, ""amount"": 73.4, ""status"": ""failure"", ""random_string"": ""p2nf49IbyD""}",1741192146992969216,[object Object],1741192146992969216_ad291b9d
[object Object],2025-03-05 21:59:06,"2025-03-05 21:59:06 | WARNING | {""user_id"": 18, ""product_id"": 1514, ""amount"": 61.86, ""status"": ""success"", ""random_string"": ""QpxGdxR8UI""}",1741192146291770880,[object Object],1741192146291770880_85d6b259