[2025-03-15T09:02:32.217+0000] {manager.py:483} INFO - Processing files using up to 2 processes at a time 
[2025-03-15T09:02:32.218+0000] {manager.py:484} INFO - Process each file at most once every 30 seconds
[2025-03-15T09:02:32.220+0000] {manager.py:485} INFO - Checking for new files in /opt/airflow/dags every 300 seconds
[2025-03-15T09:02:32.221+0000] {manager.py:821} INFO - Searching for files in /opt/airflow/dags
[2025-03-15T09:02:32.232+0000] {manager.py:824} INFO - There are 0 files in /opt/airflow/dags
[2025-03-15T09:07:33.352+0000] {manager.py:821} INFO - Searching for files in /opt/airflow/dags
[2025-03-15T09:07:33.390+0000] {manager.py:824} INFO - There are 0 files in /opt/airflow/dags
[2025-03-15T09:12:34.118+0000] {manager.py:821} INFO - Searching for files in /opt/airflow/dags
[2025-03-15T09:12:34.143+0000] {manager.py:824} INFO - There are 0 files in /opt/airflow/dags
[2025-03-15T09:17:35.103+0000] {manager.py:821} INFO - Searching for files in /opt/airflow/dags
[2025-03-15T09:17:35.136+0000] {manager.py:824} INFO - There are 0 files in /opt/airflow/dags
[2025-03-15T09:22:35.216+0000] {manager.py:821} INFO - Searching for files in /opt/airflow/dags
[2025-03-15T09:22:35.283+0000] {manager.py:824} INFO - There are 0 files in /opt/airflow/dags
[2025-03-15T09:27:35.334+0000] {manager.py:821} INFO - Searching for files in /opt/airflow/dags
[2025-03-15T09:27:35.401+0000] {manager.py:824} INFO - There are 1 files in /opt/airflow/dags
[2025-03-15T09:27:53.801+0000] {manager.py:997} INFO - 
================================================================================
DAG File Processing Stats

File Path                       PID    Runtime      # DAGs    # Errors  Last Runtime    Last Run               Last # of DB Queries
------------------------------  -----  ---------  --------  ----------  --------------  -------------------  ----------------------
/opt/airflow/dags/first_dag.py                           1           0  1.13s           2025-03-15T09:27:36                      45
================================================================================
[2025-03-15T09:28:23.953+0000] {manager.py:997} INFO - 
================================================================================
DAG File Processing Stats

File Path                       PID    Runtime      # DAGs    # Errors  Last Runtime    Last Run               Last # of DB Queries
------------------------------  -----  ---------  --------  ----------  --------------  -------------------  ----------------------
/opt/airflow/dags/first_dag.py                           1           0  0.64s           2025-03-15T09:28:07                      12
================================================================================
[2025-03-15T09:28:54.111+0000] {manager.py:997} INFO - 
================================================================================
DAG File Processing Stats

File Path                       PID    Runtime      # DAGs    # Errors  Last Runtime    Last Run               Last # of DB Queries
------------------------------  -----  ---------  --------  ----------  --------------  -------------------  ----------------------
/opt/airflow/dags/first_dag.py                           1           0  0.64s           2025-03-15T09:28:38                      12
================================================================================
[2025-03-15T09:29:24.612+0000] {manager.py:997} INFO - 
================================================================================
DAG File Processing Stats

File Path                       PID    Runtime      # DAGs    # Errors  Last Runtime    Last Run               Last # of DB Queries
------------------------------  -----  ---------  --------  ----------  --------------  -------------------  ----------------------
/opt/airflow/dags/first_dag.py                           1           0  0.68s           2025-03-15T09:29:09                      12
================================================================================
[2025-03-15T09:29:30.666+0000] {manager.py:465} INFO - Exiting gracefully upon receiving signal 15
[2025-03-15T09:29:46.006+0000] {manager.py:483} INFO - Processing files using up to 2 processes at a time 
[2025-03-15T09:29:46.007+0000] {manager.py:484} INFO - Process each file at most once every 30 seconds
[2025-03-15T09:29:46.008+0000] {manager.py:485} INFO - Checking for new files in /opt/airflow/dags every 300 seconds
[2025-03-15T09:29:46.009+0000] {manager.py:821} INFO - Searching for files in /opt/airflow/dags
[2025-03-15T09:29:46.103+0000] {manager.py:824} INFO - There are 1 files in /opt/airflow/dags
[2025-03-15T09:29:46.326+0000] {manager.py:997} INFO - 
================================================================================
DAG File Processing Stats

File Path                         PID  Runtime      # DAGs    # Errors  Last Runtime    Last Run      Last # of DB Queries
------------------------------  -----  ---------  --------  ----------  --------------  ----------  ----------------------
/opt/airflow/dags/first_dag.py    167  0.05s             0           0                                                   0
================================================================================
[2025-03-15T09:30:16.796+0000] {manager.py:997} INFO - 
================================================================================
DAG File Processing Stats

File Path                       PID    Runtime      # DAGs    # Errors  Last Runtime    Last Run               Last # of DB Queries
------------------------------  -----  ---------  --------  ----------  --------------  -------------------  ----------------------
/opt/airflow/dags/first_dag.py                           1           0  0.58s           2025-03-15T09:29:46                      12
================================================================================
[2025-03-15T09:30:47.266+0000] {manager.py:997} INFO - 
================================================================================
DAG File Processing Stats

File Path                       PID    Runtime      # DAGs    # Errors  Last Runtime    Last Run               Last # of DB Queries
------------------------------  -----  ---------  --------  ----------  --------------  -------------------  ----------------------
/opt/airflow/dags/first_dag.py                           1           0  0.64s           2025-03-15T09:30:18                      12
================================================================================
[2025-03-15T09:31:17.404+0000] {manager.py:997} INFO - 
================================================================================
DAG File Processing Stats

File Path                       PID    Runtime      # DAGs    # Errors  Last Runtime    Last Run               Last # of DB Queries
------------------------------  -----  ---------  --------  ----------  --------------  -------------------  ----------------------
/opt/airflow/dags/first_dag.py                           1           0  0.62s           2025-03-15T09:30:48                      12
================================================================================
[2025-03-15T09:31:47.626+0000] {manager.py:997} INFO - 
================================================================================
DAG File Processing Stats

File Path                       PID    Runtime      # DAGs    # Errors  Last Runtime    Last Run               Last # of DB Queries
------------------------------  -----  ---------  --------  ----------  --------------  -------------------  ----------------------
/opt/airflow/dags/first_dag.py                           1           0  0.69s           2025-03-15T09:31:20                      12
================================================================================
[2025-03-15T09:32:18.080+0000] {manager.py:997} INFO - 
================================================================================
DAG File Processing Stats

File Path                       PID    Runtime      # DAGs    # Errors  Last Runtime    Last Run               Last # of DB Queries
------------------------------  -----  ---------  --------  ----------  --------------  -------------------  ----------------------
/opt/airflow/dags/first_dag.py                           1           0  0.70s           2025-03-15T09:31:51                      12
================================================================================
[2025-03-15T09:32:48.530+0000] {manager.py:997} INFO - 
================================================================================
DAG File Processing Stats

File Path                       PID    Runtime      # DAGs    # Errors  Last Runtime    Last Run               Last # of DB Queries
------------------------------  -----  ---------  --------  ----------  --------------  -------------------  ----------------------
/opt/airflow/dags/first_dag.py                           1           0  0.66s           2025-03-15T09:32:22                      12
================================================================================
[2025-03-15T09:33:18.684+0000] {manager.py:997} INFO - 
================================================================================
DAG File Processing Stats

File Path                       PID    Runtime      # DAGs    # Errors  Last Runtime    Last Run               Last # of DB Queries
------------------------------  -----  ---------  --------  ----------  --------------  -------------------  ----------------------
/opt/airflow/dags/first_dag.py                           1           0  0.66s           2025-03-15T09:32:53                      12
================================================================================
[2025-03-15T09:33:48.880+0000] {manager.py:997} INFO - 
================================================================================
DAG File Processing Stats

File Path                       PID    Runtime      # DAGs    # Errors  Last Runtime    Last Run               Last # of DB Queries
------------------------------  -----  ---------  --------  ----------  --------------  -------------------  ----------------------
/opt/airflow/dags/first_dag.py                           1           0  0.69s           2025-03-15T09:33:24                      12
================================================================================
[2025-03-15T09:34:19.337+0000] {manager.py:997} INFO - 
================================================================================
DAG File Processing Stats

File Path                       PID    Runtime      # DAGs    # Errors  Last Runtime    Last Run               Last # of DB Queries
------------------------------  -----  ---------  --------  ----------  --------------  -------------------  ----------------------
/opt/airflow/dags/first_dag.py                           1           0  0.50s           2025-03-15T09:33:55                      12
================================================================================
[2025-03-15T09:34:46.325+0000] {manager.py:821} INFO - Searching for files in /opt/airflow/dags
[2025-03-15T09:34:46.447+0000] {manager.py:824} INFO - There are 1 files in /opt/airflow/dags
[2025-03-15T09:34:49.535+0000] {manager.py:997} INFO - 
================================================================================
DAG File Processing Stats

File Path                       PID    Runtime      # DAGs    # Errors  Last Runtime    Last Run               Last # of DB Queries
------------------------------  -----  ---------  --------  ----------  --------------  -------------------  ----------------------
/opt/airflow/dags/first_dag.py                           1           0  0.56s           2025-03-15T09:34:26                      12
================================================================================
[2025-03-15T09:35:19.995+0000] {manager.py:997} INFO - 
================================================================================
DAG File Processing Stats

File Path                       PID    Runtime      # DAGs    # Errors  Last Runtime    Last Run               Last # of DB Queries
------------------------------  -----  ---------  --------  ----------  --------------  -------------------  ----------------------
/opt/airflow/dags/first_dag.py                           1           0  0.67s           2025-03-15T09:34:56                      12
================================================================================
[2025-03-15T09:35:50.086+0000] {manager.py:997} INFO - 
================================================================================
DAG File Processing Stats

File Path                       PID    Runtime      # DAGs    # Errors  Last Runtime    Last Run               Last # of DB Queries
------------------------------  -----  ---------  --------  ----------  --------------  -------------------  ----------------------
/opt/airflow/dags/first_dag.py                           1           0  0.60s           2025-03-15T09:35:27                      12
================================================================================
[2025-03-15T09:36:20.534+0000] {manager.py:997} INFO - 
================================================================================
DAG File Processing Stats

File Path                       PID    Runtime      # DAGs    # Errors  Last Runtime    Last Run               Last # of DB Queries
------------------------------  -----  ---------  --------  ----------  --------------  -------------------  ----------------------
/opt/airflow/dags/first_dag.py                           1           0  0.65s           2025-03-15T09:35:58                      12
================================================================================
[2025-03-15T09:36:50.743+0000] {manager.py:997} INFO - 
================================================================================
DAG File Processing Stats

File Path                       PID    Runtime      # DAGs    # Errors  Last Runtime    Last Run               Last # of DB Queries
------------------------------  -----  ---------  --------  ----------  --------------  -------------------  ----------------------
/opt/airflow/dags/first_dag.py                           1           0  0.70s           2025-03-15T09:36:29                      12
================================================================================
[2025-03-15T09:37:20.858+0000] {manager.py:997} INFO - 
================================================================================
DAG File Processing Stats

File Path                       PID    Runtime      # DAGs    # Errors  Last Runtime    Last Run               Last # of DB Queries
------------------------------  -----  ---------  --------  ----------  --------------  -------------------  ----------------------
/opt/airflow/dags/first_dag.py                           1           0  0.62s           2025-03-15T09:37:00                      12
================================================================================
[2025-03-15T09:37:50.905+0000] {manager.py:997} INFO - 
================================================================================
DAG File Processing Stats

File Path                       PID    Runtime      # DAGs    # Errors  Last Runtime    Last Run               Last # of DB Queries
------------------------------  -----  ---------  --------  ----------  --------------  -------------------  ----------------------
/opt/airflow/dags/first_dag.py                           1           0  0.69s           2025-03-15T09:37:31                      12
================================================================================
[2025-03-15T09:38:21.070+0000] {manager.py:997} INFO - 
================================================================================
DAG File Processing Stats

File Path                       PID    Runtime      # DAGs    # Errors  Last Runtime    Last Run               Last # of DB Queries
------------------------------  -----  ---------  --------  ----------  --------------  -------------------  ----------------------
/opt/airflow/dags/first_dag.py                           1           0  0.65s           2025-03-15T09:38:02                      12
================================================================================
[2025-03-15T09:38:51.546+0000] {manager.py:997} INFO - 
================================================================================
DAG File Processing Stats

File Path                       PID    Runtime      # DAGs    # Errors  Last Runtime    Last Run               Last # of DB Queries
------------------------------  -----  ---------  --------  ----------  --------------  -------------------  ----------------------
/opt/airflow/dags/first_dag.py                           1           0  0.67s           2025-03-15T09:38:33                      12
================================================================================
[2025-03-15T09:39:21.590+0000] {manager.py:997} INFO - 
================================================================================
DAG File Processing Stats

File Path                       PID    Runtime      # DAGs    # Errors  Last Runtime    Last Run               Last # of DB Queries
------------------------------  -----  ---------  --------  ----------  --------------  -------------------  ----------------------
/opt/airflow/dags/first_dag.py                           1           0  0.56s           2025-03-15T09:39:04                      12
================================================================================
[2025-03-15T09:39:46.419+0000] {manager.py:821} INFO - Searching for files in /opt/airflow/dags
[2025-03-15T09:39:46.534+0000] {manager.py:824} INFO - There are 1 files in /opt/airflow/dags
[2025-03-15T09:39:51.667+0000] {manager.py:997} INFO - 
================================================================================
DAG File Processing Stats

File Path                       PID    Runtime      # DAGs    # Errors  Last Runtime    Last Run               Last # of DB Queries
------------------------------  -----  ---------  --------  ----------  --------------  -------------------  ----------------------
/opt/airflow/dags/first_dag.py                           1           0  0.61s           2025-03-15T09:39:35                      12
================================================================================
[2025-03-15T09:40:22.120+0000] {manager.py:997} INFO - 
================================================================================
DAG File Processing Stats

File Path                       PID    Runtime      # DAGs    # Errors  Last Runtime    Last Run               Last # of DB Queries
------------------------------  -----  ---------  --------  ----------  --------------  -------------------  ----------------------
/opt/airflow/dags/first_dag.py                           1           0  0.56s           2025-03-15T09:40:05                      12
================================================================================
[2025-03-15T09:40:52.266+0000] {manager.py:997} INFO - 
================================================================================
DAG File Processing Stats

File Path                       PID    Runtime      # DAGs    # Errors  Last Runtime    Last Run               Last # of DB Queries
------------------------------  -----  ---------  --------  ----------  --------------  -------------------  ----------------------
/opt/airflow/dags/first_dag.py                           1           0  0.66s           2025-03-15T09:40:37                      12
================================================================================
[2025-03-15T09:41:22.364+0000] {manager.py:997} INFO - 
================================================================================
DAG File Processing Stats

File Path                       PID    Runtime      # DAGs    # Errors  Last Runtime    Last Run               Last # of DB Queries
------------------------------  -----  ---------  --------  ----------  --------------  -------------------  ----------------------
/opt/airflow/dags/first_dag.py                           1           0  0.65s           2025-03-15T09:41:07                      12
================================================================================
[2025-03-15T09:41:52.966+0000] {manager.py:997} INFO - 
================================================================================
DAG File Processing Stats

File Path                       PID    Runtime      # DAGs    # Errors  Last Runtime    Last Run               Last # of DB Queries
------------------------------  -----  ---------  --------  ----------  --------------  -------------------  ----------------------
/opt/airflow/dags/first_dag.py                           1           0  0.69s           2025-03-15T09:41:38                      12
================================================================================
[2025-03-15T09:42:23.044+0000] {manager.py:997} INFO - 
================================================================================
DAG File Processing Stats

File Path                       PID    Runtime      # DAGs    # Errors  Last Runtime    Last Run               Last # of DB Queries
------------------------------  -----  ---------  --------  ----------  --------------  -------------------  ----------------------
/opt/airflow/dags/first_dag.py                           1           0  2.94s           2025-03-15T09:42:11                      12
================================================================================
[2025-03-15T09:42:53.398+0000] {manager.py:997} INFO - 
================================================================================
DAG File Processing Stats

File Path                       PID    Runtime      # DAGs    # Errors  Last Runtime    Last Run               Last # of DB Queries
------------------------------  -----  ---------  --------  ----------  --------------  -------------------  ----------------------
/opt/airflow/dags/first_dag.py                           1           0  0.65s           2025-03-15T09:42:42                      12
================================================================================
[2025-03-15T09:43:23.514+0000] {manager.py:997} INFO - 
================================================================================
DAG File Processing Stats

File Path                       PID    Runtime      # DAGs    # Errors  Last Runtime    Last Run               Last # of DB Queries
------------------------------  -----  ---------  --------  ----------  --------------  -------------------  ----------------------
/opt/airflow/dags/first_dag.py                           1           0  0.63s           2025-03-15T09:43:14                      12
================================================================================
[2025-03-15T09:43:53.923+0000] {manager.py:997} INFO - 
================================================================================
DAG File Processing Stats

File Path                       PID    Runtime      # DAGs    # Errors  Last Runtime    Last Run               Last # of DB Queries
------------------------------  -----  ---------  --------  ----------  --------------  -------------------  ----------------------
/opt/airflow/dags/first_dag.py                           1           0  0.69s           2025-03-15T09:43:45                      12
================================================================================
[2025-03-15T09:44:24.279+0000] {manager.py:997} INFO - 
================================================================================
DAG File Processing Stats

File Path                       PID    Runtime      # DAGs    # Errors  Last Runtime    Last Run               Last # of DB Queries
------------------------------  -----  ---------  --------  ----------  --------------  -------------------  ----------------------
/opt/airflow/dags/first_dag.py                           1           0  0.66s           2025-03-15T09:44:16                      12
================================================================================
[2025-03-15T09:44:46.853+0000] {manager.py:821} INFO - Searching for files in /opt/airflow/dags
[2025-03-15T09:44:46.990+0000] {manager.py:824} INFO - There are 1 files in /opt/airflow/dags
[2025-03-15T09:44:54.501+0000] {manager.py:997} INFO - 
================================================================================
DAG File Processing Stats

File Path                       PID    Runtime      # DAGs    # Errors  Last Runtime    Last Run               Last # of DB Queries
------------------------------  -----  ---------  --------  ----------  --------------  -------------------  ----------------------
/opt/airflow/dags/first_dag.py                           1           0  0.69s           2025-03-15T09:44:47                      12
================================================================================
[2025-03-15T09:45:24.806+0000] {manager.py:997} INFO - 
================================================================================
DAG File Processing Stats

File Path                       PID    Runtime      # DAGs    # Errors  Last Runtime    Last Run               Last # of DB Queries
------------------------------  -----  ---------  --------  ----------  --------------  -------------------  ----------------------
/opt/airflow/dags/first_dag.py                           1           0  0.62s           2025-03-15T09:45:18                      12
================================================================================
[2025-03-15T09:45:54.817+0000] {manager.py:997} INFO - 
================================================================================
DAG File Processing Stats

File Path                       PID    Runtime      # DAGs    # Errors  Last Runtime    Last Run               Last # of DB Queries
------------------------------  -----  ---------  --------  ----------  --------------  -------------------  ----------------------
/opt/airflow/dags/first_dag.py                           1           0  0.70s           2025-03-15T09:45:50                      12
================================================================================
[2025-03-15T09:46:25.649+0000] {manager.py:997} INFO - 
================================================================================
DAG File Processing Stats

File Path                       PID    Runtime      # DAGs    # Errors  Last Runtime    Last Run               Last # of DB Queries
------------------------------  -----  ---------  --------  ----------  --------------  -------------------  ----------------------
/opt/airflow/dags/first_dag.py                           1           0  2.23s           2025-03-15T09:46:22                      12
================================================================================
[2025-03-15T09:46:56.163+0000] {manager.py:997} INFO - 
================================================================================
DAG File Processing Stats

File Path                       PID    Runtime      # DAGs    # Errors  Last Runtime    Last Run               Last # of DB Queries
------------------------------  -----  ---------  --------  ----------  --------------  -------------------  ----------------------
/opt/airflow/dags/first_dag.py                           1           0  0.71s           2025-03-15T09:46:54                      12
================================================================================
[2025-03-15T09:47:26.494+0000] {manager.py:997} INFO - 
================================================================================
DAG File Processing Stats

File Path                       PID    Runtime      # DAGs    # Errors  Last Runtime    Last Run               Last # of DB Queries
------------------------------  -----  ---------  --------  ----------  --------------  -------------------  ----------------------
/opt/airflow/dags/first_dag.py                           1           0  0.68s           2025-03-15T09:47:24                      12
================================================================================
[2025-03-15T09:47:56.891+0000] {manager.py:997} INFO - 
================================================================================
DAG File Processing Stats

File Path                       PID    Runtime      # DAGs    # Errors  Last Runtime    Last Run               Last # of DB Queries
------------------------------  -----  ---------  --------  ----------  --------------  -------------------  ----------------------
/opt/airflow/dags/first_dag.py                           1           0  0.56s           2025-03-15T09:47:56                      12
================================================================================
[2025-03-15T09:48:27.035+0000] {manager.py:997} INFO - 
================================================================================
DAG File Processing Stats

File Path                         PID  Runtime      # DAGs    # Errors  Last Runtime    Last Run               Last # of DB Queries
------------------------------  -----  ---------  --------  ----------  --------------  -------------------  ----------------------
/opt/airflow/dags/first_dag.py    347  0.20s             1           0  0.56s           2025-03-15T09:47:56                      12
================================================================================
[2025-03-15T09:48:57.504+0000] {manager.py:997} INFO - 
================================================================================
DAG File Processing Stats

File Path                       PID    Runtime      # DAGs    # Errors  Last Runtime    Last Run               Last # of DB Queries
------------------------------  -----  ---------  --------  ----------  --------------  -------------------  ----------------------
/opt/airflow/dags/first_dag.py                           1           0  3.02s           2025-03-15T09:48:29                      12
================================================================================
[2025-03-15T09:49:28.257+0000] {manager.py:997} INFO - 
================================================================================
DAG File Processing Stats

File Path                       PID    Runtime      # DAGs    # Errors  Last Runtime    Last Run               Last # of DB Queries
------------------------------  -----  ---------  --------  ----------  --------------  -------------------  ----------------------
/opt/airflow/dags/first_dag.py                           1           0  0.67s           2025-03-15T09:49:00                      12
================================================================================
[2025-03-15T09:49:46.974+0000] {manager.py:821} INFO - Searching for files in /opt/airflow/dags
[2025-03-15T09:49:47.529+0000] {manager.py:824} INFO - There are 1 files in /opt/airflow/dags
[2025-03-15T09:49:59.151+0000] {manager.py:997} INFO - 
================================================================================
DAG File Processing Stats

File Path                       PID    Runtime      # DAGs    # Errors  Last Runtime    Last Run               Last # of DB Queries
------------------------------  -----  ---------  --------  ----------  --------------  -------------------  ----------------------
/opt/airflow/dags/first_dag.py                           1           0  0.65s           2025-03-15T09:49:31                      12
================================================================================
[2025-03-15T09:50:29.184+0000] {manager.py:997} INFO - 
================================================================================
DAG File Processing Stats

File Path                       PID    Runtime      # DAGs    # Errors  Last Runtime    Last Run               Last # of DB Queries
------------------------------  -----  ---------  --------  ----------  --------------  -------------------  ----------------------
/opt/airflow/dags/first_dag.py                           1           0  0.51s           2025-03-15T09:50:02                      12
================================================================================
[2025-03-15T09:50:59.488+0000] {manager.py:997} INFO - 
================================================================================
DAG File Processing Stats

File Path                       PID    Runtime      # DAGs    # Errors  Last Runtime    Last Run               Last # of DB Queries
------------------------------  -----  ---------  --------  ----------  --------------  -------------------  ----------------------
/opt/airflow/dags/first_dag.py                           1           0  0.65s           2025-03-15T09:50:33                      12
================================================================================
[2025-03-15T09:51:29.768+0000] {manager.py:997} INFO - 
================================================================================
DAG File Processing Stats

File Path                       PID    Runtime      # DAGs    # Errors  Last Runtime    Last Run               Last # of DB Queries
------------------------------  -----  ---------  --------  ----------  --------------  -------------------  ----------------------
/opt/airflow/dags/first_dag.py                           1           0  0.60s           2025-03-15T09:51:05                      12
================================================================================
[2025-03-15T09:52:00.638+0000] {manager.py:997} INFO - 
================================================================================
DAG File Processing Stats

File Path                       PID    Runtime      # DAGs    # Errors  Last Runtime    Last Run               Last # of DB Queries
------------------------------  -----  ---------  --------  ----------  --------------  -------------------  ----------------------
/opt/airflow/dags/first_dag.py                           1           0  0.68s           2025-03-15T09:51:36                      12
================================================================================
[2025-03-15T09:52:31.211+0000] {manager.py:997} INFO - 
================================================================================
DAG File Processing Stats

File Path                       PID    Runtime      # DAGs    # Errors  Last Runtime    Last Run               Last # of DB Queries
------------------------------  -----  ---------  --------  ----------  --------------  -------------------  ----------------------
/opt/airflow/dags/first_dag.py                           1           0  0.63s           2025-03-15T09:52:07                      12
================================================================================
[2025-03-15T09:53:01.251+0000] {manager.py:997} INFO - 
================================================================================
DAG File Processing Stats

File Path                       PID    Runtime      # DAGs    # Errors  Last Runtime    Last Run               Last # of DB Queries
------------------------------  -----  ---------  --------  ----------  --------------  -------------------  ----------------------
/opt/airflow/dags/first_dag.py                           1           0  0.67s           2025-03-15T09:52:38                      12
================================================================================
[2025-03-15T09:53:31.758+0000] {manager.py:997} INFO - 
================================================================================
DAG File Processing Stats

File Path                       PID    Runtime      # DAGs    # Errors  Last Runtime    Last Run               Last # of DB Queries
------------------------------  -----  ---------  --------  ----------  --------------  -------------------  ----------------------
/opt/airflow/dags/first_dag.py                           1           0  0.68s           2025-03-15T09:53:09                      12
================================================================================
[2025-03-15T09:54:02.183+0000] {manager.py:997} INFO - 
================================================================================
DAG File Processing Stats

File Path                       PID    Runtime      # DAGs    # Errors  Last Runtime    Last Run               Last # of DB Queries
------------------------------  -----  ---------  --------  ----------  --------------  -------------------  ----------------------
/opt/airflow/dags/first_dag.py                           1           0  0.79s           2025-03-15T09:53:40                      12
================================================================================
[2025-03-15T09:54:32.442+0000] {manager.py:997} INFO - 
================================================================================
DAG File Processing Stats

File Path                       PID    Runtime      # DAGs    # Errors  Last Runtime    Last Run               Last # of DB Queries
------------------------------  -----  ---------  --------  ----------  --------------  -------------------  ----------------------
/opt/airflow/dags/first_dag.py                           1           0  0.66s           2025-03-15T09:54:11                      12
================================================================================
[2025-03-15T09:54:47.470+0000] {manager.py:821} INFO - Searching for files in /opt/airflow/dags
[2025-03-15T09:54:47.585+0000] {manager.py:824} INFO - There are 1 files in /opt/airflow/dags
[2025-03-15T09:55:03.048+0000] {manager.py:997} INFO - 
================================================================================
DAG File Processing Stats

File Path                       PID    Runtime      # DAGs    # Errors  Last Runtime    Last Run               Last # of DB Queries
------------------------------  -----  ---------  --------  ----------  --------------  -------------------  ----------------------
/opt/airflow/dags/first_dag.py                           1           0  0.71s           2025-03-15T09:54:42                      12
================================================================================
[2025-03-15T09:55:33.599+0000] {manager.py:997} INFO - 
================================================================================
DAG File Processing Stats

File Path                       PID    Runtime      # DAGs    # Errors  Last Runtime    Last Run               Last # of DB Queries
------------------------------  -----  ---------  --------  ----------  --------------  -------------------  ----------------------
/opt/airflow/dags/first_dag.py                           1           0  0.62s           2025-03-15T09:55:13                      12
================================================================================
[2025-03-15T09:56:04.421+0000] {manager.py:997} INFO - 
================================================================================
DAG File Processing Stats

File Path                       PID    Runtime      # DAGs    # Errors  Last Runtime    Last Run               Last # of DB Queries
------------------------------  -----  ---------  --------  ----------  --------------  -------------------  ----------------------
/opt/airflow/dags/first_dag.py                           1           0  0.69s           2025-03-15T09:55:44                      12
================================================================================
[2025-03-15T09:56:35.014+0000] {manager.py:997} INFO - 
================================================================================
DAG File Processing Stats

File Path                       PID    Runtime      # DAGs    # Errors  Last Runtime    Last Run               Last # of DB Queries
------------------------------  -----  ---------  --------  ----------  --------------  -------------------  ----------------------
/opt/airflow/dags/first_dag.py                           1           0  0.67s           2025-03-15T09:56:15                      12
================================================================================
[2025-03-15T09:57:05.090+0000] {manager.py:997} INFO - 
================================================================================
DAG File Processing Stats

File Path                       PID    Runtime      # DAGs    # Errors  Last Runtime    Last Run               Last # of DB Queries
------------------------------  -----  ---------  --------  ----------  --------------  -------------------  ----------------------
/opt/airflow/dags/first_dag.py                           1           0  0.63s           2025-03-15T09:56:46                      12
================================================================================
[2025-03-15T09:57:35.516+0000] {manager.py:997} INFO - 
================================================================================
DAG File Processing Stats

File Path                       PID    Runtime      # DAGs    # Errors  Last Runtime    Last Run               Last # of DB Queries
------------------------------  -----  ---------  --------  ----------  --------------  -------------------  ----------------------
/opt/airflow/dags/first_dag.py                           1           0  0.62s           2025-03-15T09:57:17                      12
================================================================================
[2025-03-15T09:58:06.410+0000] {manager.py:997} INFO - 
================================================================================
DAG File Processing Stats

File Path                       PID    Runtime      # DAGs    # Errors  Last Runtime    Last Run               Last # of DB Queries
------------------------------  -----  ---------  --------  ----------  --------------  -------------------  ----------------------
/opt/airflow/dags/first_dag.py                           1           0  0.61s           2025-03-15T09:57:47                      12
================================================================================
[2025-03-15T09:58:36.612+0000] {manager.py:997} INFO - 
================================================================================
DAG File Processing Stats

File Path                       PID    Runtime      # DAGs    # Errors  Last Runtime    Last Run               Last # of DB Queries
------------------------------  -----  ---------  --------  ----------  --------------  -------------------  ----------------------
/opt/airflow/dags/first_dag.py                           1           0  0.44s           2025-03-15T09:58:19                      12
================================================================================
[2025-03-15T09:59:06.925+0000] {manager.py:997} INFO - 
================================================================================
DAG File Processing Stats

File Path                       PID    Runtime      # DAGs    # Errors  Last Runtime    Last Run               Last # of DB Queries
------------------------------  -----  ---------  --------  ----------  --------------  -------------------  ----------------------
/opt/airflow/dags/first_dag.py                           1           0  1.51s           2025-03-15T09:58:51                      12
================================================================================
[2025-03-15T09:59:37.075+0000] {manager.py:997} INFO - 
================================================================================
DAG File Processing Stats

File Path                       PID    Runtime      # DAGs    # Errors  Last Runtime    Last Run               Last # of DB Queries
------------------------------  -----  ---------  --------  ----------  --------------  -------------------  ----------------------
/opt/airflow/dags/first_dag.py                           1           0  0.69s           2025-03-15T09:59:22                      12
================================================================================
[2025-03-15T09:59:47.919+0000] {manager.py:821} INFO - Searching for files in /opt/airflow/dags
[2025-03-15T09:59:48.030+0000] {manager.py:824} INFO - There are 1 files in /opt/airflow/dags
[2025-03-15T10:00:07.240+0000] {manager.py:997} INFO - 
================================================================================
DAG File Processing Stats

File Path                       PID    Runtime      # DAGs    # Errors  Last Runtime    Last Run               Last # of DB Queries
------------------------------  -----  ---------  --------  ----------  --------------  -------------------  ----------------------
/opt/airflow/dags/first_dag.py                           1           0  0.68s           2025-03-15T09:59:53                      12
================================================================================
[2025-03-15T10:00:37.388+0000] {manager.py:997} INFO - 
================================================================================
DAG File Processing Stats

File Path                       PID    Runtime      # DAGs    # Errors  Last Runtime    Last Run               Last # of DB Queries
------------------------------  -----  ---------  --------  ----------  --------------  -------------------  ----------------------
/opt/airflow/dags/first_dag.py                           1           0  0.68s           2025-03-15T10:00:25                      12
================================================================================
[2025-03-15T10:01:07.793+0000] {manager.py:997} INFO - 
================================================================================
DAG File Processing Stats

File Path                       PID    Runtime      # DAGs    # Errors  Last Runtime    Last Run               Last # of DB Queries
------------------------------  -----  ---------  --------  ----------  --------------  -------------------  ----------------------
/opt/airflow/dags/first_dag.py                           1           0  0.68s           2025-03-15T10:00:56                      12
================================================================================
[2025-03-15T10:01:38.068+0000] {manager.py:997} INFO - 
================================================================================
DAG File Processing Stats

File Path                       PID    Runtime      # DAGs    # Errors  Last Runtime    Last Run               Last # of DB Queries
------------------------------  -----  ---------  --------  ----------  --------------  -------------------  ----------------------
/opt/airflow/dags/first_dag.py                           1           0  0.47s           2025-03-15T10:01:27                      12
================================================================================
[2025-03-15T10:02:08.326+0000] {manager.py:997} INFO - 
================================================================================
DAG File Processing Stats

File Path                       PID    Runtime      # DAGs    # Errors  Last Runtime    Last Run               Last # of DB Queries
------------------------------  -----  ---------  --------  ----------  --------------  -------------------  ----------------------
/opt/airflow/dags/first_dag.py                           1           0  0.65s           2025-03-15T10:01:58                      12
================================================================================
[2025-03-15T10:02:38.393+0000] {manager.py:997} INFO - 
================================================================================
DAG File Processing Stats

File Path                       PID    Runtime      # DAGs    # Errors  Last Runtime    Last Run               Last # of DB Queries
------------------------------  -----  ---------  --------  ----------  --------------  -------------------  ----------------------
/opt/airflow/dags/first_dag.py                           1           0  0.65s           2025-03-15T10:02:29                      12
================================================================================
[2025-03-15T10:03:08.384+0000] {manager.py:997} INFO - 
================================================================================
DAG File Processing Stats

File Path                       PID    Runtime      # DAGs    # Errors  Last Runtime    Last Run               Last # of DB Queries
------------------------------  -----  ---------  --------  ----------  --------------  -------------------  ----------------------
/opt/airflow/dags/first_dag.py                           1           0  3.15s           2025-03-15T10:03:03                      12
================================================================================
[2025-03-15T10:03:39.169+0000] {manager.py:997} INFO - 
================================================================================
DAG File Processing Stats

File Path                       PID    Runtime      # DAGs    # Errors  Last Runtime    Last Run               Last # of DB Queries
------------------------------  -----  ---------  --------  ----------  --------------  -------------------  ----------------------
/opt/airflow/dags/first_dag.py                           1           0  0.65s           2025-03-15T10:03:34                      12
================================================================================
[2025-03-15T10:04:09.169+0000] {manager.py:997} INFO - 
================================================================================
DAG File Processing Stats

File Path                       PID    Runtime      # DAGs    # Errors  Last Runtime    Last Run               Last # of DB Queries
------------------------------  -----  ---------  --------  ----------  --------------  -------------------  ----------------------
/opt/airflow/dags/first_dag.py                           1           0  0.64s           2025-03-15T10:04:05                      12
================================================================================
[2025-03-15T10:04:39.562+0000] {manager.py:997} INFO - 
================================================================================
DAG File Processing Stats

File Path                       PID    Runtime      # DAGs    # Errors  Last Runtime    Last Run               Last # of DB Queries
------------------------------  -----  ---------  --------  ----------  --------------  -------------------  ----------------------
/opt/airflow/dags/first_dag.py                           1           0  0.66s           2025-03-15T10:04:36                      12
================================================================================
[2025-03-15T10:04:48.358+0000] {manager.py:821} INFO - Searching for files in /opt/airflow/dags
[2025-03-15T10:04:48.485+0000] {manager.py:824} INFO - There are 1 files in /opt/airflow/dags
[2025-03-15T10:05:09.617+0000] {manager.py:997} INFO - 
================================================================================
DAG File Processing Stats

File Path                       PID    Runtime      # DAGs    # Errors  Last Runtime    Last Run               Last # of DB Queries
------------------------------  -----  ---------  --------  ----------  --------------  -------------------  ----------------------
/opt/airflow/dags/first_dag.py                           1           0  1.67s           2025-03-15T10:05:08                      12
================================================================================
[2025-03-15T10:05:39.778+0000] {manager.py:997} INFO - 
================================================================================
DAG File Processing Stats

File Path                         PID  Runtime      # DAGs    # Errors  Last Runtime    Last Run               Last # of DB Queries
------------------------------  -----  ---------  --------  ----------  --------------  -------------------  ----------------------
/opt/airflow/dags/first_dag.py    512  0.38s             1           0  1.67s           2025-03-15T10:05:08                      12
================================================================================
[2025-03-15T10:06:10.661+0000] {manager.py:997} INFO - 
================================================================================
DAG File Processing Stats

File Path                         PID  Runtime      # DAGs    # Errors  Last Runtime    Last Run               Last # of DB Queries
------------------------------  -----  ---------  --------  ----------  --------------  -------------------  ----------------------
/opt/airflow/dags/first_dag.py    517  0.01s             1           0  0.59s           2025-03-15T10:05:39                      12
================================================================================
[2025-03-15T10:06:41.324+0000] {manager.py:997} INFO - 
================================================================================
DAG File Processing Stats

File Path                       PID    Runtime      # DAGs    # Errors  Last Runtime    Last Run               Last # of DB Queries
------------------------------  -----  ---------  --------  ----------  --------------  -------------------  ----------------------
/opt/airflow/dags/first_dag.py                           1           0  0.66s           2025-03-15T10:06:11                      12
================================================================================
[2025-03-15T10:07:12.169+0000] {manager.py:997} INFO - 
================================================================================
DAG File Processing Stats

File Path                       PID    Runtime      # DAGs    # Errors  Last Runtime    Last Run               Last # of DB Queries
------------------------------  -----  ---------  --------  ----------  --------------  -------------------  ----------------------
/opt/airflow/dags/first_dag.py                           1           0  0.71s           2025-03-15T10:06:42                      12
================================================================================
[2025-03-15T10:07:42.554+0000] {manager.py:997} INFO - 
================================================================================
DAG File Processing Stats

File Path                       PID    Runtime      # DAGs    # Errors  Last Runtime    Last Run               Last # of DB Queries
------------------------------  -----  ---------  --------  ----------  --------------  -------------------  ----------------------
/opt/airflow/dags/first_dag.py                           1           0  0.69s           2025-03-15T10:07:13                      12
================================================================================
[2025-03-15T10:08:12.924+0000] {manager.py:997} INFO - 
================================================================================
DAG File Processing Stats

File Path                       PID    Runtime      # DAGs    # Errors  Last Runtime    Last Run               Last # of DB Queries
------------------------------  -----  ---------  --------  ----------  --------------  -------------------  ----------------------
/opt/airflow/dags/first_dag.py                           1           0  2.48s           2025-03-15T10:07:46                      12
================================================================================
[2025-03-15T10:08:43.058+0000] {manager.py:997} INFO - 
================================================================================
DAG File Processing Stats

File Path                       PID    Runtime      # DAGs    # Errors  Last Runtime    Last Run               Last # of DB Queries
------------------------------  -----  ---------  --------  ----------  --------------  -------------------  ----------------------
/opt/airflow/dags/first_dag.py                           1           0  0.64s           2025-03-15T10:08:17                      12
================================================================================
[2025-03-15T10:09:13.541+0000] {manager.py:997} INFO - 
================================================================================
DAG File Processing Stats

File Path                       PID    Runtime      # DAGs    # Errors  Last Runtime    Last Run               Last # of DB Queries
------------------------------  -----  ---------  --------  ----------  --------------  -------------------  ----------------------
/opt/airflow/dags/first_dag.py                           1           0  0.64s           2025-03-15T10:08:48                      12
================================================================================
[2025-03-15T10:09:44.437+0000] {manager.py:997} INFO - 
================================================================================
DAG File Processing Stats

File Path                       PID    Runtime      # DAGs    # Errors  Last Runtime    Last Run               Last # of DB Queries
------------------------------  -----  ---------  --------  ----------  --------------  -------------------  ----------------------
/opt/airflow/dags/first_dag.py                           1           0  0.62s           2025-03-15T10:09:19                      12
================================================================================
[2025-03-15T10:09:48.537+0000] {manager.py:821} INFO - Searching for files in /opt/airflow/dags
[2025-03-15T10:09:48.663+0000] {manager.py:824} INFO - There are 1 files in /opt/airflow/dags
[2025-03-15T10:10:15.148+0000] {manager.py:997} INFO - 
================================================================================
DAG File Processing Stats

File Path                       PID    Runtime      # DAGs    # Errors  Last Runtime    Last Run               Last # of DB Queries
------------------------------  -----  ---------  --------  ----------  --------------  -------------------  ----------------------
/opt/airflow/dags/first_dag.py                           1           0  0.63s           2025-03-15T10:09:51                      12
================================================================================
[2025-03-15T10:10:45.334+0000] {manager.py:997} INFO - 
================================================================================
DAG File Processing Stats

File Path                       PID    Runtime      # DAGs    # Errors  Last Runtime    Last Run               Last # of DB Queries
------------------------------  -----  ---------  --------  ----------  --------------  -------------------  ----------------------
/opt/airflow/dags/first_dag.py                           1           0  0.71s           2025-03-15T10:10:22                      12
================================================================================
[2025-03-15T10:11:15.531+0000] {manager.py:997} INFO - 
================================================================================
DAG File Processing Stats

File Path                       PID    Runtime      # DAGs    # Errors  Last Runtime    Last Run               Last # of DB Queries
------------------------------  -----  ---------  --------  ----------  --------------  -------------------  ----------------------
/opt/airflow/dags/first_dag.py                           1           0  0.62s           2025-03-15T10:10:53                      12
================================================================================
[2025-03-15T10:11:45.582+0000] {manager.py:997} INFO - 
================================================================================
DAG File Processing Stats

File Path                       PID    Runtime      # DAGs    # Errors  Last Runtime    Last Run               Last # of DB Queries
------------------------------  -----  ---------  --------  ----------  --------------  -------------------  ----------------------
/opt/airflow/dags/first_dag.py                           1           0  1.08s           2025-03-15T10:11:25                      12
================================================================================
[2025-03-15T10:12:16.256+0000] {manager.py:997} INFO - 
================================================================================
DAG File Processing Stats

File Path                       PID    Runtime      # DAGs    # Errors  Last Runtime    Last Run               Last # of DB Queries
------------------------------  -----  ---------  --------  ----------  --------------  -------------------  ----------------------
/opt/airflow/dags/first_dag.py                           1           0  0.67s           2025-03-15T10:11:56                      12
================================================================================
[2025-03-15T10:12:46.271+0000] {manager.py:997} INFO - 
================================================================================
DAG File Processing Stats

File Path                       PID    Runtime      # DAGs    # Errors  Last Runtime    Last Run               Last # of DB Queries
------------------------------  -----  ---------  --------  ----------  --------------  -------------------  ----------------------
/opt/airflow/dags/first_dag.py                           1           0  0.66s           2025-03-15T10:12:27                      12
================================================================================
[2025-03-15T10:13:16.725+0000] {manager.py:997} INFO - 
================================================================================
DAG File Processing Stats

File Path                       PID    Runtime      # DAGs    # Errors  Last Runtime    Last Run               Last # of DB Queries
------------------------------  -----  ---------  --------  ----------  --------------  -------------------  ----------------------
/opt/airflow/dags/first_dag.py                           1           0  0.65s           2025-03-15T10:12:58                      12
================================================================================
[2025-03-15T10:13:47.464+0000] {manager.py:997} INFO - 
================================================================================
DAG File Processing Stats

File Path                       PID    Runtime      # DAGs    # Errors  Last Runtime    Last Run               Last # of DB Queries
------------------------------  -----  ---------  --------  ----------  --------------  -------------------  ----------------------
/opt/airflow/dags/first_dag.py                           1           0  0.69s           2025-03-15T10:13:29                      12
================================================================================
[2025-03-15T10:14:17.965+0000] {manager.py:997} INFO - 
================================================================================
DAG File Processing Stats

File Path                       PID    Runtime      # DAGs    # Errors  Last Runtime    Last Run               Last # of DB Queries
------------------------------  -----  ---------  --------  ----------  --------------  -------------------  ----------------------
/opt/airflow/dags/first_dag.py                           1           0  0.61s           2025-03-15T10:14:00                      12
================================================================================
[2025-03-15T10:14:48.740+0000] {manager.py:821} INFO - Searching for files in /opt/airflow/dags
[2025-03-15T10:14:48.836+0000] {manager.py:824} INFO - There are 1 files in /opt/airflow/dags
[2025-03-15T10:14:48.869+0000] {manager.py:997} INFO - 
================================================================================
DAG File Processing Stats

File Path                       PID    Runtime      # DAGs    # Errors  Last Runtime    Last Run               Last # of DB Queries
------------------------------  -----  ---------  --------  ----------  --------------  -------------------  ----------------------
/opt/airflow/dags/first_dag.py                           1           0  0.63s           2025-03-15T10:14:31                      12
================================================================================
[2025-03-15T10:15:19.281+0000] {manager.py:997} INFO - 
================================================================================
DAG File Processing Stats

File Path                       PID    Runtime      # DAGs    # Errors  Last Runtime    Last Run               Last # of DB Queries
------------------------------  -----  ---------  --------  ----------  --------------  -------------------  ----------------------
/opt/airflow/dags/first_dag.py                           1           0  0.60s           2025-03-15T10:15:02                      12
================================================================================
[2025-03-15T10:15:49.382+0000] {manager.py:997} INFO - 
================================================================================
DAG File Processing Stats

File Path                       PID    Runtime      # DAGs    # Errors  Last Runtime    Last Run               Last # of DB Queries
------------------------------  -----  ---------  --------  ----------  --------------  -------------------  ----------------------
/opt/airflow/dags/first_dag.py                           1           0  2.78s           2025-03-15T10:15:35                      12
================================================================================
[2025-03-15T10:16:19.925+0000] {manager.py:997} INFO - 
================================================================================
DAG File Processing Stats

File Path                       PID    Runtime      # DAGs    # Errors  Last Runtime    Last Run               Last # of DB Queries
------------------------------  -----  ---------  --------  ----------  --------------  -------------------  ----------------------
/opt/airflow/dags/first_dag.py                           1           0  2.10s           2025-03-15T10:16:08                      12
================================================================================
[2025-03-15T10:16:49.972+0000] {manager.py:997} INFO - 
================================================================================
DAG File Processing Stats

File Path                       PID    Runtime      # DAGs    # Errors  Last Runtime    Last Run               Last # of DB Queries
------------------------------  -----  ---------  --------  ----------  --------------  -------------------  ----------------------
/opt/airflow/dags/first_dag.py                           1           0  0.69s           2025-03-15T10:16:39                      12
================================================================================
[2025-03-15T10:17:20.328+0000] {manager.py:997} INFO - 
================================================================================
DAG File Processing Stats

File Path                       PID    Runtime      # DAGs    # Errors  Last Runtime    Last Run               Last # of DB Queries
------------------------------  -----  ---------  --------  ----------  --------------  -------------------  ----------------------
/opt/airflow/dags/first_dag.py                           1           0  0.65s           2025-03-15T10:17:11                      12
================================================================================
[2025-03-15T10:17:49.987+0000] {manager.py:465} INFO - Exiting gracefully upon receiving signal 15
[2025-03-15T10:18:58.571+0000] {manager.py:483} INFO - Processing files using up to 2 processes at a time 
[2025-03-15T10:18:58.573+0000] {manager.py:484} INFO - Process each file at most once every 30 seconds
[2025-03-15T10:18:58.574+0000] {manager.py:485} INFO - Checking for new files in /opt/airflow/dags every 300 seconds
[2025-03-15T10:18:58.574+0000] {manager.py:821} INFO - Searching for files in /opt/airflow/dags
[2025-03-15T10:18:58.682+0000] {manager.py:824} INFO - There are 1 files in /opt/airflow/dags
[2025-03-15T10:18:58.965+0000] {manager.py:997} INFO - 
================================================================================
DAG File Processing Stats

File Path                         PID  Runtime      # DAGs    # Errors  Last Runtime    Last Run      Last # of DB Queries
------------------------------  -----  ---------  --------  ----------  --------------  ----------  ----------------------
/opt/airflow/dags/first_dag.py    167  0.06s             0           0                                                   0
================================================================================
[2025-03-15T10:19:29.338+0000] {manager.py:997} INFO - 
================================================================================
DAG File Processing Stats

File Path                       PID    Runtime      # DAGs    # Errors  Last Runtime    Last Run               Last # of DB Queries
------------------------------  -----  ---------  --------  ----------  --------------  -------------------  ----------------------
/opt/airflow/dags/first_dag.py                           1           0  0.62s           2025-03-15T10:18:59                      12
================================================================================
[2025-03-15T10:19:59.789+0000] {manager.py:997} INFO - 
================================================================================
DAG File Processing Stats

File Path                       PID    Runtime      # DAGs    # Errors  Last Runtime    Last Run               Last # of DB Queries
------------------------------  -----  ---------  --------  ----------  --------------  -------------------  ----------------------
/opt/airflow/dags/first_dag.py                           1           0  0.70s           2025-03-15T10:19:30                      12
================================================================================
[2025-03-15T10:20:29.923+0000] {manager.py:997} INFO - 
================================================================================
DAG File Processing Stats

File Path                       PID    Runtime      # DAGs    # Errors  Last Runtime    Last Run               Last # of DB Queries
------------------------------  -----  ---------  --------  ----------  --------------  -------------------  ----------------------
/opt/airflow/dags/first_dag.py                           1           0  0.64s           2025-03-15T10:20:01                      12
================================================================================
[2025-03-15T10:21:00.405+0000] {manager.py:997} INFO - 
================================================================================
DAG File Processing Stats

File Path                       PID    Runtime      # DAGs    # Errors  Last Runtime    Last Run               Last # of DB Queries
------------------------------  -----  ---------  --------  ----------  --------------  -------------------  ----------------------
/opt/airflow/dags/first_dag.py                           1           0  0.61s           2025-03-15T10:20:32                      12
================================================================================
[2025-03-15T10:21:30.560+0000] {manager.py:997} INFO - 
================================================================================
DAG File Processing Stats

File Path                       PID    Runtime      # DAGs    # Errors  Last Runtime    Last Run               Last # of DB Queries
------------------------------  -----  ---------  --------  ----------  --------------  -------------------  ----------------------
/opt/airflow/dags/first_dag.py                           1           0  0.67s           2025-03-15T10:21:03                      12
================================================================================
[2025-03-15T10:22:01.551+0000] {manager.py:997} INFO - 
================================================================================
DAG File Processing Stats

File Path                       PID    Runtime      # DAGs    # Errors  Last Runtime    Last Run               Last # of DB Queries
------------------------------  -----  ---------  --------  ----------  --------------  -------------------  ----------------------
/opt/airflow/dags/first_dag.py                           1           0  0.50s           2025-03-15T10:21:34                      12
================================================================================
[2025-03-15T10:22:31.707+0000] {manager.py:997} INFO - 
================================================================================
DAG File Processing Stats

File Path                       PID    Runtime      # DAGs    # Errors  Last Runtime    Last Run               Last # of DB Queries
------------------------------  -----  ---------  --------  ----------  --------------  -------------------  ----------------------
/opt/airflow/dags/first_dag.py                           1           0  0.66s           2025-03-15T10:22:05                      12
================================================================================
[2025-03-15T10:23:01.905+0000] {manager.py:997} INFO - 
================================================================================
DAG File Processing Stats

File Path                       PID    Runtime      # DAGs    # Errors  Last Runtime    Last Run               Last # of DB Queries
------------------------------  -----  ---------  --------  ----------  --------------  -------------------  ----------------------
/opt/airflow/dags/first_dag.py                           1           0  0.70s           2025-03-15T10:22:36                      12
================================================================================
[2025-03-15T10:23:32.355+0000] {manager.py:997} INFO - 
================================================================================
DAG File Processing Stats

File Path                       PID    Runtime      # DAGs    # Errors  Last Runtime    Last Run               Last # of DB Queries
------------------------------  -----  ---------  --------  ----------  --------------  -------------------  ----------------------
/opt/airflow/dags/first_dag.py                           1           0  0.59s           2025-03-15T10:23:07                      12
================================================================================
[2025-03-15T10:23:59.004+0000] {manager.py:821} INFO - Searching for files in /opt/airflow/dags
[2025-03-15T10:23:59.125+0000] {manager.py:824} INFO - There are 1 files in /opt/airflow/dags
[2025-03-15T10:24:02.542+0000] {manager.py:997} INFO - 
================================================================================
DAG File Processing Stats

File Path                       PID    Runtime      # DAGs    # Errors  Last Runtime    Last Run               Last # of DB Queries
------------------------------  -----  ---------  --------  ----------  --------------  -------------------  ----------------------
/opt/airflow/dags/first_dag.py                           1           0  0.67s           2025-03-15T10:23:38                      12
================================================================================
[2025-03-15T10:24:32.972+0000] {manager.py:997} INFO - 
================================================================================
DAG File Processing Stats

File Path                       PID    Runtime      # DAGs    # Errors  Last Runtime    Last Run               Last # of DB Queries
------------------------------  -----  ---------  --------  ----------  --------------  -------------------  ----------------------
/opt/airflow/dags/first_dag.py                           1           0  0.63s           2025-03-15T10:24:08                      12
================================================================================
[2025-03-15T10:25:03.108+0000] {manager.py:997} INFO - 
================================================================================
DAG File Processing Stats

File Path                       PID    Runtime      # DAGs    # Errors  Last Runtime    Last Run               Last # of DB Queries
------------------------------  -----  ---------  --------  ----------  --------------  -------------------  ----------------------
/opt/airflow/dags/first_dag.py                           1           0  0.65s           2025-03-15T10:24:39                      12
================================================================================
[2025-03-15T10:25:33.555+0000] {manager.py:997} INFO - 
================================================================================
DAG File Processing Stats

File Path                       PID    Runtime      # DAGs    # Errors  Last Runtime    Last Run               Last # of DB Queries
------------------------------  -----  ---------  --------  ----------  --------------  -------------------  ----------------------
/opt/airflow/dags/first_dag.py                           1           0  0.63s           2025-03-15T10:25:10                      12
================================================================================
[2025-03-15T10:26:03.703+0000] {manager.py:997} INFO - 
================================================================================
DAG File Processing Stats

File Path                       PID    Runtime      # DAGs    # Errors  Last Runtime    Last Run               Last # of DB Queries
------------------------------  -----  ---------  --------  ----------  --------------  -------------------  ----------------------
/opt/airflow/dags/first_dag.py                           1           0  0.65s           2025-03-15T10:25:41                      12
================================================================================
[2025-03-15T10:26:34.139+0000] {manager.py:997} INFO - 
================================================================================
DAG File Processing Stats

File Path                       PID    Runtime      # DAGs    # Errors  Last Runtime    Last Run               Last # of DB Queries
------------------------------  -----  ---------  --------  ----------  --------------  -------------------  ----------------------
/opt/airflow/dags/first_dag.py                           1           0  0.52s           2025-03-15T10:26:12                      12
================================================================================
[2025-03-15T10:27:04.321+0000] {manager.py:997} INFO - 
================================================================================
DAG File Processing Stats

File Path                       PID    Runtime      # DAGs    # Errors  Last Runtime    Last Run               Last # of DB Queries
------------------------------  -----  ---------  --------  ----------  --------------  -------------------  ----------------------
/opt/airflow/dags/first_dag.py                           1           0  0.67s           2025-03-15T10:26:42                      12
================================================================================
[2025-03-15T10:27:34.799+0000] {manager.py:997} INFO - 
================================================================================
DAG File Processing Stats

File Path                       PID    Runtime      # DAGs    # Errors  Last Runtime    Last Run               Last # of DB Queries
------------------------------  -----  ---------  --------  ----------  --------------  -------------------  ----------------------
/opt/airflow/dags/first_dag.py                           1           0  0.61s           2025-03-15T10:27:13                      12
================================================================================
[2025-03-15T10:28:04.812+0000] {manager.py:997} INFO - 
================================================================================
DAG File Processing Stats

File Path                       PID    Runtime      # DAGs    # Errors  Last Runtime    Last Run               Last # of DB Queries
------------------------------  -----  ---------  --------  ----------  --------------  -------------------  ----------------------
/opt/airflow/dags/first_dag.py                           1           0  0.52s           2025-03-15T10:27:44                      12
================================================================================
[2025-03-15T10:28:35.250+0000] {manager.py:997} INFO - 
================================================================================
DAG File Processing Stats

File Path                       PID    Runtime      # DAGs    # Errors  Last Runtime    Last Run               Last # of DB Queries
------------------------------  -----  ---------  --------  ----------  --------------  -------------------  ----------------------
/opt/airflow/dags/first_dag.py                           1           0  0.68s           2025-03-15T10:28:15                      12
================================================================================
[2025-03-15T10:28:59.233+0000] {manager.py:821} INFO - Searching for files in /opt/airflow/dags
[2025-03-15T10:28:59.346+0000] {manager.py:824} INFO - There are 1 files in /opt/airflow/dags
[2025-03-15T10:29:05.555+0000] {manager.py:997} INFO - 
================================================================================
DAG File Processing Stats

File Path                       PID    Runtime      # DAGs    # Errors  Last Runtime    Last Run               Last # of DB Queries
------------------------------  -----  ---------  --------  ----------  --------------  -------------------  ----------------------
/opt/airflow/dags/first_dag.py                           1           0  0.60s           2025-03-15T10:28:46                      12
================================================================================
[2025-03-15T10:29:35.762+0000] {manager.py:997} INFO - 
================================================================================
DAG File Processing Stats

File Path                       PID    Runtime      # DAGs    # Errors  Last Runtime    Last Run               Last # of DB Queries
------------------------------  -----  ---------  --------  ----------  --------------  -------------------  ----------------------
/opt/airflow/dags/first_dag.py                           1           0  0.69s           2025-03-15T10:29:17                      12
================================================================================
[2025-03-15T10:30:05.822+0000] {manager.py:997} INFO - 
================================================================================
DAG File Processing Stats

File Path                       PID    Runtime      # DAGs    # Errors  Last Runtime    Last Run               Last # of DB Queries
------------------------------  -----  ---------  --------  ----------  --------------  -------------------  ----------------------
/opt/airflow/dags/first_dag.py                           1           0  2.45s           2025-03-15T10:29:50                      12
================================================================================
[2025-03-15T10:30:36.360+0000] {manager.py:997} INFO - 
================================================================================
DAG File Processing Stats

File Path                       PID    Runtime      # DAGs    # Errors  Last Runtime    Last Run               Last # of DB Queries
------------------------------  -----  ---------  --------  ----------  --------------  -------------------  ----------------------
/opt/airflow/dags/first_dag.py                           1           0  0.65s           2025-03-15T10:30:21                      12
================================================================================
[2025-03-15T10:31:07.279+0000] {manager.py:997} INFO - 
================================================================================
DAG File Processing Stats

File Path                       PID    Runtime      # DAGs    # Errors  Last Runtime    Last Run               Last # of DB Queries
------------------------------  -----  ---------  --------  ----------  --------------  -------------------  ----------------------
/opt/airflow/dags/first_dag.py                           1           0  0.63s           2025-03-15T10:30:52                      12
================================================================================
[2025-03-15T10:31:37.341+0000] {manager.py:997} INFO - 
================================================================================
DAG File Processing Stats

File Path                       PID    Runtime      # DAGs    # Errors  Last Runtime    Last Run               Last # of DB Queries
------------------------------  -----  ---------  --------  ----------  --------------  -------------------  ----------------------
/opt/airflow/dags/first_dag.py                           1           0  0.61s           2025-03-15T10:31:23                      12
================================================================================
[2025-03-15T10:32:07.711+0000] {manager.py:997} INFO - 
================================================================================
DAG File Processing Stats

File Path                       PID    Runtime      # DAGs    # Errors  Last Runtime    Last Run               Last # of DB Queries
------------------------------  -----  ---------  --------  ----------  --------------  -------------------  ----------------------
/opt/airflow/dags/first_dag.py                           1           0  0.69s           2025-03-15T10:31:54                      12
================================================================================
[2025-03-15T10:32:38.230+0000] {manager.py:997} INFO - 
================================================================================
DAG File Processing Stats

File Path                       PID    Runtime      # DAGs    # Errors  Last Runtime    Last Run               Last # of DB Queries
------------------------------  -----  ---------  --------  ----------  --------------  -------------------  ----------------------
/opt/airflow/dags/first_dag.py                           1           0  0.67s           2025-03-15T10:32:25                      12
================================================================================
[2025-03-15T10:33:08.476+0000] {manager.py:997} INFO - 
================================================================================
DAG File Processing Stats

File Path                       PID    Runtime      # DAGs    # Errors  Last Runtime    Last Run               Last # of DB Queries
------------------------------  -----  ---------  --------  ----------  --------------  -------------------  ----------------------
/opt/airflow/dags/first_dag.py                           1           0  0.70s           2025-03-15T10:32:56                      12
================================================================================
[2025-03-15T10:33:38.860+0000] {manager.py:997} INFO - 
================================================================================
DAG File Processing Stats

File Path                       PID    Runtime      # DAGs    # Errors  Last Runtime    Last Run               Last # of DB Queries
------------------------------  -----  ---------  --------  ----------  --------------  -------------------  ----------------------
/opt/airflow/dags/first_dag.py                           1           0  0.68s           2025-03-15T10:33:27                      12
================================================================================
[2025-03-15T10:33:59.335+0000] {manager.py:821} INFO - Searching for files in /opt/airflow/dags
[2025-03-15T10:33:59.836+0000] {manager.py:824} INFO - There are 1 files in /opt/airflow/dags
[2025-03-15T10:34:09.286+0000] {manager.py:997} INFO - 
================================================================================
DAG File Processing Stats

File Path                       PID    Runtime      # DAGs    # Errors  Last Runtime    Last Run               Last # of DB Queries
------------------------------  -----  ---------  --------  ----------  --------------  -------------------  ----------------------
/opt/airflow/dags/first_dag.py                           1           0  0.65s           2025-03-15T10:33:58                      12
================================================================================
[2025-03-15T10:34:39.986+0000] {manager.py:997} INFO - 
================================================================================
DAG File Processing Stats

File Path                       PID    Runtime      # DAGs    # Errors  Last Runtime    Last Run               Last # of DB Queries
------------------------------  -----  ---------  --------  ----------  --------------  -------------------  ----------------------
/opt/airflow/dags/first_dag.py                           1           0  0.73s           2025-03-15T10:34:29                      12
================================================================================
[2025-03-15T10:35:10.789+0000] {manager.py:997} INFO - 
================================================================================
DAG File Processing Stats

File Path                       PID    Runtime      # DAGs    # Errors  Last Runtime    Last Run               Last # of DB Queries
------------------------------  -----  ---------  --------  ----------  --------------  -------------------  ----------------------
/opt/airflow/dags/first_dag.py                           1           0  0.63s           2025-03-15T10:35:00                      12
================================================================================
[2025-03-15T10:35:41.292+0000] {manager.py:997} INFO - 
================================================================================
DAG File Processing Stats

File Path                       PID    Runtime      # DAGs    # Errors  Last Runtime    Last Run               Last # of DB Queries
------------------------------  -----  ---------  --------  ----------  --------------  -------------------  ----------------------
/opt/airflow/dags/first_dag.py                           1           0  0.69s           2025-03-15T10:35:32                      12
================================================================================
[2025-03-15T10:36:11.381+0000] {manager.py:997} INFO - 
================================================================================
DAG File Processing Stats

File Path                       PID    Runtime      # DAGs    # Errors  Last Runtime    Last Run               Last # of DB Queries
------------------------------  -----  ---------  --------  ----------  --------------  -------------------  ----------------------
/opt/airflow/dags/first_dag.py                           1           0  0.62s           2025-03-15T10:36:03                      12
================================================================================
[2025-03-15T10:36:41.786+0000] {manager.py:997} INFO - 
================================================================================
DAG File Processing Stats

File Path                       PID    Runtime      # DAGs    # Errors  Last Runtime    Last Run               Last # of DB Queries
------------------------------  -----  ---------  --------  ----------  --------------  -------------------  ----------------------
/opt/airflow/dags/first_dag.py                           1           0  0.55s           2025-03-15T10:36:34                      12
================================================================================
[2025-03-15T10:37:12.174+0000] {manager.py:997} INFO - 
================================================================================
DAG File Processing Stats

File Path                       PID    Runtime      # DAGs    # Errors  Last Runtime    Last Run               Last # of DB Queries
------------------------------  -----  ---------  --------  ----------  --------------  -------------------  ----------------------
/opt/airflow/dags/first_dag.py                           1           0  0.40s           2025-03-15T10:37:05                      12
================================================================================
[2025-03-15T10:37:42.605+0000] {manager.py:997} INFO - 
================================================================================
DAG File Processing Stats

File Path                       PID    Runtime      # DAGs    # Errors  Last Runtime    Last Run               Last # of DB Queries
------------------------------  -----  ---------  --------  ----------  --------------  -------------------  ----------------------
/opt/airflow/dags/first_dag.py                           1           0  0.60s           2025-03-15T10:37:35                      12
================================================================================
[2025-03-15T10:38:12.656+0000] {manager.py:997} INFO - 
================================================================================
DAG File Processing Stats

File Path                       PID    Runtime      # DAGs    # Errors  Last Runtime    Last Run               Last # of DB Queries
------------------------------  -----  ---------  --------  ----------  --------------  -------------------  ----------------------
/opt/airflow/dags/first_dag.py                           1           0  0.58s           2025-03-15T10:38:06                      12
================================================================================
[2025-03-15T10:38:42.731+0000] {manager.py:997} INFO - 
================================================================================
DAG File Processing Stats

File Path                       PID    Runtime      # DAGs    # Errors  Last Runtime    Last Run               Last # of DB Queries
------------------------------  -----  ---------  --------  ----------  --------------  -------------------  ----------------------
/opt/airflow/dags/first_dag.py                           1           0  0.58s           2025-03-15T10:38:37                      12
================================================================================
[2025-03-15T10:38:59.862+0000] {manager.py:821} INFO - Searching for files in /opt/airflow/dags
[2025-03-15T10:38:59.969+0000] {manager.py:824} INFO - There are 1 files in /opt/airflow/dags
[2025-03-15T10:39:12.854+0000] {manager.py:997} INFO - 
================================================================================
DAG File Processing Stats

File Path                       PID    Runtime      # DAGs    # Errors  Last Runtime    Last Run               Last # of DB Queries
------------------------------  -----  ---------  --------  ----------  --------------  -------------------  ----------------------
/opt/airflow/dags/first_dag.py                           1           0  0.59s           2025-03-15T10:39:08                      12
================================================================================
[2025-03-15T10:39:42.914+0000] {manager.py:997} INFO - 
================================================================================
DAG File Processing Stats

File Path                       PID    Runtime      # DAGs    # Errors  Last Runtime    Last Run               Last # of DB Queries
------------------------------  -----  ---------  --------  ----------  --------------  -------------------  ----------------------
/opt/airflow/dags/first_dag.py                           1           0  0.57s           2025-03-15T10:39:39                      12
================================================================================
[2025-03-15T10:40:13.366+0000] {manager.py:997} INFO - 
================================================================================
DAG File Processing Stats

File Path                       PID    Runtime      # DAGs    # Errors  Last Runtime    Last Run               Last # of DB Queries
------------------------------  -----  ---------  --------  ----------  --------------  -------------------  ----------------------
/opt/airflow/dags/first_dag.py                           1           0  0.58s           2025-03-15T10:40:10                      12
================================================================================
[2025-03-15T10:40:43.500+0000] {manager.py:997} INFO - 
================================================================================
DAG File Processing Stats

File Path                       PID    Runtime      # DAGs    # Errors  Last Runtime    Last Run               Last # of DB Queries
------------------------------  -----  ---------  --------  ----------  --------------  -------------------  ----------------------
/opt/airflow/dags/first_dag.py                           1           0  0.64s           2025-03-15T10:40:41                      12
================================================================================
[2025-03-15T10:41:13.864+0000] {manager.py:997} INFO - 
================================================================================
DAG File Processing Stats

File Path                       PID    Runtime      # DAGs    # Errors  Last Runtime    Last Run               Last # of DB Queries
------------------------------  -----  ---------  --------  ----------  --------------  -------------------  ----------------------
/opt/airflow/dags/first_dag.py                           1           0  0.53s           2025-03-15T10:41:12                      12
================================================================================
[2025-03-15T10:41:43.939+0000] {manager.py:997} INFO - 
================================================================================
DAG File Processing Stats

File Path                       PID    Runtime      # DAGs    # Errors  Last Runtime    Last Run               Last # of DB Queries
------------------------------  -----  ---------  --------  ----------  --------------  -------------------  ----------------------
/opt/airflow/dags/first_dag.py                           1           0  0.67s           2025-03-15T10:41:42                      12
================================================================================
[2025-03-15T10:42:14.335+0000] {manager.py:997} INFO - 
================================================================================
DAG File Processing Stats

File Path                       PID    Runtime      # DAGs    # Errors  Last Runtime    Last Run               Last # of DB Queries
------------------------------  -----  ---------  --------  ----------  --------------  -------------------  ----------------------
/opt/airflow/dags/first_dag.py                           1           0  0.52s           2025-03-15T10:42:13                      12
================================================================================
[2025-03-15T10:42:44.681+0000] {manager.py:997} INFO - 
================================================================================
DAG File Processing Stats

File Path                         PID  Runtime      # DAGs    # Errors  Last Runtime    Last Run               Last # of DB Queries
------------------------------  -----  ---------  --------  ----------  --------------  -------------------  ----------------------
/opt/airflow/dags/first_dag.py    397  0.44s             1           0  0.52s           2025-03-15T10:42:13                      12
================================================================================
[2025-03-15T10:43:15.097+0000] {manager.py:997} INFO - 
================================================================================
DAG File Processing Stats

File Path                         PID  Runtime      # DAGs    # Errors  Last Runtime    Last Run               Last # of DB Queries
------------------------------  -----  ---------  --------  ----------  --------------  -------------------  ----------------------
/opt/airflow/dags/first_dag.py    402  0.01s             1           0  0.58s           2025-03-15T10:42:44                      12
================================================================================
[2025-03-15T10:43:45.562+0000] {manager.py:997} INFO - 
================================================================================
DAG File Processing Stats

File Path                       PID    Runtime      # DAGs    # Errors  Last Runtime    Last Run               Last # of DB Queries
------------------------------  -----  ---------  --------  ----------  --------------  -------------------  ----------------------
/opt/airflow/dags/first_dag.py                           1           0  0.63s           2025-03-15T10:43:15                      12
================================================================================
[2025-03-15T10:44:00.755+0000] {manager.py:821} INFO - Searching for files in /opt/airflow/dags
[2025-03-15T10:44:00.859+0000] {manager.py:824} INFO - There are 1 files in /opt/airflow/dags
[2025-03-15T10:44:16.098+0000] {manager.py:997} INFO - 
================================================================================
DAG File Processing Stats

File Path                       PID    Runtime      # DAGs    # Errors  Last Runtime    Last Run               Last # of DB Queries
------------------------------  -----  ---------  --------  ----------  --------------  -------------------  ----------------------
/opt/airflow/dags/first_dag.py                           1           0  0.49s           2025-03-15T10:43:46                      12
================================================================================
[2025-03-15T10:44:46.505+0000] {manager.py:997} INFO - 
================================================================================
DAG File Processing Stats

File Path                       PID    Runtime      # DAGs    # Errors  Last Runtime    Last Run               Last # of DB Queries
------------------------------  -----  ---------  --------  ----------  --------------  -------------------  ----------------------
/opt/airflow/dags/first_dag.py                           1           0  0.49s           2025-03-15T10:44:17                      12
================================================================================
[2025-03-15T10:45:16.905+0000] {manager.py:997} INFO - 
================================================================================
DAG File Processing Stats

File Path                       PID    Runtime      # DAGs    # Errors  Last Runtime    Last Run               Last # of DB Queries
------------------------------  -----  ---------  --------  ----------  --------------  -------------------  ----------------------
/opt/airflow/dags/first_dag.py                           1           0  0.65s           2025-03-15T10:44:48                      12
================================================================================
[2025-03-15T10:45:46.946+0000] {manager.py:997} INFO - 
================================================================================
DAG File Processing Stats

File Path                       PID    Runtime      # DAGs    # Errors  Last Runtime    Last Run               Last # of DB Queries
------------------------------  -----  ---------  --------  ----------  --------------  -------------------  ----------------------
/opt/airflow/dags/first_dag.py                           1           0  0.63s           2025-03-15T10:45:19                      12
================================================================================
[2025-03-15T10:46:17.042+0000] {manager.py:997} INFO - 
================================================================================
DAG File Processing Stats

File Path                       PID    Runtime      # DAGs    # Errors  Last Runtime    Last Run               Last # of DB Queries
------------------------------  -----  ---------  --------  ----------  --------------  -------------------  ----------------------
/opt/airflow/dags/first_dag.py                           1           0  0.64s           2025-03-15T10:45:50                      12
================================================================================
[2025-03-15T10:46:47.487+0000] {manager.py:997} INFO - 
================================================================================
DAG File Processing Stats

File Path                       PID    Runtime      # DAGs    # Errors  Last Runtime    Last Run               Last # of DB Queries
------------------------------  -----  ---------  --------  ----------  --------------  -------------------  ----------------------
/opt/airflow/dags/first_dag.py                           1           0  0.58s           2025-03-15T10:46:21                      12
================================================================================
[2025-03-15T10:47:17.522+0000] {manager.py:997} INFO - 
================================================================================
DAG File Processing Stats

File Path                       PID    Runtime      # DAGs    # Errors  Last Runtime    Last Run               Last # of DB Queries
------------------------------  -----  ---------  --------  ----------  --------------  -------------------  ----------------------
/opt/airflow/dags/first_dag.py                           1           0  0.57s           2025-03-15T10:46:52                      12
================================================================================
[2025-03-15T10:47:47.957+0000] {manager.py:997} INFO - 
================================================================================
DAG File Processing Stats

File Path                       PID    Runtime      # DAGs    # Errors  Last Runtime    Last Run               Last # of DB Queries
------------------------------  -----  ---------  --------  ----------  --------------  -------------------  ----------------------
/opt/airflow/dags/first_dag.py                           1           0  0.57s           2025-03-15T10:47:22                      12
================================================================================
[2025-03-15T10:48:17.984+0000] {manager.py:997} INFO - 
================================================================================
DAG File Processing Stats

File Path                       PID    Runtime      # DAGs    # Errors  Last Runtime    Last Run               Last # of DB Queries
------------------------------  -----  ---------  --------  ----------  --------------  -------------------  ----------------------
/opt/airflow/dags/first_dag.py                           1           0  0.56s           2025-03-15T10:47:53                      12
================================================================================
[2025-03-15T10:48:48.414+0000] {manager.py:997} INFO - 
================================================================================
DAG File Processing Stats

File Path                       PID    Runtime      # DAGs    # Errors  Last Runtime    Last Run               Last # of DB Queries
------------------------------  -----  ---------  --------  ----------  --------------  -------------------  ----------------------
/opt/airflow/dags/first_dag.py                           1           0  0.56s           2025-03-15T10:48:24                      12
================================================================================
[2025-03-15T10:49:01.084+0000] {manager.py:821} INFO - Searching for files in /opt/airflow/dags
[2025-03-15T10:49:01.202+0000] {manager.py:824} INFO - There are 1 files in /opt/airflow/dags
[2025-03-15T10:49:18.531+0000] {manager.py:997} INFO - 
================================================================================
DAG File Processing Stats

File Path                       PID    Runtime      # DAGs    # Errors  Last Runtime    Last Run               Last # of DB Queries
------------------------------  -----  ---------  --------  ----------  --------------  -------------------  ----------------------
/opt/airflow/dags/first_dag.py                           1           0  0.59s           2025-03-15T10:48:55                      12
================================================================================
[2025-03-15T10:49:48.665+0000] {manager.py:997} INFO - 
================================================================================
DAG File Processing Stats

File Path                       PID    Runtime      # DAGs    # Errors  Last Runtime    Last Run               Last # of DB Queries
------------------------------  -----  ---------  --------  ----------  --------------  -------------------  ----------------------
/opt/airflow/dags/first_dag.py                           1           0  0.64s           2025-03-15T10:49:26                      12
================================================================================
[2025-03-15T10:50:18.733+0000] {manager.py:997} INFO - 
================================================================================
DAG File Processing Stats

File Path                       PID    Runtime      # DAGs    # Errors  Last Runtime    Last Run               Last # of DB Queries
------------------------------  -----  ---------  --------  ----------  --------------  -------------------  ----------------------
/opt/airflow/dags/first_dag.py                           1           0  0.60s           2025-03-15T10:49:57                      12
================================================================================
[2025-03-15T10:50:49.165+0000] {manager.py:997} INFO - 
================================================================================
DAG File Processing Stats

File Path                       PID    Runtime      # DAGs    # Errors  Last Runtime    Last Run               Last # of DB Queries
------------------------------  -----  ---------  --------  ----------  --------------  -------------------  ----------------------
/opt/airflow/dags/first_dag.py                           1           0  0.65s           2025-03-15T10:50:28                      12
================================================================================
[2025-03-15T10:51:19.237+0000] {manager.py:997} INFO - 
================================================================================
DAG File Processing Stats

File Path                       PID    Runtime      # DAGs    # Errors  Last Runtime    Last Run               Last # of DB Queries
------------------------------  -----  ---------  --------  ----------  --------------  -------------------  ----------------------
/opt/airflow/dags/first_dag.py                           1           0  0.59s           2025-03-15T10:50:58                      12
================================================================================
[2025-03-15T10:51:49.677+0000] {manager.py:997} INFO - 
================================================================================
DAG File Processing Stats

File Path                       PID    Runtime      # DAGs    # Errors  Last Runtime    Last Run               Last # of DB Queries
------------------------------  -----  ---------  --------  ----------  --------------  -------------------  ----------------------
/opt/airflow/dags/first_dag.py                           1           0  0.58s           2025-03-15T10:51:29                      12
================================================================================
[2025-03-15T10:52:19.725+0000] {manager.py:997} INFO - 
================================================================================
DAG File Processing Stats

File Path                       PID    Runtime      # DAGs    # Errors  Last Runtime    Last Run               Last # of DB Queries
------------------------------  -----  ---------  --------  ----------  --------------  -------------------  ----------------------
/opt/airflow/dags/first_dag.py                           1           0  0.59s           2025-03-15T10:52:00                      12
================================================================================
[2025-03-15T10:52:50.126+0000] {manager.py:997} INFO - 
================================================================================
DAG File Processing Stats

File Path                       PID    Runtime      # DAGs    # Errors  Last Runtime    Last Run               Last # of DB Queries
------------------------------  -----  ---------  --------  ----------  --------------  -------------------  ----------------------
/opt/airflow/dags/first_dag.py                           1           0  0.59s           2025-03-15T10:52:31                      12
================================================================================
[2025-03-15T10:53:20.180+0000] {manager.py:997} INFO - 
================================================================================
DAG File Processing Stats

File Path                       PID    Runtime      # DAGs    # Errors  Last Runtime    Last Run               Last # of DB Queries
------------------------------  -----  ---------  --------  ----------  --------------  -------------------  ----------------------
/opt/airflow/dags/first_dag.py                           1           0  0.59s           2025-03-15T10:53:01                      12
================================================================================
[2025-03-15T10:53:50.610+0000] {manager.py:997} INFO - 
================================================================================
DAG File Processing Stats

File Path                       PID    Runtime      # DAGs    # Errors  Last Runtime    Last Run               Last # of DB Queries
------------------------------  -----  ---------  --------  ----------  --------------  -------------------  ----------------------
/opt/airflow/dags/first_dag.py                           1           0  0.58s           2025-03-15T10:53:32                      12
================================================================================
[2025-03-15T10:54:01.124+0000] {manager.py:821} INFO - Searching for files in /opt/airflow/dags
[2025-03-15T10:54:01.227+0000] {manager.py:824} INFO - There are 1 files in /opt/airflow/dags
[2025-03-15T10:54:20.685+0000] {manager.py:997} INFO - 
================================================================================
DAG File Processing Stats

File Path                       PID    Runtime      # DAGs    # Errors  Last Runtime    Last Run               Last # of DB Queries
------------------------------  -----  ---------  --------  ----------  --------------  -------------------  ----------------------
/opt/airflow/dags/first_dag.py                           1           0  0.58s           2025-03-15T10:54:03                      12
================================================================================
[2025-03-15T10:54:51.126+0000] {manager.py:997} INFO - 
================================================================================
DAG File Processing Stats

File Path                       PID    Runtime      # DAGs    # Errors  Last Runtime    Last Run               Last # of DB Queries
------------------------------  -----  ---------  --------  ----------  --------------  -------------------  ----------------------
/opt/airflow/dags/first_dag.py                           1           0  0.54s           2025-03-15T10:54:34                      12
================================================================================
[2025-03-15T10:55:21.590+0000] {manager.py:997} INFO - 
================================================================================
DAG File Processing Stats

File Path                       PID    Runtime      # DAGs    # Errors  Last Runtime    Last Run               Last # of DB Queries
------------------------------  -----  ---------  --------  ----------  --------------  -------------------  ----------------------
/opt/airflow/dags/first_dag.py                           1           0  0.55s           2025-03-15T10:55:05                      12
================================================================================
[2025-03-15T10:55:51.621+0000] {manager.py:997} INFO - 
================================================================================
DAG File Processing Stats

File Path                       PID    Runtime      # DAGs    # Errors  Last Runtime    Last Run               Last # of DB Queries
------------------------------  -----  ---------  --------  ----------  --------------  -------------------  ----------------------
/opt/airflow/dags/first_dag.py                           1           0  0.57s           2025-03-15T10:55:36                      12
================================================================================
[2025-03-15T10:56:21.746+0000] {manager.py:997} INFO - 
================================================================================
DAG File Processing Stats

File Path                       PID    Runtime      # DAGs    # Errors  Last Runtime    Last Run               Last # of DB Queries
------------------------------  -----  ---------  --------  ----------  --------------  -------------------  ----------------------
/opt/airflow/dags/first_dag.py                           1           0  0.58s           2025-03-15T10:56:07                      12
================================================================================
[2025-03-15T10:56:51.872+0000] {manager.py:997} INFO - 
================================================================================
DAG File Processing Stats

File Path                       PID    Runtime      # DAGs    # Errors  Last Runtime    Last Run               Last # of DB Queries
------------------------------  -----  ---------  --------  ----------  --------------  -------------------  ----------------------
/opt/airflow/dags/first_dag.py                           1           0  0.60s           2025-03-15T10:56:38                      12
================================================================================
[2025-03-15T10:57:21.928+0000] {manager.py:997} INFO - 
================================================================================
DAG File Processing Stats

File Path                       PID    Runtime      # DAGs    # Errors  Last Runtime    Last Run               Last # of DB Queries
------------------------------  -----  ---------  --------  ----------  --------------  -------------------  ----------------------
/opt/airflow/dags/first_dag.py                           1           0  1.36s           2025-03-15T10:57:09                      12
================================================================================
[2025-03-15T10:57:52.103+0000] {manager.py:997} INFO - 
================================================================================
DAG File Processing Stats

File Path                       PID    Runtime      # DAGs    # Errors  Last Runtime    Last Run               Last # of DB Queries
------------------------------  -----  ---------  --------  ----------  --------------  -------------------  ----------------------
/opt/airflow/dags/first_dag.py                           1           0  0.53s           2025-03-15T10:57:40                      12
================================================================================
[2025-03-15T10:58:22.295+0000] {manager.py:997} INFO - 
================================================================================
DAG File Processing Stats

File Path                       PID    Runtime      # DAGs    # Errors  Last Runtime    Last Run               Last # of DB Queries
------------------------------  -----  ---------  --------  ----------  --------------  -------------------  ----------------------
/opt/airflow/dags/first_dag.py                           1           0  0.59s           2025-03-15T10:58:12                      12
================================================================================
[2025-03-15T10:58:52.813+0000] {manager.py:997} INFO - 
================================================================================
DAG File Processing Stats

File Path                       PID    Runtime      # DAGs    # Errors  Last Runtime    Last Run               Last # of DB Queries
------------------------------  -----  ---------  --------  ----------  --------------  -------------------  ----------------------
/opt/airflow/dags/first_dag.py                           1           0  2.18s           2025-03-15T10:58:44                      12
================================================================================
[2025-03-15T10:59:01.186+0000] {manager.py:821} INFO - Searching for files in /opt/airflow/dags
[2025-03-15T10:59:01.289+0000] {manager.py:824} INFO - There are 1 files in /opt/airflow/dags
[2025-03-15T10:59:22.867+0000] {manager.py:997} INFO - 
================================================================================
DAG File Processing Stats

File Path                       PID    Runtime      # DAGs    # Errors  Last Runtime    Last Run               Last # of DB Queries
------------------------------  -----  ---------  --------  ----------  --------------  -------------------  ----------------------
/opt/airflow/dags/first_dag.py                           1           0  0.55s           2025-03-15T10:59:16                      12
================================================================================
[2025-03-15T10:59:53.040+0000] {manager.py:997} INFO - 
================================================================================
DAG File Processing Stats

File Path                       PID    Runtime      # DAGs    # Errors  Last Runtime    Last Run               Last # of DB Queries
------------------------------  -----  ---------  --------  ----------  --------------  -------------------  ----------------------
/opt/airflow/dags/first_dag.py                           1           0  0.66s           2025-03-15T10:59:47                      12
================================================================================
[2025-03-15T11:00:23.443+0000] {manager.py:997} INFO - 
================================================================================
DAG File Processing Stats

File Path                       PID    Runtime      # DAGs    # Errors  Last Runtime    Last Run               Last # of DB Queries
------------------------------  -----  ---------  --------  ----------  --------------  -------------------  ----------------------
/opt/airflow/dags/first_dag.py                           1           0  0.61s           2025-03-15T11:00:18                      12
================================================================================
[2025-03-15T11:00:53.594+0000] {manager.py:997} INFO - 
================================================================================
DAG File Processing Stats

File Path                       PID    Runtime      # DAGs    # Errors  Last Runtime    Last Run               Last # of DB Queries
------------------------------  -----  ---------  --------  ----------  --------------  -------------------  ----------------------
/opt/airflow/dags/first_dag.py                           1           0  0.63s           2025-03-15T11:00:49                      12
================================================================================
[2025-03-15T11:01:24.520+0000] {manager.py:997} INFO - 
================================================================================
DAG File Processing Stats

File Path                       PID    Runtime      # DAGs    # Errors  Last Runtime    Last Run               Last # of DB Queries
------------------------------  -----  ---------  --------  ----------  --------------  -------------------  ----------------------
/opt/airflow/dags/first_dag.py                           1           0  2.38s           2025-03-15T11:01:22                      12
================================================================================
[2025-03-15T11:01:54.986+0000] {manager.py:997} INFO - 
================================================================================
DAG File Processing Stats

File Path                       PID    Runtime      # DAGs    # Errors  Last Runtime    Last Run               Last # of DB Queries
------------------------------  -----  ---------  --------  ----------  --------------  -------------------  ----------------------
/opt/airflow/dags/first_dag.py                           1           0  0.59s           2025-03-15T11:01:53                      12
================================================================================
[2025-03-15T11:02:25.054+0000] {manager.py:997} INFO - 
================================================================================
DAG File Processing Stats

File Path                       PID    Runtime      # DAGs    # Errors  Last Runtime    Last Run               Last # of DB Queries
------------------------------  -----  ---------  --------  ----------  --------------  -------------------  ----------------------
/opt/airflow/dags/first_dag.py                           1           0  0.60s           2025-03-15T11:02:25                      12
================================================================================
[2025-03-15T11:02:55.964+0000] {manager.py:997} INFO - 
================================================================================
DAG File Processing Stats

File Path                         PID  Runtime      # DAGs    # Errors  Last Runtime    Last Run               Last # of DB Queries
------------------------------  -----  ---------  --------  ----------  --------------  -------------------  ----------------------
/opt/airflow/dags/first_dag.py    592  0.01s             1           0  0.60s           2025-03-15T11:02:25                      12
================================================================================
[2025-03-15T11:03:26.564+0000] {manager.py:997} INFO - 
================================================================================
DAG File Processing Stats

File Path                       PID    Runtime      # DAGs    # Errors  Last Runtime    Last Run               Last # of DB Queries
------------------------------  -----  ---------  --------  ----------  --------------  -------------------  ----------------------
/opt/airflow/dags/first_dag.py                           1           0  0.57s           2025-03-15T11:02:56                      12
================================================================================
[2025-03-15T11:03:57.124+0000] {manager.py:997} INFO - 
================================================================================
DAG File Processing Stats

File Path                       PID    Runtime      # DAGs    # Errors  Last Runtime    Last Run               Last # of DB Queries
------------------------------  -----  ---------  --------  ----------  --------------  -------------------  ----------------------
/opt/airflow/dags/first_dag.py                           1           0  1.03s           2025-03-15T11:03:28                      12
================================================================================
[2025-03-15T11:04:01.551+0000] {manager.py:821} INFO - Searching for files in /opt/airflow/dags
[2025-03-15T11:04:01.654+0000] {manager.py:824} INFO - There are 1 files in /opt/airflow/dags
[2025-03-15T11:04:27.399+0000] {manager.py:997} INFO - 
================================================================================
DAG File Processing Stats

File Path                       PID    Runtime      # DAGs    # Errors  Last Runtime    Last Run               Last # of DB Queries
------------------------------  -----  ---------  --------  ----------  --------------  -------------------  ----------------------
/opt/airflow/dags/first_dag.py                           1           0  0.59s           2025-03-15T11:03:59                      12
================================================================================
[2025-03-15T11:04:57.731+0000] {manager.py:997} INFO - 
================================================================================
DAG File Processing Stats

File Path                       PID    Runtime      # DAGs    # Errors  Last Runtime    Last Run               Last # of DB Queries
------------------------------  -----  ---------  --------  ----------  --------------  -------------------  ----------------------
/opt/airflow/dags/first_dag.py                           1           0  3.22s           2025-03-15T11:04:32                      12
================================================================================
[2025-03-15T11:05:28.271+0000] {manager.py:997} INFO - 
================================================================================
DAG File Processing Stats

File Path                       PID    Runtime      # DAGs    # Errors  Last Runtime    Last Run               Last # of DB Queries
------------------------------  -----  ---------  --------  ----------  --------------  -------------------  ----------------------
/opt/airflow/dags/first_dag.py                           1           0  0.64s           2025-03-15T11:05:03                      12
================================================================================
[2025-03-15T11:05:58.684+0000] {manager.py:997} INFO - 
================================================================================
DAG File Processing Stats

File Path                       PID    Runtime      # DAGs    # Errors  Last Runtime    Last Run               Last # of DB Queries
------------------------------  -----  ---------  --------  ----------  --------------  -------------------  ----------------------
/opt/airflow/dags/first_dag.py                           1           0  0.56s           2025-03-15T11:05:34                      12
================================================================================
[2025-03-15T11:06:28.836+0000] {manager.py:997} INFO - 
================================================================================
DAG File Processing Stats

File Path                       PID    Runtime      # DAGs    # Errors  Last Runtime    Last Run               Last # of DB Queries
------------------------------  -----  ---------  --------  ----------  --------------  -------------------  ----------------------
/opt/airflow/dags/first_dag.py                           1           0  0.83s           2025-03-15T11:06:06                      12
================================================================================
[2025-03-15T11:06:59.021+0000] {manager.py:997} INFO - 
================================================================================
DAG File Processing Stats

File Path                       PID    Runtime      # DAGs    # Errors  Last Runtime    Last Run               Last # of DB Queries
------------------------------  -----  ---------  --------  ----------  --------------  -------------------  ----------------------
/opt/airflow/dags/first_dag.py                           1           0  0.63s           2025-03-15T11:06:37                      12
================================================================================
[2025-03-15T11:07:29.174+0000] {manager.py:997} INFO - 
================================================================================
DAG File Processing Stats

File Path                       PID    Runtime      # DAGs    # Errors  Last Runtime    Last Run               Last # of DB Queries
------------------------------  -----  ---------  --------  ----------  --------------  -------------------  ----------------------
/opt/airflow/dags/first_dag.py                           1           0  0.63s           2025-03-15T11:07:08                      12
================================================================================
[2025-03-15T11:07:59.395+0000] {manager.py:997} INFO - 
================================================================================
DAG File Processing Stats

File Path                       PID    Runtime      # DAGs    # Errors  Last Runtime    Last Run               Last # of DB Queries
------------------------------  -----  ---------  --------  ----------  --------------  -------------------  ----------------------
/opt/airflow/dags/first_dag.py                           1           0  0.58s           2025-03-15T11:07:39                      12
================================================================================
[2025-03-15T11:08:29.442+0000] {manager.py:997} INFO - 
================================================================================
DAG File Processing Stats

File Path                       PID    Runtime      # DAGs    # Errors  Last Runtime    Last Run               Last # of DB Queries
------------------------------  -----  ---------  --------  ----------  --------------  -------------------  ----------------------
/opt/airflow/dags/first_dag.py                           1           0  0.61s           2025-03-15T11:08:11                      12
================================================================================
[2025-03-15T11:08:59.647+0000] {manager.py:997} INFO - 
================================================================================
DAG File Processing Stats

File Path                       PID    Runtime      # DAGs    # Errors  Last Runtime    Last Run               Last # of DB Queries
------------------------------  -----  ---------  --------  ----------  --------------  -------------------  ----------------------
/opt/airflow/dags/first_dag.py                           1           0  0.60s           2025-03-15T11:08:42                      12
================================================================================
[2025-03-15T11:09:01.761+0000] {manager.py:821} INFO - Searching for files in /opt/airflow/dags
[2025-03-15T11:09:02.216+0000] {manager.py:824} INFO - There are 1 files in /opt/airflow/dags
[2025-03-15T11:09:30.234+0000] {manager.py:997} INFO - 
================================================================================
DAG File Processing Stats

File Path                       PID    Runtime      # DAGs    # Errors  Last Runtime    Last Run               Last # of DB Queries
------------------------------  -----  ---------  --------  ----------  --------------  -------------------  ----------------------
/opt/airflow/dags/first_dag.py                           1           0  1.29s           2025-03-15T11:09:13                      12
================================================================================
[2025-03-15T11:10:00.732+0000] {manager.py:997} INFO - 
================================================================================
DAG File Processing Stats

File Path                       PID    Runtime      # DAGs    # Errors  Last Runtime    Last Run               Last # of DB Queries
------------------------------  -----  ---------  --------  ----------  --------------  -------------------  ----------------------
/opt/airflow/dags/first_dag.py                           1           0  0.62s           2025-03-15T11:09:45                      12
================================================================================
[2025-03-15T11:10:31.486+0000] {manager.py:997} INFO - 
================================================================================
DAG File Processing Stats

File Path                       PID    Runtime      # DAGs    # Errors  Last Runtime    Last Run               Last # of DB Queries
------------------------------  -----  ---------  --------  ----------  --------------  -------------------  ----------------------
/opt/airflow/dags/first_dag.py                           1           0  0.65s           2025-03-15T11:10:16                      12
================================================================================
[2025-03-15T11:11:01.559+0000] {manager.py:997} INFO - 
================================================================================
DAG File Processing Stats

File Path                       PID    Runtime      # DAGs    # Errors  Last Runtime    Last Run               Last # of DB Queries
------------------------------  -----  ---------  --------  ----------  --------------  -------------------  ----------------------
/opt/airflow/dags/first_dag.py                           1           0  2.01s           2025-03-15T11:10:49                      12
================================================================================
[2025-03-15T11:11:31.760+0000] {manager.py:997} INFO - 
================================================================================
DAG File Processing Stats

File Path                       PID    Runtime      # DAGs    # Errors  Last Runtime    Last Run               Last # of DB Queries
------------------------------  -----  ---------  --------  ----------  --------------  -------------------  ----------------------
/opt/airflow/dags/first_dag.py                           1           0  0.57s           2025-03-15T11:11:19                      12
================================================================================
[2025-03-15T11:12:02.097+0000] {manager.py:997} INFO - 
================================================================================
DAG File Processing Stats

File Path                       PID    Runtime      # DAGs    # Errors  Last Runtime    Last Run               Last # of DB Queries
------------------------------  -----  ---------  --------  ----------  --------------  -------------------  ----------------------
/opt/airflow/dags/first_dag.py                           1           0  0.59s           2025-03-15T11:11:50                      12
================================================================================
[2025-03-15T11:12:32.858+0000] {manager.py:997} INFO - 
================================================================================
DAG File Processing Stats

File Path                       PID    Runtime      # DAGs    # Errors  Last Runtime    Last Run               Last # of DB Queries
------------------------------  -----  ---------  --------  ----------  --------------  -------------------  ----------------------
/opt/airflow/dags/first_dag.py                           1           0  0.65s           2025-03-15T11:12:21                      12
================================================================================
[2025-03-15T11:13:03.336+0000] {manager.py:997} INFO - 
================================================================================
DAG File Processing Stats

File Path                       PID    Runtime      # DAGs    # Errors  Last Runtime    Last Run               Last # of DB Queries
------------------------------  -----  ---------  --------  ----------  --------------  -------------------  ----------------------
/opt/airflow/dags/first_dag.py                           1           0  0.53s           2025-03-15T11:12:52                      12
================================================================================
[2025-03-15T11:13:33.747+0000] {manager.py:997} INFO - 
================================================================================
DAG File Processing Stats

File Path                       PID    Runtime      # DAGs    # Errors  Last Runtime    Last Run               Last # of DB Queries
------------------------------  -----  ---------  --------  ----------  --------------  -------------------  ----------------------
/opt/airflow/dags/first_dag.py                           1           0  0.54s           2025-03-15T11:13:23                      12
================================================================================
[2025-03-15T11:14:02.158+0000] {manager.py:821} INFO - Searching for files in /opt/airflow/dags
[2025-03-15T11:14:02.274+0000] {manager.py:824} INFO - There are 1 files in /opt/airflow/dags
[2025-03-15T11:14:04.336+0000] {manager.py:997} INFO - 
================================================================================
DAG File Processing Stats

File Path                       PID    Runtime      # DAGs    # Errors  Last Runtime    Last Run               Last # of DB Queries
------------------------------  -----  ---------  --------  ----------  --------------  -------------------  ----------------------
/opt/airflow/dags/first_dag.py                           1           0  0.50s           2025-03-15T11:13:54                      12
================================================================================
[2025-03-15T11:14:35.071+0000] {manager.py:997} INFO - 
================================================================================
DAG File Processing Stats

File Path                       PID    Runtime      # DAGs    # Errors  Last Runtime    Last Run               Last # of DB Queries
------------------------------  -----  ---------  --------  ----------  --------------  -------------------  ----------------------
/opt/airflow/dags/first_dag.py                           1           0  0.51s           2025-03-15T11:14:25                      12
================================================================================
[2025-03-15T11:15:05.636+0000] {manager.py:997} INFO - 
================================================================================
DAG File Processing Stats

File Path                       PID    Runtime      # DAGs    # Errors  Last Runtime    Last Run               Last # of DB Queries
------------------------------  -----  ---------  --------  ----------  --------------  -------------------  ----------------------
/opt/airflow/dags/first_dag.py                           1           0  0.50s           2025-03-15T11:14:55                      12
================================================================================
[2025-03-15T11:15:36.393+0000] {manager.py:997} INFO - 
================================================================================
DAG File Processing Stats

File Path                       PID    Runtime      # DAGs    # Errors  Last Runtime    Last Run               Last # of DB Queries
------------------------------  -----  ---------  --------  ----------  --------------  -------------------  ----------------------
/opt/airflow/dags/first_dag.py                           1           0  0.41s           2025-03-15T11:15:26                      12
================================================================================
[2025-03-15T11:16:06.834+0000] {manager.py:997} INFO - 
================================================================================
DAG File Processing Stats

File Path                       PID    Runtime      # DAGs    # Errors  Last Runtime    Last Run               Last # of DB Queries
------------------------------  -----  ---------  --------  ----------  --------------  -------------------  ----------------------
/opt/airflow/dags/first_dag.py                           1           0  0.42s           2025-03-15T11:15:57                      12
================================================================================
[2025-03-15T11:16:37.159+0000] {manager.py:997} INFO - 
================================================================================
DAG File Processing Stats

File Path                       PID    Runtime      # DAGs    # Errors  Last Runtime    Last Run               Last # of DB Queries
------------------------------  -----  ---------  --------  ----------  --------------  -------------------  ----------------------
/opt/airflow/dags/first_dag.py                           1           0  0.50s           2025-03-15T11:16:28                      12
================================================================================
[2025-03-15T11:17:08.057+0000] {manager.py:997} INFO - 
================================================================================
DAG File Processing Stats

File Path                       PID    Runtime      # DAGs    # Errors  Last Runtime    Last Run               Last # of DB Queries
------------------------------  -----  ---------  --------  ----------  --------------  -------------------  ----------------------
/opt/airflow/dags/first_dag.py                           1           0  0.47s           2025-03-15T11:16:58                      12
================================================================================
[2025-03-15T11:17:38.500+0000] {manager.py:997} INFO - 
================================================================================
DAG File Processing Stats

File Path                       PID    Runtime      # DAGs    # Errors  Last Runtime    Last Run               Last # of DB Queries
------------------------------  -----  ---------  --------  ----------  --------------  -------------------  ----------------------
/opt/airflow/dags/first_dag.py                           1           0  0.53s           2025-03-15T11:17:29                      12
================================================================================
[2025-03-15T11:18:08.901+0000] {manager.py:997} INFO - 
================================================================================
DAG File Processing Stats

File Path                       PID    Runtime      # DAGs    # Errors  Last Runtime    Last Run               Last # of DB Queries
------------------------------  -----  ---------  --------  ----------  --------------  -------------------  ----------------------
/opt/airflow/dags/first_dag.py                           1           0  0.51s           2025-03-15T11:18:00                      12
================================================================================
[2025-03-15T11:18:39.336+0000] {manager.py:997} INFO - 
================================================================================
DAG File Processing Stats

File Path                       PID    Runtime      # DAGs    # Errors  Last Runtime    Last Run               Last # of DB Queries
------------------------------  -----  ---------  --------  ----------  --------------  -------------------  ----------------------
/opt/airflow/dags/first_dag.py                           1           0  0.53s           2025-03-15T11:18:31                      12
================================================================================
[2025-03-15T11:19:02.268+0000] {manager.py:821} INFO - Searching for files in /opt/airflow/dags
[2025-03-15T11:19:02.364+0000] {manager.py:824} INFO - There are 1 files in /opt/airflow/dags
[2025-03-15T11:19:09.702+0000] {manager.py:997} INFO - 
================================================================================
DAG File Processing Stats

File Path                       PID    Runtime      # DAGs    # Errors  Last Runtime    Last Run               Last # of DB Queries
------------------------------  -----  ---------  --------  ----------  --------------  -------------------  ----------------------
/opt/airflow/dags/first_dag.py                           1           0  0.54s           2025-03-15T11:19:02                      12
================================================================================
[2025-03-15T11:19:40.472+0000] {manager.py:997} INFO - 
================================================================================
DAG File Processing Stats

File Path                       PID    Runtime      # DAGs    # Errors  Last Runtime    Last Run               Last # of DB Queries
------------------------------  -----  ---------  --------  ----------  --------------  -------------------  ----------------------
/opt/airflow/dags/first_dag.py                           1           0  0.50s           2025-03-15T11:19:33                      12
================================================================================
[2025-03-15T11:20:10.476+0000] {manager.py:997} INFO - 
================================================================================
DAG File Processing Stats

File Path                       PID    Runtime      # DAGs    # Errors  Last Runtime    Last Run               Last # of DB Queries
------------------------------  -----  ---------  --------  ----------  --------------  -------------------  ----------------------
/opt/airflow/dags/first_dag.py                           1           0  0.59s           2025-03-15T11:20:04                      12
================================================================================
[2025-03-15T11:20:41.369+0000] {manager.py:997} INFO - 
================================================================================
DAG File Processing Stats

File Path                       PID    Runtime      # DAGs    # Errors  Last Runtime    Last Run               Last # of DB Queries
------------------------------  -----  ---------  --------  ----------  --------------  -------------------  ----------------------
/opt/airflow/dags/first_dag.py                           1           0  0.50s           2025-03-15T11:20:35                      12
================================================================================
[2025-03-15T11:21:11.790+0000] {manager.py:997} INFO - 
================================================================================
DAG File Processing Stats

File Path                       PID    Runtime      # DAGs    # Errors  Last Runtime    Last Run               Last # of DB Queries
------------------------------  -----  ---------  --------  ----------  --------------  -------------------  ----------------------
/opt/airflow/dags/first_dag.py                           1           0  0.51s           2025-03-15T11:21:06                      12
================================================================================
[2025-03-15T11:21:42.153+0000] {manager.py:997} INFO - 
================================================================================
DAG File Processing Stats

File Path                       PID    Runtime      # DAGs    # Errors  Last Runtime    Last Run               Last # of DB Queries
------------------------------  -----  ---------  --------  ----------  --------------  -------------------  ----------------------
/opt/airflow/dags/first_dag.py                           1           0  0.48s           2025-03-15T11:21:37                      12
================================================================================
[2025-03-15T11:22:12.539+0000] {manager.py:997} INFO - 
================================================================================
DAG File Processing Stats

File Path                       PID    Runtime      # DAGs    # Errors  Last Runtime    Last Run               Last # of DB Queries
------------------------------  -----  ---------  --------  ----------  --------------  -------------------  ----------------------
/opt/airflow/dags/first_dag.py                           1           0  0.53s           2025-03-15T11:22:07                      12
================================================================================
[2025-03-15T11:22:42.907+0000] {manager.py:997} INFO - 
================================================================================
DAG File Processing Stats

File Path                       PID    Runtime      # DAGs    # Errors  Last Runtime    Last Run               Last # of DB Queries
------------------------------  -----  ---------  --------  ----------  --------------  -------------------  ----------------------
/opt/airflow/dags/first_dag.py                           1           0  0.44s           2025-03-15T11:22:38                      12
================================================================================
[2025-03-15T11:23:13.374+0000] {manager.py:997} INFO - 
================================================================================
DAG File Processing Stats

File Path                       PID    Runtime      # DAGs    # Errors  Last Runtime    Last Run               Last # of DB Queries
------------------------------  -----  ---------  --------  ----------  --------------  -------------------  ----------------------
/opt/airflow/dags/first_dag.py                           1           0  0.44s           2025-03-15T11:23:09                      12
================================================================================
[2025-03-15T11:23:43.654+0000] {manager.py:997} INFO - 
================================================================================
DAG File Processing Stats

File Path                       PID    Runtime      # DAGs    # Errors  Last Runtime    Last Run               Last # of DB Queries
------------------------------  -----  ---------  --------  ----------  --------------  -------------------  ----------------------
/opt/airflow/dags/first_dag.py                           1           0  0.41s           2025-03-15T11:23:40                      12
================================================================================
[2025-03-15T11:24:02.501+0000] {manager.py:821} INFO - Searching for files in /opt/airflow/dags
[2025-03-15T11:24:02.572+0000] {manager.py:824} INFO - There are 1 files in /opt/airflow/dags
[2025-03-15T11:24:14.048+0000] {manager.py:997} INFO - 
================================================================================
DAG File Processing Stats

File Path                       PID    Runtime      # DAGs    # Errors  Last Runtime    Last Run               Last # of DB Queries
------------------------------  -----  ---------  --------  ----------  --------------  -------------------  ----------------------
/opt/airflow/dags/first_dag.py                           1           0  0.49s           2025-03-15T11:24:11                      12
================================================================================
[2025-03-15T11:24:44.669+0000] {manager.py:997} INFO - 
================================================================================
DAG File Processing Stats

File Path                       PID    Runtime      # DAGs    # Errors  Last Runtime    Last Run               Last # of DB Queries
------------------------------  -----  ---------  --------  ----------  --------------  -------------------  ----------------------
/opt/airflow/dags/first_dag.py                           1           0  0.43s           2025-03-15T11:24:41                      12
================================================================================
[2025-03-15T11:25:15.309+0000] {manager.py:997} INFO - 
================================================================================
DAG File Processing Stats

File Path                       PID    Runtime      # DAGs    # Errors  Last Runtime    Last Run               Last # of DB Queries
------------------------------  -----  ---------  --------  ----------  --------------  -------------------  ----------------------
/opt/airflow/dags/first_dag.py                           1           0  0.49s           2025-03-15T11:25:12                      12
================================================================================
[2025-03-15T11:25:46.009+0000] {manager.py:997} INFO - 
================================================================================
DAG File Processing Stats

File Path                       PID    Runtime      # DAGs    # Errors  Last Runtime    Last Run               Last # of DB Queries
------------------------------  -----  ---------  --------  ----------  --------------  -------------------  ----------------------
/opt/airflow/dags/first_dag.py                           1           0  0.53s           2025-03-15T11:25:43                      12
================================================================================
[2025-03-15T11:26:16.670+0000] {manager.py:997} INFO - 
================================================================================
DAG File Processing Stats

File Path                       PID    Runtime      # DAGs    # Errors  Last Runtime    Last Run               Last # of DB Queries
------------------------------  -----  ---------  --------  ----------  --------------  -------------------  ----------------------
/opt/airflow/dags/first_dag.py                           1           0  0.48s           2025-03-15T11:26:13                      12
================================================================================
[2025-03-15T11:26:46.712+0000] {manager.py:997} INFO - 
================================================================================
DAG File Processing Stats

File Path                       PID    Runtime      # DAGs    # Errors  Last Runtime    Last Run               Last # of DB Queries
------------------------------  -----  ---------  --------  ----------  --------------  -------------------  ----------------------
/opt/airflow/dags/first_dag.py                           1           0  0.59s           2025-03-15T11:26:44                      12
================================================================================
[2025-03-15T11:27:17.138+0000] {manager.py:997} INFO - 
================================================================================
DAG File Processing Stats

File Path                       PID    Runtime      # DAGs    # Errors  Last Runtime    Last Run               Last # of DB Queries
------------------------------  -----  ---------  --------  ----------  --------------  -------------------  ----------------------
/opt/airflow/dags/first_dag.py                           1           0  0.43s           2025-03-15T11:27:15                      12
================================================================================
[2025-03-15T11:27:47.435+0000] {manager.py:997} INFO - 
================================================================================
DAG File Processing Stats

File Path                       PID    Runtime      # DAGs    # Errors  Last Runtime    Last Run               Last # of DB Queries
------------------------------  -----  ---------  --------  ----------  --------------  -------------------  ----------------------
/opt/airflow/dags/first_dag.py                           1           0  0.45s           2025-03-15T11:27:46                      12
================================================================================
[2025-03-15T11:28:17.889+0000] {manager.py:997} INFO - 
================================================================================
DAG File Processing Stats

File Path                       PID    Runtime      # DAGs    # Errors  Last Runtime    Last Run               Last # of DB Queries
------------------------------  -----  ---------  --------  ----------  --------------  -------------------  ----------------------
/opt/airflow/dags/first_dag.py                           1           0  0.43s           2025-03-15T11:28:17                      12
================================================================================
[2025-03-15T11:28:48.248+0000] {manager.py:997} INFO - 
================================================================================
DAG File Processing Stats

File Path                       PID    Runtime      # DAGs    # Errors  Last Runtime    Last Run               Last # of DB Queries
------------------------------  -----  ---------  --------  ----------  --------------  -------------------  ----------------------
/opt/airflow/dags/first_dag.py                           1           0  0.51s           2025-03-15T11:28:48                      12
================================================================================
[2025-03-15T11:29:02.912+0000] {manager.py:821} INFO - Searching for files in /opt/airflow/dags
[2025-03-15T11:29:02.989+0000] {manager.py:824} INFO - There are 1 files in /opt/airflow/dags
[2025-03-15T11:29:18.669+0000] {manager.py:997} INFO - 
================================================================================
DAG File Processing Stats

File Path                         PID  Runtime      # DAGs    # Errors  Last Runtime    Last Run               Last # of DB Queries
------------------------------  -----  ---------  --------  ----------  --------------  -------------------  ----------------------
/opt/airflow/dags/first_dag.py    847  0.00s             1           0  0.51s           2025-03-15T11:28:48                      12
================================================================================
[2025-03-15T11:29:49.081+0000] {manager.py:997} INFO - 
================================================================================
DAG File Processing Stats

File Path                       PID    Runtime      # DAGs    # Errors  Last Runtime    Last Run               Last # of DB Queries
------------------------------  -----  ---------  --------  ----------  --------------  -------------------  ----------------------
/opt/airflow/dags/first_dag.py                           1           0  0.51s           2025-03-15T11:29:19                      12
================================================================================
[2025-03-15T11:30:19.395+0000] {manager.py:997} INFO - 
================================================================================
DAG File Processing Stats

File Path                       PID    Runtime      # DAGs    # Errors  Last Runtime    Last Run               Last # of DB Queries
------------------------------  -----  ---------  --------  ----------  --------------  -------------------  ----------------------
/opt/airflow/dags/first_dag.py                           1           0  0.40s           2025-03-15T11:29:49                      12
================================================================================
[2025-03-15T11:30:49.833+0000] {manager.py:997} INFO - 
================================================================================
DAG File Processing Stats

File Path                       PID    Runtime      # DAGs    # Errors  Last Runtime    Last Run               Last # of DB Queries
------------------------------  -----  ---------  --------  ----------  --------------  -------------------  ----------------------
/opt/airflow/dags/first_dag.py                           1           0  0.43s           2025-03-15T11:30:20                      12
================================================================================
[2025-03-15T11:31:20.225+0000] {manager.py:997} INFO - 
================================================================================
DAG File Processing Stats

File Path                       PID    Runtime      # DAGs    # Errors  Last Runtime    Last Run               Last # of DB Queries
------------------------------  -----  ---------  --------  ----------  --------------  -------------------  ----------------------
/opt/airflow/dags/first_dag.py                           1           0  0.53s           2025-03-15T11:30:51                      12
================================================================================
[2025-03-15T11:31:50.613+0000] {manager.py:997} INFO - 
================================================================================
DAG File Processing Stats

File Path                       PID    Runtime      # DAGs    # Errors  Last Runtime    Last Run               Last # of DB Queries
------------------------------  -----  ---------  --------  ----------  --------------  -------------------  ----------------------
/opt/airflow/dags/first_dag.py                           1           0  0.51s           2025-03-15T11:31:22                      12
================================================================================
[2025-03-15T11:32:21.088+0000] {manager.py:997} INFO - 
================================================================================
DAG File Processing Stats

File Path                       PID    Runtime      # DAGs    # Errors  Last Runtime    Last Run               Last # of DB Queries
------------------------------  -----  ---------  --------  ----------  --------------  -------------------  ----------------------
/opt/airflow/dags/first_dag.py                           1           0  0.47s           2025-03-15T11:31:53                      12
================================================================================
[2025-03-15T11:32:51.372+0000] {manager.py:997} INFO - 
================================================================================
DAG File Processing Stats

File Path                       PID    Runtime      # DAGs    # Errors  Last Runtime    Last Run               Last # of DB Queries
------------------------------  -----  ---------  --------  ----------  --------------  -------------------  ----------------------
/opt/airflow/dags/first_dag.py                           1           0  0.46s           2025-03-15T11:32:24                      12
================================================================================
[2025-03-15T11:33:22.339+0000] {manager.py:997} INFO - 
================================================================================
DAG File Processing Stats

File Path                       PID    Runtime      # DAGs    # Errors  Last Runtime    Last Run               Last # of DB Queries
------------------------------  -----  ---------  --------  ----------  --------------  -------------------  ----------------------
/opt/airflow/dags/first_dag.py                           1           0  0.57s           2025-03-15T11:32:55                      12
================================================================================
[2025-03-15T11:33:52.780+0000] {manager.py:997} INFO - 
================================================================================
DAG File Processing Stats

File Path                       PID    Runtime      # DAGs    # Errors  Last Runtime    Last Run               Last # of DB Queries
------------------------------  -----  ---------  --------  ----------  --------------  -------------------  ----------------------
/opt/airflow/dags/first_dag.py                           1           0  0.53s           2025-03-15T11:33:25                      12
================================================================================
[2025-03-15T11:34:03.027+0000] {manager.py:821} INFO - Searching for files in /opt/airflow/dags
[2025-03-15T11:34:03.094+0000] {manager.py:824} INFO - There are 1 files in /opt/airflow/dags
[2025-03-15T11:34:23.145+0000] {manager.py:997} INFO - 
================================================================================
DAG File Processing Stats

File Path                       PID    Runtime      # DAGs    # Errors  Last Runtime    Last Run               Last # of DB Queries
------------------------------  -----  ---------  --------  ----------  --------------  -------------------  ----------------------
/opt/airflow/dags/first_dag.py                           1           0  0.56s           2025-03-15T11:33:56                      12
================================================================================
[2025-03-15T11:34:53.783+0000] {manager.py:997} INFO - 
================================================================================
DAG File Processing Stats

File Path                       PID    Runtime      # DAGs    # Errors  Last Runtime    Last Run               Last # of DB Queries
------------------------------  -----  ---------  --------  ----------  --------------  -------------------  ----------------------
/opt/airflow/dags/first_dag.py                           1           0  0.50s           2025-03-15T11:34:27                      12
================================================================================
[2025-03-15T11:35:24.525+0000] {manager.py:997} INFO - 
================================================================================
DAG File Processing Stats

File Path                       PID    Runtime      # DAGs    # Errors  Last Runtime    Last Run               Last # of DB Queries
------------------------------  -----  ---------  --------  ----------  --------------  -------------------  ----------------------
/opt/airflow/dags/first_dag.py                           1           0  0.49s           2025-03-15T11:34:58                      12
================================================================================
[2025-03-15T11:35:54.670+0000] {manager.py:997} INFO - 
================================================================================
DAG File Processing Stats

File Path                       PID    Runtime      # DAGs    # Errors  Last Runtime    Last Run               Last # of DB Queries
------------------------------  -----  ---------  --------  ----------  --------------  -------------------  ----------------------
/opt/airflow/dags/first_dag.py                           1           0  0.65s           2025-03-15T11:35:29                      12
================================================================================
[2025-03-15T11:36:24.869+0000] {manager.py:997} INFO - 
================================================================================
DAG File Processing Stats

File Path                       PID    Runtime      # DAGs    # Errors  Last Runtime    Last Run               Last # of DB Queries
------------------------------  -----  ---------  --------  ----------  --------------  -------------------  ----------------------
/opt/airflow/dags/first_dag.py                           1           0  0.73s           2025-03-15T11:36:00                      12
================================================================================
[2025-03-15T11:36:55.289+0000] {manager.py:997} INFO - 
================================================================================
DAG File Processing Stats

File Path                       PID    Runtime      # DAGs    # Errors  Last Runtime    Last Run               Last # of DB Queries
------------------------------  -----  ---------  --------  ----------  --------------  -------------------  ----------------------
/opt/airflow/dags/first_dag.py                           1           0  0.58s           2025-03-15T11:36:31                      12
================================================================================
[2025-03-15T11:37:25.447+0000] {manager.py:997} INFO - 
================================================================================
DAG File Processing Stats

File Path                       PID    Runtime      # DAGs    # Errors  Last Runtime    Last Run               Last # of DB Queries
------------------------------  -----  ---------  --------  ----------  --------------  -------------------  ----------------------
/opt/airflow/dags/first_dag.py                           1           0  0.64s           2025-03-15T11:37:02                      12
================================================================================
[2025-03-15T11:37:55.927+0000] {manager.py:997} INFO - 
================================================================================
DAG File Processing Stats

File Path                       PID    Runtime      # DAGs    # Errors  Last Runtime    Last Run               Last # of DB Queries
------------------------------  -----  ---------  --------  ----------  --------------  -------------------  ----------------------
/opt/airflow/dags/first_dag.py                           1           0  0.67s           2025-03-15T11:37:32                      12
================================================================================
[2025-03-15T11:38:26.013+0000] {manager.py:997} INFO - 
================================================================================
DAG File Processing Stats

File Path                       PID    Runtime      # DAGs    # Errors  Last Runtime    Last Run               Last # of DB Queries
------------------------------  -----  ---------  --------  ----------  --------------  -------------------  ----------------------
/opt/airflow/dags/first_dag.py                           1           0  0.72s           2025-03-15T11:38:03                      12
================================================================================
[2025-03-15T11:38:56.183+0000] {manager.py:997} INFO - 
================================================================================
DAG File Processing Stats

File Path                       PID    Runtime      # DAGs    # Errors  Last Runtime    Last Run               Last # of DB Queries
------------------------------  -----  ---------  --------  ----------  --------------  -------------------  ----------------------
/opt/airflow/dags/first_dag.py                           1           0  0.66s           2025-03-15T11:38:34                      12
================================================================================
[2025-03-15T11:39:03.321+0000] {manager.py:821} INFO - Searching for files in /opt/airflow/dags
[2025-03-15T11:39:06.252+0000] {manager.py:824} INFO - There are 1 files in /opt/airflow/dags
[2025-03-15T11:39:27.123+0000] {manager.py:997} INFO - 
================================================================================
DAG File Processing Stats

File Path                       PID    Runtime      # DAGs    # Errors  Last Runtime    Last Run               Last # of DB Queries
------------------------------  -----  ---------  --------  ----------  --------------  -------------------  ----------------------
/opt/airflow/dags/first_dag.py                           1           0  4.09s           2025-03-15T11:39:11                      12
================================================================================
[2025-03-15T11:39:59.053+0000] {manager.py:997} INFO - 
================================================================================
DAG File Processing Stats

File Path                         PID  Runtime      # DAGs    # Errors  Last Runtime    Last Run               Last # of DB Queries
------------------------------  -----  ---------  --------  ----------  --------------  -------------------  ----------------------
/opt/airflow/dags/first_dag.py    947  17.44s            1           0  4.09s           2025-03-15T11:39:11                      12
================================================================================
[2025-03-15T11:40:29.350+0000] {manager.py:997} INFO - 
================================================================================
DAG File Processing Stats

File Path                       PID    Runtime      # DAGs    # Errors  Last Runtime    Last Run               Last # of DB Queries
------------------------------  -----  ---------  --------  ----------  --------------  -------------------  ----------------------
/opt/airflow/dags/first_dag.py                           1           0  19.61s          2025-03-15T11:40:01                      12
================================================================================
