[2025-03-15T09:27:35.675+0000] {processor.py:186} INFO - Started process (PID=167) to work on /opt/airflow/dags/first_dag.py
[2025-03-15T09:27:35.677+0000] {processor.py:914} INFO - Processing file /opt/airflow/dags/first_dag.py for tasks to queue
[2025-03-15T09:27:35.681+0000] {logging_mixin.py:190} INFO - [2025-03-15T09:27:35.681+0000] {dagbag.py:588} INFO - Filling up the DagBag from /opt/airflow/dags/first_dag.py
[2025-03-15T09:27:35.823+0000] {processor.py:925} INFO - DAG(s) 'fetch_road_data' retrieved from /opt/airflow/dags/first_dag.py
[2025-03-15T09:27:36.339+0000] {logging_mixin.py:190} INFO - [2025-03-15T09:27:36.337+0000] {override.py:1912} INFO - Created Permission View: can edit on DAG:fetch_road_data
[2025-03-15T09:27:36.360+0000] {logging_mixin.py:190} INFO - [2025-03-15T09:27:36.360+0000] {override.py:1912} INFO - Created Permission View: can read on DAG:fetch_road_data
[2025-03-15T09:27:36.371+0000] {logging_mixin.py:190} INFO - [2025-03-15T09:27:36.371+0000] {override.py:1912} INFO - Created Permission View: can delete on DAG:fetch_road_data
[2025-03-15T09:27:36.383+0000] {logging_mixin.py:190} INFO - [2025-03-15T09:27:36.382+0000] {override.py:1912} INFO - Created Permission View: can create on DAG Run:fetch_road_data
[2025-03-15T09:27:36.394+0000] {logging_mixin.py:190} INFO - [2025-03-15T09:27:36.393+0000] {override.py:1912} INFO - Created Permission View: menu access on DAG Run:fetch_road_data
[2025-03-15T09:27:36.404+0000] {logging_mixin.py:190} INFO - [2025-03-15T09:27:36.403+0000] {override.py:1912} INFO - Created Permission View: can read on DAG Run:fetch_road_data
[2025-03-15T09:27:36.414+0000] {logging_mixin.py:190} INFO - [2025-03-15T09:27:36.414+0000] {override.py:1912} INFO - Created Permission View: can delete on DAG Run:fetch_road_data
[2025-03-15T09:27:36.415+0000] {logging_mixin.py:190} INFO - [2025-03-15T09:27:36.415+0000] {dag.py:3239} INFO - Sync 1 DAGs
[2025-03-15T09:27:36.485+0000] {logging_mixin.py:190} INFO - [2025-03-15T09:27:36.484+0000] {dag.py:3262} INFO - Creating ORM DAG for fetch_road_data
[2025-03-15T09:27:36.528+0000] {logging_mixin.py:190} INFO - [2025-03-15T09:27:36.528+0000] {dag.py:4180} INFO - Setting next_dagrun for fetch_road_data to 2025-03-15 08:00:00+00:00, run_after=2025-03-15 09:00:00+00:00
[2025-03-15T09:27:36.628+0000] {processor.py:208} INFO - Processing /opt/airflow/dags/first_dag.py took 0.972 seconds
[2025-03-15T09:28:07.155+0000] {processor.py:186} INFO - Started process (PID=172) to work on /opt/airflow/dags/first_dag.py
[2025-03-15T09:28:07.156+0000] {processor.py:914} INFO - Processing file /opt/airflow/dags/first_dag.py for tasks to queue
[2025-03-15T09:28:07.160+0000] {logging_mixin.py:190} INFO - [2025-03-15T09:28:07.159+0000] {dagbag.py:588} INFO - Filling up the DagBag from /opt/airflow/dags/first_dag.py
[2025-03-15T09:28:07.241+0000] {processor.py:925} INFO - DAG(s) 'fetch_road_data' retrieved from /opt/airflow/dags/first_dag.py
[2025-03-15T09:28:07.417+0000] {logging_mixin.py:190} INFO - [2025-03-15T09:28:07.417+0000] {dag.py:3239} INFO - Sync 1 DAGs
[2025-03-15T09:28:07.553+0000] {logging_mixin.py:190} INFO - [2025-03-15T09:28:07.553+0000] {dag.py:4180} INFO - Setting next_dagrun for fetch_road_data to 2025-03-15 08:00:00+00:00, run_after=2025-03-15 09:00:00+00:00
[2025-03-15T09:28:07.671+0000] {processor.py:208} INFO - Processing /opt/airflow/dags/first_dag.py took 0.523 seconds
[2025-03-15T09:28:38.345+0000] {processor.py:186} INFO - Started process (PID=177) to work on /opt/airflow/dags/first_dag.py
[2025-03-15T09:28:38.348+0000] {processor.py:914} INFO - Processing file /opt/airflow/dags/first_dag.py for tasks to queue
[2025-03-15T09:28:38.352+0000] {logging_mixin.py:190} INFO - [2025-03-15T09:28:38.351+0000] {dagbag.py:588} INFO - Filling up the DagBag from /opt/airflow/dags/first_dag.py
[2025-03-15T09:28:38.432+0000] {processor.py:925} INFO - DAG(s) 'fetch_road_data' retrieved from /opt/airflow/dags/first_dag.py
[2025-03-15T09:28:38.639+0000] {logging_mixin.py:190} INFO - [2025-03-15T09:28:38.633+0000] {dag.py:3239} INFO - Sync 1 DAGs
[2025-03-15T09:28:38.748+0000] {logging_mixin.py:190} INFO - [2025-03-15T09:28:38.748+0000] {dag.py:4180} INFO - Setting next_dagrun for fetch_road_data to 2025-03-15 08:00:00+00:00, run_after=2025-03-15 09:00:00+00:00
[2025-03-15T09:28:38.857+0000] {processor.py:208} INFO - Processing /opt/airflow/dags/first_dag.py took 0.524 seconds
[2025-03-15T09:29:09.190+0000] {processor.py:186} INFO - Started process (PID=182) to work on /opt/airflow/dags/first_dag.py
[2025-03-15T09:29:09.192+0000] {processor.py:914} INFO - Processing file /opt/airflow/dags/first_dag.py for tasks to queue
[2025-03-15T09:29:09.198+0000] {logging_mixin.py:190} INFO - [2025-03-15T09:29:09.197+0000] {dagbag.py:588} INFO - Filling up the DagBag from /opt/airflow/dags/first_dag.py
[2025-03-15T09:29:09.282+0000] {processor.py:925} INFO - DAG(s) 'fetch_road_data' retrieved from /opt/airflow/dags/first_dag.py
[2025-03-15T09:29:09.480+0000] {logging_mixin.py:190} INFO - [2025-03-15T09:29:09.479+0000] {dag.py:3239} INFO - Sync 1 DAGs
[2025-03-15T09:29:09.615+0000] {logging_mixin.py:190} INFO - [2025-03-15T09:29:09.614+0000] {dag.py:4180} INFO - Setting next_dagrun for fetch_road_data to 2025-03-15 08:00:00+00:00, run_after=2025-03-15 09:00:00+00:00
[2025-03-15T09:29:09.736+0000] {processor.py:208} INFO - Processing /opt/airflow/dags/first_dag.py took 0.558 seconds
[2025-03-15T09:29:46.363+0000] {processor.py:186} INFO - Started process (PID=167) to work on /opt/airflow/dags/first_dag.py
[2025-03-15T09:29:46.364+0000] {processor.py:914} INFO - Processing file /opt/airflow/dags/first_dag.py for tasks to queue
[2025-03-15T09:29:46.367+0000] {logging_mixin.py:190} INFO - [2025-03-15T09:29:46.366+0000] {dagbag.py:588} INFO - Filling up the DagBag from /opt/airflow/dags/first_dag.py
[2025-03-15T09:29:46.416+0000] {processor.py:925} INFO - DAG(s) 'fetch_road_data' retrieved from /opt/airflow/dags/first_dag.py
[2025-03-15T09:29:46.574+0000] {logging_mixin.py:190} INFO - [2025-03-15T09:29:46.573+0000] {dag.py:3239} INFO - Sync 1 DAGs
[2025-03-15T09:29:46.727+0000] {logging_mixin.py:190} INFO - [2025-03-15T09:29:46.727+0000] {dag.py:4180} INFO - Setting next_dagrun for fetch_road_data to 2025-03-15 08:00:00+00:00, run_after=2025-03-15 09:00:00+00:00
[2025-03-15T09:29:46.834+0000] {processor.py:208} INFO - Processing /opt/airflow/dags/first_dag.py took 0.477 seconds
[2025-03-15T09:30:17.479+0000] {processor.py:186} INFO - Started process (PID=172) to work on /opt/airflow/dags/first_dag.py
[2025-03-15T09:30:17.482+0000] {processor.py:914} INFO - Processing file /opt/airflow/dags/first_dag.py for tasks to queue
[2025-03-15T09:30:17.488+0000] {logging_mixin.py:190} INFO - [2025-03-15T09:30:17.487+0000] {dagbag.py:588} INFO - Filling up the DagBag from /opt/airflow/dags/first_dag.py
[2025-03-15T09:30:17.581+0000] {processor.py:925} INFO - DAG(s) 'fetch_road_data' retrieved from /opt/airflow/dags/first_dag.py
[2025-03-15T09:30:17.741+0000] {logging_mixin.py:190} INFO - [2025-03-15T09:30:17.741+0000] {dag.py:3239} INFO - Sync 1 DAGs
[2025-03-15T09:30:17.891+0000] {logging_mixin.py:190} INFO - [2025-03-15T09:30:17.891+0000] {dag.py:4180} INFO - Setting next_dagrun for fetch_road_data to 2025-03-15 08:00:00+00:00, run_after=2025-03-15 09:00:00+00:00
[2025-03-15T09:30:17.989+0000] {processor.py:208} INFO - Processing /opt/airflow/dags/first_dag.py took 0.526 seconds
[2025-03-15T09:30:48.455+0000] {processor.py:186} INFO - Started process (PID=177) to work on /opt/airflow/dags/first_dag.py
[2025-03-15T09:30:48.457+0000] {processor.py:914} INFO - Processing file /opt/airflow/dags/first_dag.py for tasks to queue
[2025-03-15T09:30:48.460+0000] {logging_mixin.py:190} INFO - [2025-03-15T09:30:48.460+0000] {dagbag.py:588} INFO - Filling up the DagBag from /opt/airflow/dags/first_dag.py
[2025-03-15T09:30:48.542+0000] {processor.py:925} INFO - DAG(s) 'fetch_road_data' retrieved from /opt/airflow/dags/first_dag.py
[2025-03-15T09:30:48.719+0000] {logging_mixin.py:190} INFO - [2025-03-15T09:30:48.718+0000] {dag.py:3239} INFO - Sync 1 DAGs
[2025-03-15T09:30:48.835+0000] {logging_mixin.py:190} INFO - [2025-03-15T09:30:48.834+0000] {dag.py:4180} INFO - Setting next_dagrun for fetch_road_data to 2025-03-15 08:00:00+00:00, run_after=2025-03-15 09:00:00+00:00
[2025-03-15T09:30:48.935+0000] {processor.py:208} INFO - Processing /opt/airflow/dags/first_dag.py took 0.486 seconds
[2025-03-15T09:31:19.607+0000] {processor.py:186} INFO - Started process (PID=182) to work on /opt/airflow/dags/first_dag.py
[2025-03-15T09:31:19.609+0000] {processor.py:914} INFO - Processing file /opt/airflow/dags/first_dag.py for tasks to queue
[2025-03-15T09:31:19.613+0000] {logging_mixin.py:190} INFO - [2025-03-15T09:31:19.613+0000] {dagbag.py:588} INFO - Filling up the DagBag from /opt/airflow/dags/first_dag.py
[2025-03-15T09:31:19.696+0000] {processor.py:925} INFO - DAG(s) 'fetch_road_data' retrieved from /opt/airflow/dags/first_dag.py
[2025-03-15T09:31:19.913+0000] {logging_mixin.py:190} INFO - [2025-03-15T09:31:19.912+0000] {dag.py:3239} INFO - Sync 1 DAGs
[2025-03-15T09:31:20.047+0000] {logging_mixin.py:190} INFO - [2025-03-15T09:31:20.047+0000] {dag.py:4180} INFO - Setting next_dagrun for fetch_road_data to 2025-03-15 08:00:00+00:00, run_after=2025-03-15 09:00:00+00:00
[2025-03-15T09:31:20.162+0000] {processor.py:208} INFO - Processing /opt/airflow/dags/first_dag.py took 0.564 seconds
[2025-03-15T09:31:50.581+0000] {processor.py:186} INFO - Started process (PID=187) to work on /opt/airflow/dags/first_dag.py
[2025-03-15T09:31:50.584+0000] {processor.py:914} INFO - Processing file /opt/airflow/dags/first_dag.py for tasks to queue
[2025-03-15T09:31:50.590+0000] {logging_mixin.py:190} INFO - [2025-03-15T09:31:50.589+0000] {dagbag.py:588} INFO - Filling up the DagBag from /opt/airflow/dags/first_dag.py
[2025-03-15T09:31:50.679+0000] {processor.py:925} INFO - DAG(s) 'fetch_road_data' retrieved from /opt/airflow/dags/first_dag.py
[2025-03-15T09:31:50.871+0000] {logging_mixin.py:190} INFO - [2025-03-15T09:31:50.870+0000] {dag.py:3239} INFO - Sync 1 DAGs
[2025-03-15T09:31:51.010+0000] {logging_mixin.py:190} INFO - [2025-03-15T09:31:51.009+0000] {dag.py:4180} INFO - Setting next_dagrun for fetch_road_data to 2025-03-15 08:00:00+00:00, run_after=2025-03-15 09:00:00+00:00
[2025-03-15T09:31:51.131+0000] {processor.py:208} INFO - Processing /opt/airflow/dags/first_dag.py took 0.563 seconds
[2025-03-15T09:32:21.775+0000] {processor.py:186} INFO - Started process (PID=192) to work on /opt/airflow/dags/first_dag.py
[2025-03-15T09:32:21.777+0000] {processor.py:914} INFO - Processing file /opt/airflow/dags/first_dag.py for tasks to queue
[2025-03-15T09:32:21.780+0000] {logging_mixin.py:190} INFO - [2025-03-15T09:32:21.780+0000] {dagbag.py:588} INFO - Filling up the DagBag from /opt/airflow/dags/first_dag.py
[2025-03-15T09:32:21.867+0000] {processor.py:925} INFO - DAG(s) 'fetch_road_data' retrieved from /opt/airflow/dags/first_dag.py
[2025-03-15T09:32:22.071+0000] {logging_mixin.py:190} INFO - [2025-03-15T09:32:22.071+0000] {dag.py:3239} INFO - Sync 1 DAGs
[2025-03-15T09:32:22.199+0000] {logging_mixin.py:190} INFO - [2025-03-15T09:32:22.198+0000] {dag.py:4180} INFO - Setting next_dagrun for fetch_road_data to 2025-03-15 08:00:00+00:00, run_after=2025-03-15 09:00:00+00:00
[2025-03-15T09:32:22.296+0000] {processor.py:208} INFO - Processing /opt/airflow/dags/first_dag.py took 0.527 seconds
[2025-03-15T09:32:52.762+0000] {processor.py:186} INFO - Started process (PID=197) to work on /opt/airflow/dags/first_dag.py
[2025-03-15T09:32:52.765+0000] {processor.py:914} INFO - Processing file /opt/airflow/dags/first_dag.py for tasks to queue
[2025-03-15T09:32:52.769+0000] {logging_mixin.py:190} INFO - [2025-03-15T09:32:52.769+0000] {dagbag.py:588} INFO - Filling up the DagBag from /opt/airflow/dags/first_dag.py
[2025-03-15T09:32:52.868+0000] {processor.py:925} INFO - DAG(s) 'fetch_road_data' retrieved from /opt/airflow/dags/first_dag.py
[2025-03-15T09:32:53.066+0000] {logging_mixin.py:190} INFO - [2025-03-15T09:32:53.066+0000] {dag.py:3239} INFO - Sync 1 DAGs
[2025-03-15T09:32:53.190+0000] {logging_mixin.py:190} INFO - [2025-03-15T09:32:53.190+0000] {dag.py:4180} INFO - Setting next_dagrun for fetch_road_data to 2025-03-15 08:00:00+00:00, run_after=2025-03-15 09:00:00+00:00
[2025-03-15T09:32:53.282+0000] {processor.py:208} INFO - Processing /opt/airflow/dags/first_dag.py took 0.532 seconds
[2025-03-15T09:33:23.926+0000] {processor.py:186} INFO - Started process (PID=202) to work on /opt/airflow/dags/first_dag.py
[2025-03-15T09:33:23.929+0000] {processor.py:914} INFO - Processing file /opt/airflow/dags/first_dag.py for tasks to queue
[2025-03-15T09:33:23.933+0000] {logging_mixin.py:190} INFO - [2025-03-15T09:33:23.933+0000] {dagbag.py:588} INFO - Filling up the DagBag from /opt/airflow/dags/first_dag.py
[2025-03-15T09:33:24.019+0000] {processor.py:925} INFO - DAG(s) 'fetch_road_data' retrieved from /opt/airflow/dags/first_dag.py
[2025-03-15T09:33:24.228+0000] {logging_mixin.py:190} INFO - [2025-03-15T09:33:24.228+0000] {dag.py:3239} INFO - Sync 1 DAGs
[2025-03-15T09:33:24.357+0000] {logging_mixin.py:190} INFO - [2025-03-15T09:33:24.356+0000] {dag.py:4180} INFO - Setting next_dagrun for fetch_road_data to 2025-03-15 08:00:00+00:00, run_after=2025-03-15 09:00:00+00:00
[2025-03-15T09:33:24.473+0000] {processor.py:208} INFO - Processing /opt/airflow/dags/first_dag.py took 0.561 seconds
[2025-03-15T09:33:54.840+0000] {processor.py:186} INFO - Started process (PID=207) to work on /opt/airflow/dags/first_dag.py
[2025-03-15T09:33:54.841+0000] {processor.py:914} INFO - Processing file /opt/airflow/dags/first_dag.py for tasks to queue
[2025-03-15T09:33:54.845+0000] {logging_mixin.py:190} INFO - [2025-03-15T09:33:54.844+0000] {dagbag.py:588} INFO - Filling up the DagBag from /opt/airflow/dags/first_dag.py
[2025-03-15T09:33:54.903+0000] {processor.py:925} INFO - DAG(s) 'fetch_road_data' retrieved from /opt/airflow/dags/first_dag.py
[2025-03-15T09:33:55.027+0000] {logging_mixin.py:190} INFO - [2025-03-15T09:33:55.026+0000] {dag.py:3239} INFO - Sync 1 DAGs
[2025-03-15T09:33:55.124+0000] {logging_mixin.py:190} INFO - [2025-03-15T09:33:55.124+0000] {dag.py:4180} INFO - Setting next_dagrun for fetch_road_data to 2025-03-15 08:00:00+00:00, run_after=2025-03-15 09:00:00+00:00
[2025-03-15T09:33:55.199+0000] {processor.py:208} INFO - Processing /opt/airflow/dags/first_dag.py took 0.368 seconds
[2025-03-15T09:34:25.567+0000] {processor.py:186} INFO - Started process (PID=212) to work on /opt/airflow/dags/first_dag.py
[2025-03-15T09:34:25.569+0000] {processor.py:914} INFO - Processing file /opt/airflow/dags/first_dag.py for tasks to queue
[2025-03-15T09:34:25.573+0000] {logging_mixin.py:190} INFO - [2025-03-15T09:34:25.572+0000] {dagbag.py:588} INFO - Filling up the DagBag from /opt/airflow/dags/first_dag.py
[2025-03-15T09:34:25.637+0000] {processor.py:925} INFO - DAG(s) 'fetch_road_data' retrieved from /opt/airflow/dags/first_dag.py
[2025-03-15T09:34:25.809+0000] {logging_mixin.py:190} INFO - [2025-03-15T09:34:25.809+0000] {dag.py:3239} INFO - Sync 1 DAGs
[2025-03-15T09:34:25.922+0000] {logging_mixin.py:190} INFO - [2025-03-15T09:34:25.922+0000] {dag.py:4180} INFO - Setting next_dagrun for fetch_road_data to 2025-03-15 08:00:00+00:00, run_after=2025-03-15 09:00:00+00:00
[2025-03-15T09:34:26.018+0000] {processor.py:208} INFO - Processing /opt/airflow/dags/first_dag.py took 0.458 seconds
[2025-03-15T09:34:56.302+0000] {processor.py:186} INFO - Started process (PID=217) to work on /opt/airflow/dags/first_dag.py
[2025-03-15T09:34:56.305+0000] {processor.py:914} INFO - Processing file /opt/airflow/dags/first_dag.py for tasks to queue
[2025-03-15T09:34:56.309+0000] {logging_mixin.py:190} INFO - [2025-03-15T09:34:56.308+0000] {dagbag.py:588} INFO - Filling up the DagBag from /opt/airflow/dags/first_dag.py
[2025-03-15T09:34:56.394+0000] {processor.py:925} INFO - DAG(s) 'fetch_road_data' retrieved from /opt/airflow/dags/first_dag.py
[2025-03-15T09:34:56.582+0000] {logging_mixin.py:190} INFO - [2025-03-15T09:34:56.582+0000] {dag.py:3239} INFO - Sync 1 DAGs
[2025-03-15T09:34:56.711+0000] {logging_mixin.py:190} INFO - [2025-03-15T09:34:56.711+0000] {dag.py:4180} INFO - Setting next_dagrun for fetch_road_data to 2025-03-15 08:00:00+00:00, run_after=2025-03-15 09:00:00+00:00
[2025-03-15T09:34:56.835+0000] {processor.py:208} INFO - Processing /opt/airflow/dags/first_dag.py took 0.545 seconds
[2025-03-15T09:35:27.260+0000] {processor.py:186} INFO - Started process (PID=222) to work on /opt/airflow/dags/first_dag.py
[2025-03-15T09:35:27.262+0000] {processor.py:914} INFO - Processing file /opt/airflow/dags/first_dag.py for tasks to queue
[2025-03-15T09:35:27.265+0000] {logging_mixin.py:190} INFO - [2025-03-15T09:35:27.265+0000] {dagbag.py:588} INFO - Filling up the DagBag from /opt/airflow/dags/first_dag.py
[2025-03-15T09:35:27.340+0000] {processor.py:925} INFO - DAG(s) 'fetch_road_data' retrieved from /opt/airflow/dags/first_dag.py
[2025-03-15T09:35:27.505+0000] {logging_mixin.py:190} INFO - [2025-03-15T09:35:27.505+0000] {dag.py:3239} INFO - Sync 1 DAGs
[2025-03-15T09:35:27.627+0000] {logging_mixin.py:190} INFO - [2025-03-15T09:35:27.626+0000] {dag.py:4180} INFO - Setting next_dagrun for fetch_road_data to 2025-03-15 08:00:00+00:00, run_after=2025-03-15 09:00:00+00:00
[2025-03-15T09:35:27.721+0000] {processor.py:208} INFO - Processing /opt/airflow/dags/first_dag.py took 0.467 seconds
[2025-03-15T09:35:57.913+0000] {processor.py:186} INFO - Started process (PID=227) to work on /opt/airflow/dags/first_dag.py
[2025-03-15T09:35:57.916+0000] {processor.py:914} INFO - Processing file /opt/airflow/dags/first_dag.py for tasks to queue
[2025-03-15T09:35:57.922+0000] {logging_mixin.py:190} INFO - [2025-03-15T09:35:57.921+0000] {dagbag.py:588} INFO - Filling up the DagBag from /opt/airflow/dags/first_dag.py
[2025-03-15T09:35:58.013+0000] {processor.py:925} INFO - DAG(s) 'fetch_road_data' retrieved from /opt/airflow/dags/first_dag.py
[2025-03-15T09:35:58.201+0000] {logging_mixin.py:190} INFO - [2025-03-15T09:35:58.201+0000] {dag.py:3239} INFO - Sync 1 DAGs
[2025-03-15T09:35:58.318+0000] {logging_mixin.py:190} INFO - [2025-03-15T09:35:58.318+0000] {dag.py:4180} INFO - Setting next_dagrun for fetch_road_data to 2025-03-15 08:00:00+00:00, run_after=2025-03-15 09:00:00+00:00
[2025-03-15T09:35:58.423+0000] {processor.py:208} INFO - Processing /opt/airflow/dags/first_dag.py took 0.522 seconds
[2025-03-15T09:36:28.838+0000] {processor.py:186} INFO - Started process (PID=232) to work on /opt/airflow/dags/first_dag.py
[2025-03-15T09:36:28.841+0000] {processor.py:914} INFO - Processing file /opt/airflow/dags/first_dag.py for tasks to queue
[2025-03-15T09:36:28.847+0000] {logging_mixin.py:190} INFO - [2025-03-15T09:36:28.847+0000] {dagbag.py:588} INFO - Filling up the DagBag from /opt/airflow/dags/first_dag.py
[2025-03-15T09:36:28.934+0000] {processor.py:925} INFO - DAG(s) 'fetch_road_data' retrieved from /opt/airflow/dags/first_dag.py
[2025-03-15T09:36:29.127+0000] {logging_mixin.py:190} INFO - [2025-03-15T09:36:29.127+0000] {dag.py:3239} INFO - Sync 1 DAGs
[2025-03-15T09:36:29.261+0000] {logging_mixin.py:190} INFO - [2025-03-15T09:36:29.261+0000] {dag.py:4180} INFO - Setting next_dagrun for fetch_road_data to 2025-03-15 08:00:00+00:00, run_after=2025-03-15 09:00:00+00:00
[2025-03-15T09:36:29.386+0000] {processor.py:208} INFO - Processing /opt/airflow/dags/first_dag.py took 0.562 seconds
[2025-03-15T09:37:00.050+0000] {processor.py:186} INFO - Started process (PID=237) to work on /opt/airflow/dags/first_dag.py
[2025-03-15T09:37:00.052+0000] {processor.py:914} INFO - Processing file /opt/airflow/dags/first_dag.py for tasks to queue
[2025-03-15T09:37:00.055+0000] {logging_mixin.py:190} INFO - [2025-03-15T09:37:00.055+0000] {dagbag.py:588} INFO - Filling up the DagBag from /opt/airflow/dags/first_dag.py
[2025-03-15T09:37:00.130+0000] {processor.py:925} INFO - DAG(s) 'fetch_road_data' retrieved from /opt/airflow/dags/first_dag.py
[2025-03-15T09:37:00.298+0000] {logging_mixin.py:190} INFO - [2025-03-15T09:37:00.297+0000] {dag.py:3239} INFO - Sync 1 DAGs
[2025-03-15T09:37:00.414+0000] {logging_mixin.py:190} INFO - [2025-03-15T09:37:00.413+0000] {dag.py:4180} INFO - Setting next_dagrun for fetch_road_data to 2025-03-15 08:00:00+00:00, run_after=2025-03-15 09:00:00+00:00
[2025-03-15T09:37:00.528+0000] {processor.py:208} INFO - Processing /opt/airflow/dags/first_dag.py took 0.486 seconds
[2025-03-15T09:37:31.027+0000] {processor.py:186} INFO - Started process (PID=242) to work on /opt/airflow/dags/first_dag.py
[2025-03-15T09:37:31.029+0000] {processor.py:914} INFO - Processing file /opt/airflow/dags/first_dag.py for tasks to queue
[2025-03-15T09:37:31.032+0000] {logging_mixin.py:190} INFO - [2025-03-15T09:37:31.031+0000] {dagbag.py:588} INFO - Filling up the DagBag from /opt/airflow/dags/first_dag.py
[2025-03-15T09:37:31.119+0000] {processor.py:925} INFO - DAG(s) 'fetch_road_data' retrieved from /opt/airflow/dags/first_dag.py
[2025-03-15T09:37:31.320+0000] {logging_mixin.py:190} INFO - [2025-03-15T09:37:31.320+0000] {dag.py:3239} INFO - Sync 1 DAGs
[2025-03-15T09:37:31.474+0000] {logging_mixin.py:190} INFO - [2025-03-15T09:37:31.473+0000] {dag.py:4180} INFO - Setting next_dagrun for fetch_road_data to 2025-03-15 08:00:00+00:00, run_after=2025-03-15 09:00:00+00:00
[2025-03-15T09:37:31.582+0000] {processor.py:208} INFO - Processing /opt/airflow/dags/first_dag.py took 0.560 seconds
[2025-03-15T09:38:02.261+0000] {processor.py:186} INFO - Started process (PID=247) to work on /opt/airflow/dags/first_dag.py
[2025-03-15T09:38:02.263+0000] {processor.py:914} INFO - Processing file /opt/airflow/dags/first_dag.py for tasks to queue
[2025-03-15T09:38:02.266+0000] {logging_mixin.py:190} INFO - [2025-03-15T09:38:02.266+0000] {dagbag.py:588} INFO - Filling up the DagBag from /opt/airflow/dags/first_dag.py
[2025-03-15T09:38:02.346+0000] {processor.py:925} INFO - DAG(s) 'fetch_road_data' retrieved from /opt/airflow/dags/first_dag.py
[2025-03-15T09:38:02.529+0000] {logging_mixin.py:190} INFO - [2025-03-15T09:38:02.529+0000] {dag.py:3239} INFO - Sync 1 DAGs
[2025-03-15T09:38:02.649+0000] {logging_mixin.py:190} INFO - [2025-03-15T09:38:02.648+0000] {dag.py:4180} INFO - Setting next_dagrun for fetch_road_data to 2025-03-15 08:00:00+00:00, run_after=2025-03-15 09:00:00+00:00
[2025-03-15T09:38:02.766+0000] {processor.py:208} INFO - Processing /opt/airflow/dags/first_dag.py took 0.511 seconds
[2025-03-15T09:38:33.124+0000] {processor.py:186} INFO - Started process (PID=252) to work on /opt/airflow/dags/first_dag.py
[2025-03-15T09:38:33.126+0000] {processor.py:914} INFO - Processing file /opt/airflow/dags/first_dag.py for tasks to queue
[2025-03-15T09:38:33.131+0000] {logging_mixin.py:190} INFO - [2025-03-15T09:38:33.130+0000] {dagbag.py:588} INFO - Filling up the DagBag from /opt/airflow/dags/first_dag.py
[2025-03-15T09:38:33.218+0000] {processor.py:925} INFO - DAG(s) 'fetch_road_data' retrieved from /opt/airflow/dags/first_dag.py
[2025-03-15T09:38:33.408+0000] {logging_mixin.py:190} INFO - [2025-03-15T09:38:33.408+0000] {dag.py:3239} INFO - Sync 1 DAGs
[2025-03-15T09:38:33.537+0000] {logging_mixin.py:190} INFO - [2025-03-15T09:38:33.537+0000] {dag.py:4180} INFO - Setting next_dagrun for fetch_road_data to 2025-03-15 08:00:00+00:00, run_after=2025-03-15 09:00:00+00:00
[2025-03-15T09:38:33.642+0000] {processor.py:208} INFO - Processing /opt/airflow/dags/first_dag.py took 0.530 seconds
[2025-03-15T09:39:03.897+0000] {processor.py:186} INFO - Started process (PID=257) to work on /opt/airflow/dags/first_dag.py
[2025-03-15T09:39:03.899+0000] {processor.py:914} INFO - Processing file /opt/airflow/dags/first_dag.py for tasks to queue
[2025-03-15T09:39:03.903+0000] {logging_mixin.py:190} INFO - [2025-03-15T09:39:03.902+0000] {dagbag.py:588} INFO - Filling up the DagBag from /opt/airflow/dags/first_dag.py
[2025-03-15T09:39:03.974+0000] {processor.py:925} INFO - DAG(s) 'fetch_road_data' retrieved from /opt/airflow/dags/first_dag.py
[2025-03-15T09:39:04.130+0000] {logging_mixin.py:190} INFO - [2025-03-15T09:39:04.130+0000] {dag.py:3239} INFO - Sync 1 DAGs
[2025-03-15T09:39:04.227+0000] {logging_mixin.py:190} INFO - [2025-03-15T09:39:04.227+0000] {dag.py:4180} INFO - Setting next_dagrun for fetch_road_data to 2025-03-15 08:00:00+00:00, run_after=2025-03-15 09:00:00+00:00
[2025-03-15T09:39:04.318+0000] {processor.py:208} INFO - Processing /opt/airflow/dags/first_dag.py took 0.431 seconds
[2025-03-15T09:39:34.771+0000] {processor.py:186} INFO - Started process (PID=262) to work on /opt/airflow/dags/first_dag.py
[2025-03-15T09:39:34.774+0000] {processor.py:914} INFO - Processing file /opt/airflow/dags/first_dag.py for tasks to queue
[2025-03-15T09:39:34.779+0000] {logging_mixin.py:190} INFO - [2025-03-15T09:39:34.779+0000] {dagbag.py:588} INFO - Filling up the DagBag from /opt/airflow/dags/first_dag.py
[2025-03-15T09:39:34.859+0000] {processor.py:925} INFO - DAG(s) 'fetch_road_data' retrieved from /opt/airflow/dags/first_dag.py
[2025-03-15T09:39:35.047+0000] {logging_mixin.py:190} INFO - [2025-03-15T09:39:35.047+0000] {dag.py:3239} INFO - Sync 1 DAGs
[2025-03-15T09:39:35.160+0000] {logging_mixin.py:190} INFO - [2025-03-15T09:39:35.160+0000] {dag.py:4180} INFO - Setting next_dagrun for fetch_road_data to 2025-03-15 08:00:00+00:00, run_after=2025-03-15 09:00:00+00:00
[2025-03-15T09:39:35.240+0000] {processor.py:208} INFO - Processing /opt/airflow/dags/first_dag.py took 0.480 seconds
[2025-03-15T09:40:05.393+0000] {processor.py:186} INFO - Started process (PID=267) to work on /opt/airflow/dags/first_dag.py
[2025-03-15T09:40:05.395+0000] {processor.py:914} INFO - Processing file /opt/airflow/dags/first_dag.py for tasks to queue
[2025-03-15T09:40:05.400+0000] {logging_mixin.py:190} INFO - [2025-03-15T09:40:05.399+0000] {dagbag.py:588} INFO - Filling up the DagBag from /opt/airflow/dags/first_dag.py
[2025-03-15T09:40:05.468+0000] {processor.py:925} INFO - DAG(s) 'fetch_road_data' retrieved from /opt/airflow/dags/first_dag.py
[2025-03-15T09:40:05.609+0000] {logging_mixin.py:190} INFO - [2025-03-15T09:40:05.608+0000] {dag.py:3239} INFO - Sync 1 DAGs
[2025-03-15T09:40:05.732+0000] {logging_mixin.py:190} INFO - [2025-03-15T09:40:05.731+0000] {dag.py:4180} INFO - Setting next_dagrun for fetch_road_data to 2025-03-15 08:00:00+00:00, run_after=2025-03-15 09:00:00+00:00
[2025-03-15T09:40:05.838+0000] {processor.py:208} INFO - Processing /opt/airflow/dags/first_dag.py took 0.456 seconds
[2025-03-15T09:40:36.490+0000] {processor.py:186} INFO - Started process (PID=272) to work on /opt/airflow/dags/first_dag.py
[2025-03-15T09:40:36.491+0000] {processor.py:914} INFO - Processing file /opt/airflow/dags/first_dag.py for tasks to queue
[2025-03-15T09:40:36.495+0000] {logging_mixin.py:190} INFO - [2025-03-15T09:40:36.494+0000] {dagbag.py:588} INFO - Filling up the DagBag from /opt/airflow/dags/first_dag.py
[2025-03-15T09:40:36.581+0000] {processor.py:925} INFO - DAG(s) 'fetch_road_data' retrieved from /opt/airflow/dags/first_dag.py
[2025-03-15T09:40:36.776+0000] {logging_mixin.py:190} INFO - [2025-03-15T09:40:36.775+0000] {dag.py:3239} INFO - Sync 1 DAGs
[2025-03-15T09:40:36.904+0000] {logging_mixin.py:190} INFO - [2025-03-15T09:40:36.903+0000] {dag.py:4180} INFO - Setting next_dagrun for fetch_road_data to 2025-03-15 08:00:00+00:00, run_after=2025-03-15 09:00:00+00:00
[2025-03-15T09:40:37.014+0000] {processor.py:208} INFO - Processing /opt/airflow/dags/first_dag.py took 0.531 seconds
[2025-03-15T09:41:07.234+0000] {processor.py:186} INFO - Started process (PID=277) to work on /opt/airflow/dags/first_dag.py
[2025-03-15T09:41:07.236+0000] {processor.py:914} INFO - Processing file /opt/airflow/dags/first_dag.py for tasks to queue
[2025-03-15T09:41:07.240+0000] {logging_mixin.py:190} INFO - [2025-03-15T09:41:07.240+0000] {dagbag.py:588} INFO - Filling up the DagBag from /opt/airflow/dags/first_dag.py
[2025-03-15T09:41:07.326+0000] {processor.py:925} INFO - DAG(s) 'fetch_road_data' retrieved from /opt/airflow/dags/first_dag.py
[2025-03-15T09:41:07.489+0000] {logging_mixin.py:190} INFO - [2025-03-15T09:41:07.489+0000] {dag.py:3239} INFO - Sync 1 DAGs
[2025-03-15T09:41:07.620+0000] {logging_mixin.py:190} INFO - [2025-03-15T09:41:07.620+0000] {dag.py:4180} INFO - Setting next_dagrun for fetch_road_data to 2025-03-15 08:00:00+00:00, run_after=2025-03-15 09:00:00+00:00
[2025-03-15T09:41:07.725+0000] {processor.py:208} INFO - Processing /opt/airflow/dags/first_dag.py took 0.500 seconds
[2025-03-15T09:41:37.967+0000] {processor.py:186} INFO - Started process (PID=282) to work on /opt/airflow/dags/first_dag.py
[2025-03-15T09:41:37.970+0000] {processor.py:914} INFO - Processing file /opt/airflow/dags/first_dag.py for tasks to queue
[2025-03-15T09:41:37.973+0000] {logging_mixin.py:190} INFO - [2025-03-15T09:41:37.973+0000] {dagbag.py:588} INFO - Filling up the DagBag from /opt/airflow/dags/first_dag.py
[2025-03-15T09:41:38.058+0000] {processor.py:925} INFO - DAG(s) 'fetch_road_data' retrieved from /opt/airflow/dags/first_dag.py
[2025-03-15T09:41:38.252+0000] {logging_mixin.py:190} INFO - [2025-03-15T09:41:38.252+0000] {dag.py:3239} INFO - Sync 1 DAGs
[2025-03-15T09:41:38.384+0000] {logging_mixin.py:190} INFO - [2025-03-15T09:41:38.384+0000] {dag.py:4180} INFO - Setting next_dagrun for fetch_road_data to 2025-03-15 08:00:00+00:00, run_after=2025-03-15 09:00:00+00:00
[2025-03-15T09:41:38.508+0000] {processor.py:208} INFO - Processing /opt/airflow/dags/first_dag.py took 0.553 seconds
[2025-03-15T09:42:09.735+0000] {processor.py:186} INFO - Started process (PID=287) to work on /opt/airflow/dags/first_dag.py
[2025-03-15T09:42:09.759+0000] {processor.py:914} INFO - Processing file /opt/airflow/dags/first_dag.py for tasks to queue
[2025-03-15T09:42:09.807+0000] {logging_mixin.py:190} INFO - [2025-03-15T09:42:09.798+0000] {dagbag.py:588} INFO - Filling up the DagBag from /opt/airflow/dags/first_dag.py
[2025-03-15T09:42:10.500+0000] {processor.py:925} INFO - DAG(s) 'fetch_road_data' retrieved from /opt/airflow/dags/first_dag.py
[2025-03-15T09:42:11.533+0000] {logging_mixin.py:190} INFO - [2025-03-15T09:42:11.532+0000] {dag.py:3239} INFO - Sync 1 DAGs
[2025-03-15T09:42:11.662+0000] {logging_mixin.py:190} INFO - [2025-03-15T09:42:11.661+0000] {dag.py:4180} INFO - Setting next_dagrun for fetch_road_data to 2025-03-15 08:00:00+00:00, run_after=2025-03-15 09:00:00+00:00
[2025-03-15T09:42:11.772+0000] {processor.py:208} INFO - Processing /opt/airflow/dags/first_dag.py took 2.181 seconds
[2025-03-15T09:42:42.479+0000] {processor.py:186} INFO - Started process (PID=292) to work on /opt/airflow/dags/first_dag.py
[2025-03-15T09:42:42.481+0000] {processor.py:914} INFO - Processing file /opt/airflow/dags/first_dag.py for tasks to queue
[2025-03-15T09:42:42.485+0000] {logging_mixin.py:190} INFO - [2025-03-15T09:42:42.484+0000] {dagbag.py:588} INFO - Filling up the DagBag from /opt/airflow/dags/first_dag.py
[2025-03-15T09:42:42.566+0000] {processor.py:925} INFO - DAG(s) 'fetch_road_data' retrieved from /opt/airflow/dags/first_dag.py
[2025-03-15T09:42:42.740+0000] {logging_mixin.py:190} INFO - [2025-03-15T09:42:42.740+0000] {dag.py:3239} INFO - Sync 1 DAGs
[2025-03-15T09:42:42.853+0000] {logging_mixin.py:190} INFO - [2025-03-15T09:42:42.853+0000] {dag.py:4180} INFO - Setting next_dagrun for fetch_road_data to 2025-03-15 08:00:00+00:00, run_after=2025-03-15 09:00:00+00:00
[2025-03-15T09:42:42.969+0000] {processor.py:208} INFO - Processing /opt/airflow/dags/first_dag.py took 0.502 seconds
[2025-03-15T09:43:13.643+0000] {processor.py:186} INFO - Started process (PID=297) to work on /opt/airflow/dags/first_dag.py
[2025-03-15T09:43:13.646+0000] {processor.py:914} INFO - Processing file /opt/airflow/dags/first_dag.py for tasks to queue
[2025-03-15T09:43:13.654+0000] {logging_mixin.py:190} INFO - [2025-03-15T09:43:13.653+0000] {dagbag.py:588} INFO - Filling up the DagBag from /opt/airflow/dags/first_dag.py
[2025-03-15T09:43:13.736+0000] {processor.py:925} INFO - DAG(s) 'fetch_road_data' retrieved from /opt/airflow/dags/first_dag.py
[2025-03-15T09:43:13.911+0000] {logging_mixin.py:190} INFO - [2025-03-15T09:43:13.911+0000] {dag.py:3239} INFO - Sync 1 DAGs
[2025-03-15T09:43:14.014+0000] {logging_mixin.py:190} INFO - [2025-03-15T09:43:14.014+0000] {dag.py:4180} INFO - Setting next_dagrun for fetch_road_data to 2025-03-15 08:00:00+00:00, run_after=2025-03-15 09:00:00+00:00
[2025-03-15T09:43:14.123+0000] {processor.py:208} INFO - Processing /opt/airflow/dags/first_dag.py took 0.497 seconds
[2025-03-15T09:43:44.671+0000] {processor.py:186} INFO - Started process (PID=302) to work on /opt/airflow/dags/first_dag.py
[2025-03-15T09:43:44.673+0000] {processor.py:914} INFO - Processing file /opt/airflow/dags/first_dag.py for tasks to queue
[2025-03-15T09:43:44.680+0000] {logging_mixin.py:190} INFO - [2025-03-15T09:43:44.679+0000] {dagbag.py:588} INFO - Filling up the DagBag from /opt/airflow/dags/first_dag.py
[2025-03-15T09:43:44.746+0000] {processor.py:925} INFO - DAG(s) 'fetch_road_data' retrieved from /opt/airflow/dags/first_dag.py
[2025-03-15T09:43:44.903+0000] {logging_mixin.py:190} INFO - [2025-03-15T09:43:44.902+0000] {dag.py:3239} INFO - Sync 1 DAGs
[2025-03-15T09:43:45.047+0000] {logging_mixin.py:190} INFO - [2025-03-15T09:43:45.047+0000] {dag.py:4180} INFO - Setting next_dagrun for fetch_road_data to 2025-03-15 08:00:00+00:00, run_after=2025-03-15 09:00:00+00:00
[2025-03-15T09:43:45.162+0000] {processor.py:208} INFO - Processing /opt/airflow/dags/first_dag.py took 0.503 seconds
[2025-03-15T09:44:15.692+0000] {processor.py:186} INFO - Started process (PID=307) to work on /opt/airflow/dags/first_dag.py
[2025-03-15T09:44:15.694+0000] {processor.py:914} INFO - Processing file /opt/airflow/dags/first_dag.py for tasks to queue
[2025-03-15T09:44:15.700+0000] {logging_mixin.py:190} INFO - [2025-03-15T09:44:15.700+0000] {dagbag.py:588} INFO - Filling up the DagBag from /opt/airflow/dags/first_dag.py
[2025-03-15T09:44:15.793+0000] {processor.py:925} INFO - DAG(s) 'fetch_road_data' retrieved from /opt/airflow/dags/first_dag.py
[2025-03-15T09:44:15.962+0000] {logging_mixin.py:190} INFO - [2025-03-15T09:44:15.961+0000] {dag.py:3239} INFO - Sync 1 DAGs
[2025-03-15T09:44:16.075+0000] {logging_mixin.py:190} INFO - [2025-03-15T09:44:16.075+0000] {dag.py:4180} INFO - Setting next_dagrun for fetch_road_data to 2025-03-15 08:00:00+00:00, run_after=2025-03-15 09:00:00+00:00
[2025-03-15T09:44:16.192+0000] {processor.py:208} INFO - Processing /opt/airflow/dags/first_dag.py took 0.515 seconds
[2025-03-15T09:44:47.177+0000] {processor.py:186} INFO - Started process (PID=312) to work on /opt/airflow/dags/first_dag.py
[2025-03-15T09:44:47.179+0000] {processor.py:914} INFO - Processing file /opt/airflow/dags/first_dag.py for tasks to queue
[2025-03-15T09:44:47.182+0000] {logging_mixin.py:190} INFO - [2025-03-15T09:44:47.182+0000] {dagbag.py:588} INFO - Filling up the DagBag from /opt/airflow/dags/first_dag.py
[2025-03-15T09:44:47.261+0000] {processor.py:925} INFO - DAG(s) 'fetch_road_data' retrieved from /opt/airflow/dags/first_dag.py
[2025-03-15T09:44:47.451+0000] {logging_mixin.py:190} INFO - [2025-03-15T09:44:47.451+0000] {dag.py:3239} INFO - Sync 1 DAGs
[2025-03-15T09:44:47.585+0000] {logging_mixin.py:190} INFO - [2025-03-15T09:44:47.585+0000] {dag.py:4180} INFO - Setting next_dagrun for fetch_road_data to 2025-03-15 08:00:00+00:00, run_after=2025-03-15 09:00:00+00:00
[2025-03-15T09:44:47.707+0000] {processor.py:208} INFO - Processing /opt/airflow/dags/first_dag.py took 0.540 seconds
[2025-03-15T09:45:18.381+0000] {processor.py:186} INFO - Started process (PID=317) to work on /opt/airflow/dags/first_dag.py
[2025-03-15T09:45:18.384+0000] {processor.py:914} INFO - Processing file /opt/airflow/dags/first_dag.py for tasks to queue
[2025-03-15T09:45:18.390+0000] {logging_mixin.py:190} INFO - [2025-03-15T09:45:18.389+0000] {dagbag.py:588} INFO - Filling up the DagBag from /opt/airflow/dags/first_dag.py
[2025-03-15T09:45:18.484+0000] {processor.py:925} INFO - DAG(s) 'fetch_road_data' retrieved from /opt/airflow/dags/first_dag.py
[2025-03-15T09:45:18.628+0000] {logging_mixin.py:190} INFO - [2025-03-15T09:45:18.628+0000] {dag.py:3239} INFO - Sync 1 DAGs
[2025-03-15T09:45:18.752+0000] {logging_mixin.py:190} INFO - [2025-03-15T09:45:18.752+0000] {dag.py:4180} INFO - Setting next_dagrun for fetch_road_data to 2025-03-15 08:00:00+00:00, run_after=2025-03-15 09:00:00+00:00
[2025-03-15T09:45:18.858+0000] {processor.py:208} INFO - Processing /opt/airflow/dags/first_dag.py took 0.492 seconds
[2025-03-15T09:45:49.756+0000] {processor.py:186} INFO - Started process (PID=322) to work on /opt/airflow/dags/first_dag.py
[2025-03-15T09:45:49.759+0000] {processor.py:914} INFO - Processing file /opt/airflow/dags/first_dag.py for tasks to queue
[2025-03-15T09:45:49.763+0000] {logging_mixin.py:190} INFO - [2025-03-15T09:45:49.763+0000] {dagbag.py:588} INFO - Filling up the DagBag from /opt/airflow/dags/first_dag.py
[2025-03-15T09:45:49.850+0000] {processor.py:925} INFO - DAG(s) 'fetch_road_data' retrieved from /opt/airflow/dags/first_dag.py
[2025-03-15T09:45:50.052+0000] {logging_mixin.py:190} INFO - [2025-03-15T09:45:50.051+0000] {dag.py:3239} INFO - Sync 1 DAGs
[2025-03-15T09:45:50.194+0000] {logging_mixin.py:190} INFO - [2025-03-15T09:45:50.194+0000] {dag.py:4180} INFO - Setting next_dagrun for fetch_road_data to 2025-03-15 08:00:00+00:00, run_after=2025-03-15 09:00:00+00:00
[2025-03-15T09:45:50.295+0000] {processor.py:208} INFO - Processing /opt/airflow/dags/first_dag.py took 0.549 seconds
[2025-03-15T09:46:20.627+0000] {processor.py:186} INFO - Started process (PID=327) to work on /opt/airflow/dags/first_dag.py
[2025-03-15T09:46:20.629+0000] {processor.py:914} INFO - Processing file /opt/airflow/dags/first_dag.py for tasks to queue
[2025-03-15T09:46:20.634+0000] {logging_mixin.py:190} INFO - [2025-03-15T09:46:20.633+0000] {dagbag.py:588} INFO - Filling up the DagBag from /opt/airflow/dags/first_dag.py
[2025-03-15T09:46:20.828+0000] {processor.py:925} INFO - DAG(s) 'fetch_road_data' retrieved from /opt/airflow/dags/first_dag.py
[2025-03-15T09:46:21.569+0000] {logging_mixin.py:190} INFO - [2025-03-15T09:46:21.565+0000] {dag.py:3239} INFO - Sync 1 DAGs
[2025-03-15T09:46:22.156+0000] {logging_mixin.py:190} INFO - [2025-03-15T09:46:22.156+0000] {dag.py:4180} INFO - Setting next_dagrun for fetch_road_data to 2025-03-15 08:00:00+00:00, run_after=2025-03-15 09:00:00+00:00
[2025-03-15T09:46:22.607+0000] {processor.py:208} INFO - Processing /opt/airflow/dags/first_dag.py took 2.000 seconds
[2025-03-15T09:46:53.552+0000] {processor.py:186} INFO - Started process (PID=332) to work on /opt/airflow/dags/first_dag.py
[2025-03-15T09:46:53.554+0000] {processor.py:914} INFO - Processing file /opt/airflow/dags/first_dag.py for tasks to queue
[2025-03-15T09:46:53.559+0000] {logging_mixin.py:190} INFO - [2025-03-15T09:46:53.559+0000] {dagbag.py:588} INFO - Filling up the DagBag from /opt/airflow/dags/first_dag.py
[2025-03-15T09:46:53.642+0000] {processor.py:925} INFO - DAG(s) 'fetch_road_data' retrieved from /opt/airflow/dags/first_dag.py
[2025-03-15T09:46:53.848+0000] {logging_mixin.py:190} INFO - [2025-03-15T09:46:53.848+0000] {dag.py:3239} INFO - Sync 1 DAGs
[2025-03-15T09:46:53.982+0000] {logging_mixin.py:190} INFO - [2025-03-15T09:46:53.981+0000] {dag.py:4180} INFO - Setting next_dagrun for fetch_road_data to 2025-03-15 08:00:00+00:00, run_after=2025-03-15 09:00:00+00:00
[2025-03-15T09:46:54.108+0000] {processor.py:208} INFO - Processing /opt/airflow/dags/first_dag.py took 0.573 seconds
[2025-03-15T09:47:24.374+0000] {processor.py:186} INFO - Started process (PID=337) to work on /opt/airflow/dags/first_dag.py
[2025-03-15T09:47:24.377+0000] {processor.py:914} INFO - Processing file /opt/airflow/dags/first_dag.py for tasks to queue
[2025-03-15T09:47:24.381+0000] {logging_mixin.py:190} INFO - [2025-03-15T09:47:24.381+0000] {dagbag.py:588} INFO - Filling up the DagBag from /opt/airflow/dags/first_dag.py
[2025-03-15T09:47:24.469+0000] {processor.py:925} INFO - DAG(s) 'fetch_road_data' retrieved from /opt/airflow/dags/first_dag.py
[2025-03-15T09:47:24.651+0000] {logging_mixin.py:190} INFO - [2025-03-15T09:47:24.650+0000] {dag.py:3239} INFO - Sync 1 DAGs
[2025-03-15T09:47:24.772+0000] {logging_mixin.py:190} INFO - [2025-03-15T09:47:24.772+0000] {dag.py:4180} INFO - Setting next_dagrun for fetch_road_data to 2025-03-15 08:00:00+00:00, run_after=2025-03-15 09:00:00+00:00
[2025-03-15T09:47:24.893+0000] {processor.py:208} INFO - Processing /opt/airflow/dags/first_dag.py took 0.531 seconds
[2025-03-15T09:47:55.586+0000] {processor.py:186} INFO - Started process (PID=342) to work on /opt/airflow/dags/first_dag.py
[2025-03-15T09:47:55.589+0000] {processor.py:914} INFO - Processing file /opt/airflow/dags/first_dag.py for tasks to queue
[2025-03-15T09:47:55.595+0000] {logging_mixin.py:190} INFO - [2025-03-15T09:47:55.595+0000] {dagbag.py:588} INFO - Filling up the DagBag from /opt/airflow/dags/first_dag.py
[2025-03-15T09:47:55.680+0000] {processor.py:925} INFO - DAG(s) 'fetch_road_data' retrieved from /opt/airflow/dags/first_dag.py
[2025-03-15T09:47:55.806+0000] {logging_mixin.py:190} INFO - [2025-03-15T09:47:55.806+0000] {dag.py:3239} INFO - Sync 1 DAGs
[2025-03-15T09:47:55.897+0000] {logging_mixin.py:190} INFO - [2025-03-15T09:47:55.897+0000] {dag.py:4180} INFO - Setting next_dagrun for fetch_road_data to 2025-03-15 08:00:00+00:00, run_after=2025-03-15 09:00:00+00:00
[2025-03-15T09:47:55.987+0000] {processor.py:208} INFO - Processing /opt/airflow/dags/first_dag.py took 0.420 seconds
[2025-03-15T09:48:27.680+0000] {processor.py:186} INFO - Started process (PID=347) to work on /opt/airflow/dags/first_dag.py
[2025-03-15T09:48:27.692+0000] {processor.py:914} INFO - Processing file /opt/airflow/dags/first_dag.py for tasks to queue
[2025-03-15T09:48:27.738+0000] {logging_mixin.py:190} INFO - [2025-03-15T09:48:27.729+0000] {dagbag.py:588} INFO - Filling up the DagBag from /opt/airflow/dags/first_dag.py
[2025-03-15T09:48:28.346+0000] {processor.py:925} INFO - DAG(s) 'fetch_road_data' retrieved from /opt/airflow/dags/first_dag.py
[2025-03-15T09:48:29.578+0000] {logging_mixin.py:190} INFO - [2025-03-15T09:48:29.578+0000] {dag.py:3239} INFO - Sync 1 DAGs
[2025-03-15T09:48:29.702+0000] {logging_mixin.py:190} INFO - [2025-03-15T09:48:29.702+0000] {dag.py:4180} INFO - Setting next_dagrun for fetch_road_data to 2025-03-15 08:00:00+00:00, run_after=2025-03-15 09:00:00+00:00
[2025-03-15T09:48:29.826+0000] {processor.py:208} INFO - Processing /opt/airflow/dags/first_dag.py took 2.241 seconds
[2025-03-15T09:49:00.136+0000] {processor.py:186} INFO - Started process (PID=352) to work on /opt/airflow/dags/first_dag.py
[2025-03-15T09:49:00.137+0000] {processor.py:914} INFO - Processing file /opt/airflow/dags/first_dag.py for tasks to queue
[2025-03-15T09:49:00.140+0000] {logging_mixin.py:190} INFO - [2025-03-15T09:49:00.140+0000] {dagbag.py:588} INFO - Filling up the DagBag from /opt/airflow/dags/first_dag.py
[2025-03-15T09:49:00.224+0000] {processor.py:925} INFO - DAG(s) 'fetch_road_data' retrieved from /opt/airflow/dags/first_dag.py
[2025-03-15T09:49:00.417+0000] {logging_mixin.py:190} INFO - [2025-03-15T09:49:00.417+0000] {dag.py:3239} INFO - Sync 1 DAGs
[2025-03-15T09:49:00.560+0000] {logging_mixin.py:190} INFO - [2025-03-15T09:49:00.560+0000] {dag.py:4180} INFO - Setting next_dagrun for fetch_road_data to 2025-03-15 08:00:00+00:00, run_after=2025-03-15 09:00:00+00:00
[2025-03-15T09:49:00.664+0000] {processor.py:208} INFO - Processing /opt/airflow/dags/first_dag.py took 0.535 seconds
[2025-03-15T09:49:31.475+0000] {processor.py:186} INFO - Started process (PID=357) to work on /opt/airflow/dags/first_dag.py
[2025-03-15T09:49:31.477+0000] {processor.py:914} INFO - Processing file /opt/airflow/dags/first_dag.py for tasks to queue
[2025-03-15T09:49:31.481+0000] {logging_mixin.py:190} INFO - [2025-03-15T09:49:31.481+0000] {dagbag.py:588} INFO - Filling up the DagBag from /opt/airflow/dags/first_dag.py
[2025-03-15T09:49:31.568+0000] {processor.py:925} INFO - DAG(s) 'fetch_road_data' retrieved from /opt/airflow/dags/first_dag.py
[2025-03-15T09:49:31.742+0000] {logging_mixin.py:190} INFO - [2025-03-15T09:49:31.742+0000] {dag.py:3239} INFO - Sync 1 DAGs
[2025-03-15T09:49:31.848+0000] {logging_mixin.py:190} INFO - [2025-03-15T09:49:31.847+0000] {dag.py:4180} INFO - Setting next_dagrun for fetch_road_data to 2025-03-15 08:00:00+00:00, run_after=2025-03-15 09:00:00+00:00
[2025-03-15T09:49:31.974+0000] {processor.py:208} INFO - Processing /opt/airflow/dags/first_dag.py took 0.512 seconds
[2025-03-15T09:50:02.549+0000] {processor.py:186} INFO - Started process (PID=362) to work on /opt/airflow/dags/first_dag.py
[2025-03-15T09:50:02.551+0000] {processor.py:914} INFO - Processing file /opt/airflow/dags/first_dag.py for tasks to queue
[2025-03-15T09:50:02.555+0000] {logging_mixin.py:190} INFO - [2025-03-15T09:50:02.554+0000] {dagbag.py:588} INFO - Filling up the DagBag from /opt/airflow/dags/first_dag.py
[2025-03-15T09:50:02.615+0000] {processor.py:925} INFO - DAG(s) 'fetch_road_data' retrieved from /opt/airflow/dags/first_dag.py
[2025-03-15T09:50:02.757+0000] {logging_mixin.py:190} INFO - [2025-03-15T09:50:02.757+0000] {dag.py:3239} INFO - Sync 1 DAGs
[2025-03-15T09:50:02.842+0000] {logging_mixin.py:190} INFO - [2025-03-15T09:50:02.841+0000] {dag.py:4180} INFO - Setting next_dagrun for fetch_road_data to 2025-03-15 08:00:00+00:00, run_after=2025-03-15 09:00:00+00:00
[2025-03-15T09:50:02.928+0000] {processor.py:208} INFO - Processing /opt/airflow/dags/first_dag.py took 0.387 seconds
[2025-03-15T09:50:33.422+0000] {processor.py:186} INFO - Started process (PID=367) to work on /opt/airflow/dags/first_dag.py
[2025-03-15T09:50:33.426+0000] {processor.py:914} INFO - Processing file /opt/airflow/dags/first_dag.py for tasks to queue
[2025-03-15T09:50:33.434+0000] {logging_mixin.py:190} INFO - [2025-03-15T09:50:33.433+0000] {dagbag.py:588} INFO - Filling up the DagBag from /opt/airflow/dags/first_dag.py
[2025-03-15T09:50:33.520+0000] {processor.py:925} INFO - DAG(s) 'fetch_road_data' retrieved from /opt/airflow/dags/first_dag.py
[2025-03-15T09:50:33.695+0000] {logging_mixin.py:190} INFO - [2025-03-15T09:50:33.695+0000] {dag.py:3239} INFO - Sync 1 DAGs
[2025-03-15T09:50:33.808+0000] {logging_mixin.py:190} INFO - [2025-03-15T09:50:33.807+0000] {dag.py:4180} INFO - Setting next_dagrun for fetch_road_data to 2025-03-15 08:00:00+00:00, run_after=2025-03-15 09:00:00+00:00
[2025-03-15T09:50:33.917+0000] {processor.py:208} INFO - Processing /opt/airflow/dags/first_dag.py took 0.507 seconds
[2025-03-15T09:51:04.744+0000] {processor.py:186} INFO - Started process (PID=372) to work on /opt/airflow/dags/first_dag.py
[2025-03-15T09:51:04.746+0000] {processor.py:914} INFO - Processing file /opt/airflow/dags/first_dag.py for tasks to queue
[2025-03-15T09:51:04.749+0000] {logging_mixin.py:190} INFO - [2025-03-15T09:51:04.749+0000] {dagbag.py:588} INFO - Filling up the DagBag from /opt/airflow/dags/first_dag.py
[2025-03-15T09:51:04.823+0000] {processor.py:925} INFO - DAG(s) 'fetch_road_data' retrieved from /opt/airflow/dags/first_dag.py
[2025-03-15T09:51:04.989+0000] {logging_mixin.py:190} INFO - [2025-03-15T09:51:04.988+0000] {dag.py:3239} INFO - Sync 1 DAGs
[2025-03-15T09:51:05.093+0000] {logging_mixin.py:190} INFO - [2025-03-15T09:51:05.093+0000] {dag.py:4180} INFO - Setting next_dagrun for fetch_road_data to 2025-03-15 08:00:00+00:00, run_after=2025-03-15 09:00:00+00:00
[2025-03-15T09:51:05.197+0000] {processor.py:208} INFO - Processing /opt/airflow/dags/first_dag.py took 0.459 seconds
[2025-03-15T09:51:35.540+0000] {processor.py:186} INFO - Started process (PID=377) to work on /opt/airflow/dags/first_dag.py
[2025-03-15T09:51:35.542+0000] {processor.py:914} INFO - Processing file /opt/airflow/dags/first_dag.py for tasks to queue
[2025-03-15T09:51:35.547+0000] {logging_mixin.py:190} INFO - [2025-03-15T09:51:35.547+0000] {dagbag.py:588} INFO - Filling up the DagBag from /opt/airflow/dags/first_dag.py
[2025-03-15T09:51:35.622+0000] {processor.py:925} INFO - DAG(s) 'fetch_road_data' retrieved from /opt/airflow/dags/first_dag.py
[2025-03-15T09:51:35.817+0000] {logging_mixin.py:190} INFO - [2025-03-15T09:51:35.817+0000] {dag.py:3239} INFO - Sync 1 DAGs
[2025-03-15T09:51:35.954+0000] {logging_mixin.py:190} INFO - [2025-03-15T09:51:35.953+0000] {dag.py:4180} INFO - Setting next_dagrun for fetch_road_data to 2025-03-15 08:00:00+00:00, run_after=2025-03-15 09:00:00+00:00
[2025-03-15T09:51:36.078+0000] {processor.py:208} INFO - Processing /opt/airflow/dags/first_dag.py took 0.549 seconds
[2025-03-15T09:52:06.936+0000] {processor.py:186} INFO - Started process (PID=382) to work on /opt/airflow/dags/first_dag.py
[2025-03-15T09:52:06.938+0000] {processor.py:914} INFO - Processing file /opt/airflow/dags/first_dag.py for tasks to queue
[2025-03-15T09:52:06.941+0000] {logging_mixin.py:190} INFO - [2025-03-15T09:52:06.941+0000] {dagbag.py:588} INFO - Filling up the DagBag from /opt/airflow/dags/first_dag.py
[2025-03-15T09:52:07.000+0000] {processor.py:925} INFO - DAG(s) 'fetch_road_data' retrieved from /opt/airflow/dags/first_dag.py
[2025-03-15T09:52:07.196+0000] {logging_mixin.py:190} INFO - [2025-03-15T09:52:07.196+0000] {dag.py:3239} INFO - Sync 1 DAGs
[2025-03-15T09:52:07.328+0000] {logging_mixin.py:190} INFO - [2025-03-15T09:52:07.327+0000] {dag.py:4180} INFO - Setting next_dagrun for fetch_road_data to 2025-03-15 08:00:00+00:00, run_after=2025-03-15 09:00:00+00:00
[2025-03-15T09:52:07.436+0000] {processor.py:208} INFO - Processing /opt/airflow/dags/first_dag.py took 0.505 seconds
[2025-03-15T09:52:37.715+0000] {processor.py:186} INFO - Started process (PID=387) to work on /opt/airflow/dags/first_dag.py
[2025-03-15T09:52:37.717+0000] {processor.py:914} INFO - Processing file /opt/airflow/dags/first_dag.py for tasks to queue
[2025-03-15T09:52:37.720+0000] {logging_mixin.py:190} INFO - [2025-03-15T09:52:37.720+0000] {dagbag.py:588} INFO - Filling up the DagBag from /opt/airflow/dags/first_dag.py
[2025-03-15T09:52:37.805+0000] {processor.py:925} INFO - DAG(s) 'fetch_road_data' retrieved from /opt/airflow/dags/first_dag.py
[2025-03-15T09:52:38.006+0000] {logging_mixin.py:190} INFO - [2025-03-15T09:52:38.006+0000] {dag.py:3239} INFO - Sync 1 DAGs
[2025-03-15T09:52:38.133+0000] {logging_mixin.py:190} INFO - [2025-03-15T09:52:38.133+0000] {dag.py:4180} INFO - Setting next_dagrun for fetch_road_data to 2025-03-15 08:00:00+00:00, run_after=2025-03-15 09:00:00+00:00
[2025-03-15T09:52:38.246+0000] {processor.py:208} INFO - Processing /opt/airflow/dags/first_dag.py took 0.536 seconds
[2025-03-15T09:53:08.545+0000] {processor.py:186} INFO - Started process (PID=392) to work on /opt/airflow/dags/first_dag.py
[2025-03-15T09:53:08.548+0000] {processor.py:914} INFO - Processing file /opt/airflow/dags/first_dag.py for tasks to queue
[2025-03-15T09:53:08.551+0000] {logging_mixin.py:190} INFO - [2025-03-15T09:53:08.551+0000] {dagbag.py:588} INFO - Filling up the DagBag from /opt/airflow/dags/first_dag.py
[2025-03-15T09:53:08.634+0000] {processor.py:925} INFO - DAG(s) 'fetch_road_data' retrieved from /opt/airflow/dags/first_dag.py
[2025-03-15T09:53:08.835+0000] {logging_mixin.py:190} INFO - [2025-03-15T09:53:08.835+0000] {dag.py:3239} INFO - Sync 1 DAGs
[2025-03-15T09:53:08.945+0000] {logging_mixin.py:190} INFO - [2025-03-15T09:53:08.945+0000] {dag.py:4180} INFO - Setting next_dagrun for fetch_road_data to 2025-03-15 08:00:00+00:00, run_after=2025-03-15 09:00:00+00:00
[2025-03-15T09:53:09.063+0000] {processor.py:208} INFO - Processing /opt/airflow/dags/first_dag.py took 0.527 seconds
[2025-03-15T09:53:40.047+0000] {processor.py:186} INFO - Started process (PID=397) to work on /opt/airflow/dags/first_dag.py
[2025-03-15T09:53:40.050+0000] {processor.py:914} INFO - Processing file /opt/airflow/dags/first_dag.py for tasks to queue
[2025-03-15T09:53:40.055+0000] {logging_mixin.py:190} INFO - [2025-03-15T09:53:40.054+0000] {dagbag.py:588} INFO - Filling up the DagBag from /opt/airflow/dags/first_dag.py
[2025-03-15T09:53:40.126+0000] {processor.py:925} INFO - DAG(s) 'fetch_road_data' retrieved from /opt/airflow/dags/first_dag.py
[2025-03-15T09:53:40.337+0000] {logging_mixin.py:190} INFO - [2025-03-15T09:53:40.336+0000] {dag.py:3239} INFO - Sync 1 DAGs
[2025-03-15T09:53:40.463+0000] {logging_mixin.py:190} INFO - [2025-03-15T09:53:40.462+0000] {dag.py:4180} INFO - Setting next_dagrun for fetch_road_data to 2025-03-15 08:00:00+00:00, run_after=2025-03-15 09:00:00+00:00
[2025-03-15T09:53:40.578+0000] {processor.py:208} INFO - Processing /opt/airflow/dags/first_dag.py took 0.546 seconds
[2025-03-15T09:54:10.989+0000] {processor.py:186} INFO - Started process (PID=402) to work on /opt/airflow/dags/first_dag.py
[2025-03-15T09:54:10.991+0000] {processor.py:914} INFO - Processing file /opt/airflow/dags/first_dag.py for tasks to queue
[2025-03-15T09:54:10.995+0000] {logging_mixin.py:190} INFO - [2025-03-15T09:54:10.994+0000] {dagbag.py:588} INFO - Filling up the DagBag from /opt/airflow/dags/first_dag.py
[2025-03-15T09:54:11.075+0000] {processor.py:925} INFO - DAG(s) 'fetch_road_data' retrieved from /opt/airflow/dags/first_dag.py
[2025-03-15T09:54:11.277+0000] {logging_mixin.py:190} INFO - [2025-03-15T09:54:11.276+0000] {dag.py:3239} INFO - Sync 1 DAGs
[2025-03-15T09:54:11.388+0000] {logging_mixin.py:190} INFO - [2025-03-15T09:54:11.388+0000] {dag.py:4180} INFO - Setting next_dagrun for fetch_road_data to 2025-03-15 08:00:00+00:00, run_after=2025-03-15 09:00:00+00:00
[2025-03-15T09:54:11.502+0000] {processor.py:208} INFO - Processing /opt/airflow/dags/first_dag.py took 0.519 seconds
[2025-03-15T09:54:41.762+0000] {processor.py:186} INFO - Started process (PID=407) to work on /opt/airflow/dags/first_dag.py
[2025-03-15T09:54:41.764+0000] {processor.py:914} INFO - Processing file /opt/airflow/dags/first_dag.py for tasks to queue
[2025-03-15T09:54:41.768+0000] {logging_mixin.py:190} INFO - [2025-03-15T09:54:41.767+0000] {dagbag.py:588} INFO - Filling up the DagBag from /opt/airflow/dags/first_dag.py
[2025-03-15T09:54:41.848+0000] {processor.py:925} INFO - DAG(s) 'fetch_road_data' retrieved from /opt/airflow/dags/first_dag.py
[2025-03-15T09:54:42.061+0000] {logging_mixin.py:190} INFO - [2025-03-15T09:54:42.061+0000] {dag.py:3239} INFO - Sync 1 DAGs
[2025-03-15T09:54:42.191+0000] {logging_mixin.py:190} INFO - [2025-03-15T09:54:42.191+0000] {dag.py:4180} INFO - Setting next_dagrun for fetch_road_data to 2025-03-15 08:00:00+00:00, run_after=2025-03-15 09:00:00+00:00
[2025-03-15T09:54:42.306+0000] {processor.py:208} INFO - Processing /opt/airflow/dags/first_dag.py took 0.553 seconds
[2025-03-15T09:55:12.783+0000] {processor.py:186} INFO - Started process (PID=412) to work on /opt/airflow/dags/first_dag.py
[2025-03-15T09:55:12.785+0000] {processor.py:914} INFO - Processing file /opt/airflow/dags/first_dag.py for tasks to queue
[2025-03-15T09:55:12.790+0000] {logging_mixin.py:190} INFO - [2025-03-15T09:55:12.789+0000] {dagbag.py:588} INFO - Filling up the DagBag from /opt/airflow/dags/first_dag.py
[2025-03-15T09:55:12.850+0000] {processor.py:925} INFO - DAG(s) 'fetch_road_data' retrieved from /opt/airflow/dags/first_dag.py
[2025-03-15T09:55:12.967+0000] {logging_mixin.py:190} INFO - [2025-03-15T09:55:12.966+0000] {dag.py:3239} INFO - Sync 1 DAGs
[2025-03-15T09:55:13.050+0000] {logging_mixin.py:190} INFO - [2025-03-15T09:55:13.049+0000] {dag.py:4180} INFO - Setting next_dagrun for fetch_road_data to 2025-03-15 08:00:00+00:00, run_after=2025-03-15 09:00:00+00:00
[2025-03-15T09:55:13.137+0000] {processor.py:208} INFO - Processing /opt/airflow/dags/first_dag.py took 0.366 seconds
[2025-03-15T09:55:43.457+0000] {processor.py:186} INFO - Started process (PID=417) to work on /opt/airflow/dags/first_dag.py
[2025-03-15T09:55:43.459+0000] {processor.py:914} INFO - Processing file /opt/airflow/dags/first_dag.py for tasks to queue
[2025-03-15T09:55:43.464+0000] {logging_mixin.py:190} INFO - [2025-03-15T09:55:43.463+0000] {dagbag.py:588} INFO - Filling up the DagBag from /opt/airflow/dags/first_dag.py
[2025-03-15T09:55:43.555+0000] {processor.py:925} INFO - DAG(s) 'fetch_road_data' retrieved from /opt/airflow/dags/first_dag.py
[2025-03-15T09:55:43.759+0000] {logging_mixin.py:190} INFO - [2025-03-15T09:55:43.759+0000] {dag.py:3239} INFO - Sync 1 DAGs
[2025-03-15T09:55:43.884+0000] {logging_mixin.py:190} INFO - [2025-03-15T09:55:43.884+0000] {dag.py:4180} INFO - Setting next_dagrun for fetch_road_data to 2025-03-15 08:00:00+00:00, run_after=2025-03-15 09:00:00+00:00
[2025-03-15T09:55:43.997+0000] {processor.py:208} INFO - Processing /opt/airflow/dags/first_dag.py took 0.550 seconds
[2025-03-15T09:56:14.785+0000] {processor.py:186} INFO - Started process (PID=422) to work on /opt/airflow/dags/first_dag.py
[2025-03-15T09:56:14.788+0000] {processor.py:914} INFO - Processing file /opt/airflow/dags/first_dag.py for tasks to queue
[2025-03-15T09:56:14.792+0000] {logging_mixin.py:190} INFO - [2025-03-15T09:56:14.792+0000] {dagbag.py:588} INFO - Filling up the DagBag from /opt/airflow/dags/first_dag.py
[2025-03-15T09:56:14.879+0000] {processor.py:925} INFO - DAG(s) 'fetch_road_data' retrieved from /opt/airflow/dags/first_dag.py
[2025-03-15T09:56:15.059+0000] {logging_mixin.py:190} INFO - [2025-03-15T09:56:15.059+0000] {dag.py:3239} INFO - Sync 1 DAGs
[2025-03-15T09:56:15.195+0000] {logging_mixin.py:190} INFO - [2025-03-15T09:56:15.194+0000] {dag.py:4180} INFO - Setting next_dagrun for fetch_road_data to 2025-03-15 08:00:00+00:00, run_after=2025-03-15 09:00:00+00:00
[2025-03-15T09:56:15.303+0000] {processor.py:208} INFO - Processing /opt/airflow/dags/first_dag.py took 0.536 seconds
[2025-03-15T09:56:45.797+0000] {processor.py:186} INFO - Started process (PID=427) to work on /opt/airflow/dags/first_dag.py
[2025-03-15T09:56:45.799+0000] {processor.py:914} INFO - Processing file /opt/airflow/dags/first_dag.py for tasks to queue
[2025-03-15T09:56:45.802+0000] {logging_mixin.py:190} INFO - [2025-03-15T09:56:45.802+0000] {dagbag.py:588} INFO - Filling up the DagBag from /opt/airflow/dags/first_dag.py
[2025-03-15T09:56:45.880+0000] {processor.py:925} INFO - DAG(s) 'fetch_road_data' retrieved from /opt/airflow/dags/first_dag.py
[2025-03-15T09:56:46.076+0000] {logging_mixin.py:190} INFO - [2025-03-15T09:56:46.076+0000] {dag.py:3239} INFO - Sync 1 DAGs
[2025-03-15T09:56:46.185+0000] {logging_mixin.py:190} INFO - [2025-03-15T09:56:46.184+0000] {dag.py:4180} INFO - Setting next_dagrun for fetch_road_data to 2025-03-15 08:00:00+00:00, run_after=2025-03-15 09:00:00+00:00
[2025-03-15T09:56:46.289+0000] {processor.py:208} INFO - Processing /opt/airflow/dags/first_dag.py took 0.499 seconds
[2025-03-15T09:57:16.635+0000] {processor.py:186} INFO - Started process (PID=432) to work on /opt/airflow/dags/first_dag.py
[2025-03-15T09:57:16.638+0000] {processor.py:914} INFO - Processing file /opt/airflow/dags/first_dag.py for tasks to queue
[2025-03-15T09:57:16.643+0000] {logging_mixin.py:190} INFO - [2025-03-15T09:57:16.643+0000] {dagbag.py:588} INFO - Filling up the DagBag from /opt/airflow/dags/first_dag.py
[2025-03-15T09:57:16.719+0000] {processor.py:925} INFO - DAG(s) 'fetch_road_data' retrieved from /opt/airflow/dags/first_dag.py
[2025-03-15T09:57:16.895+0000] {logging_mixin.py:190} INFO - [2025-03-15T09:57:16.895+0000] {dag.py:3239} INFO - Sync 1 DAGs
[2025-03-15T09:57:16.994+0000] {logging_mixin.py:190} INFO - [2025-03-15T09:57:16.994+0000] {dag.py:4180} INFO - Setting next_dagrun for fetch_road_data to 2025-03-15 08:00:00+00:00, run_after=2025-03-15 09:00:00+00:00
[2025-03-15T09:57:17.101+0000] {processor.py:208} INFO - Processing /opt/airflow/dags/first_dag.py took 0.483 seconds
[2025-03-15T09:57:47.381+0000] {processor.py:186} INFO - Started process (PID=437) to work on /opt/airflow/dags/first_dag.py
[2025-03-15T09:57:47.383+0000] {processor.py:914} INFO - Processing file /opt/airflow/dags/first_dag.py for tasks to queue
[2025-03-15T09:57:47.388+0000] {logging_mixin.py:190} INFO - [2025-03-15T09:57:47.387+0000] {dagbag.py:588} INFO - Filling up the DagBag from /opt/airflow/dags/first_dag.py
[2025-03-15T09:57:47.457+0000] {processor.py:925} INFO - DAG(s) 'fetch_road_data' retrieved from /opt/airflow/dags/first_dag.py
[2025-03-15T09:57:47.639+0000] {logging_mixin.py:190} INFO - [2025-03-15T09:57:47.639+0000] {dag.py:3239} INFO - Sync 1 DAGs
[2025-03-15T09:57:47.744+0000] {logging_mixin.py:190} INFO - [2025-03-15T09:57:47.744+0000] {dag.py:4180} INFO - Setting next_dagrun for fetch_road_data to 2025-03-15 08:00:00+00:00, run_after=2025-03-15 09:00:00+00:00
[2025-03-15T09:57:47.849+0000] {processor.py:208} INFO - Processing /opt/airflow/dags/first_dag.py took 0.483 seconds
[2025-03-15T09:58:18.900+0000] {processor.py:186} INFO - Started process (PID=442) to work on /opt/airflow/dags/first_dag.py
[2025-03-15T09:58:18.902+0000] {processor.py:914} INFO - Processing file /opt/airflow/dags/first_dag.py for tasks to queue
[2025-03-15T09:58:18.905+0000] {logging_mixin.py:190} INFO - [2025-03-15T09:58:18.905+0000] {dagbag.py:588} INFO - Filling up the DagBag from /opt/airflow/dags/first_dag.py
[2025-03-15T09:58:18.965+0000] {processor.py:925} INFO - DAG(s) 'fetch_road_data' retrieved from /opt/airflow/dags/first_dag.py
[2025-03-15T09:58:19.061+0000] {logging_mixin.py:190} INFO - [2025-03-15T09:58:19.061+0000] {dag.py:3239} INFO - Sync 1 DAGs
[2025-03-15T09:58:19.160+0000] {logging_mixin.py:190} INFO - [2025-03-15T09:58:19.159+0000] {dag.py:4180} INFO - Setting next_dagrun for fetch_road_data to 2025-03-15 08:00:00+00:00, run_after=2025-03-15 09:00:00+00:00
[2025-03-15T09:58:19.231+0000] {processor.py:208} INFO - Processing /opt/airflow/dags/first_dag.py took 0.337 seconds
[2025-03-15T09:58:50.376+0000] {processor.py:186} INFO - Started process (PID=447) to work on /opt/airflow/dags/first_dag.py
[2025-03-15T09:58:50.383+0000] {processor.py:914} INFO - Processing file /opt/airflow/dags/first_dag.py for tasks to queue
[2025-03-15T09:58:50.420+0000] {logging_mixin.py:190} INFO - [2025-03-15T09:58:50.414+0000] {dagbag.py:588} INFO - Filling up the DagBag from /opt/airflow/dags/first_dag.py
[2025-03-15T09:58:50.762+0000] {processor.py:925} INFO - DAG(s) 'fetch_road_data' retrieved from /opt/airflow/dags/first_dag.py
[2025-03-15T09:58:51.236+0000] {logging_mixin.py:190} INFO - [2025-03-15T09:58:51.235+0000] {dag.py:3239} INFO - Sync 1 DAGs
[2025-03-15T09:58:51.331+0000] {logging_mixin.py:190} INFO - [2025-03-15T09:58:51.330+0000] {dag.py:4180} INFO - Setting next_dagrun for fetch_road_data to 2025-03-15 08:00:00+00:00, run_after=2025-03-15 09:00:00+00:00
[2025-03-15T09:58:51.419+0000] {processor.py:208} INFO - Processing /opt/airflow/dags/first_dag.py took 1.084 seconds
[2025-03-15T09:59:22.190+0000] {processor.py:186} INFO - Started process (PID=452) to work on /opt/airflow/dags/first_dag.py
[2025-03-15T09:59:22.192+0000] {processor.py:914} INFO - Processing file /opt/airflow/dags/first_dag.py for tasks to queue
[2025-03-15T09:59:22.196+0000] {logging_mixin.py:190} INFO - [2025-03-15T09:59:22.195+0000] {dagbag.py:588} INFO - Filling up the DagBag from /opt/airflow/dags/first_dag.py
[2025-03-15T09:59:22.283+0000] {processor.py:925} INFO - DAG(s) 'fetch_road_data' retrieved from /opt/airflow/dags/first_dag.py
[2025-03-15T09:59:22.480+0000] {logging_mixin.py:190} INFO - [2025-03-15T09:59:22.480+0000] {dag.py:3239} INFO - Sync 1 DAGs
[2025-03-15T09:59:22.608+0000] {logging_mixin.py:190} INFO - [2025-03-15T09:59:22.608+0000] {dag.py:4180} INFO - Setting next_dagrun for fetch_road_data to 2025-03-15 08:00:00+00:00, run_after=2025-03-15 09:00:00+00:00
[2025-03-15T09:59:22.718+0000] {processor.py:208} INFO - Processing /opt/airflow/dags/first_dag.py took 0.535 seconds
[2025-03-15T09:59:53.370+0000] {processor.py:186} INFO - Started process (PID=457) to work on /opt/airflow/dags/first_dag.py
[2025-03-15T09:59:53.372+0000] {processor.py:914} INFO - Processing file /opt/airflow/dags/first_dag.py for tasks to queue
[2025-03-15T09:59:53.377+0000] {logging_mixin.py:190} INFO - [2025-03-15T09:59:53.377+0000] {dagbag.py:588} INFO - Filling up the DagBag from /opt/airflow/dags/first_dag.py
[2025-03-15T09:59:53.462+0000] {processor.py:925} INFO - DAG(s) 'fetch_road_data' retrieved from /opt/airflow/dags/first_dag.py
[2025-03-15T09:59:53.677+0000] {logging_mixin.py:190} INFO - [2025-03-15T09:59:53.676+0000] {dag.py:3239} INFO - Sync 1 DAGs
[2025-03-15T09:59:53.783+0000] {logging_mixin.py:190} INFO - [2025-03-15T09:59:53.782+0000] {dag.py:4180} INFO - Setting next_dagrun for fetch_road_data to 2025-03-15 08:00:00+00:00, run_after=2025-03-15 09:00:00+00:00
[2025-03-15T09:59:53.893+0000] {processor.py:208} INFO - Processing /opt/airflow/dags/first_dag.py took 0.535 seconds
[2025-03-15T10:00:24.602+0000] {processor.py:186} INFO - Started process (PID=462) to work on /opt/airflow/dags/first_dag.py
[2025-03-15T10:00:24.604+0000] {processor.py:914} INFO - Processing file /opt/airflow/dags/first_dag.py for tasks to queue
[2025-03-15T10:00:24.608+0000] {logging_mixin.py:190} INFO - [2025-03-15T10:00:24.608+0000] {dagbag.py:588} INFO - Filling up the DagBag from /opt/airflow/dags/first_dag.py
[2025-03-15T10:00:24.698+0000] {processor.py:925} INFO - DAG(s) 'fetch_road_data' retrieved from /opt/airflow/dags/first_dag.py
[2025-03-15T10:00:24.895+0000] {logging_mixin.py:190} INFO - [2025-03-15T10:00:24.895+0000] {dag.py:3239} INFO - Sync 1 DAGs
[2025-03-15T10:00:24.998+0000] {logging_mixin.py:190} INFO - [2025-03-15T10:00:24.997+0000] {dag.py:4180} INFO - Setting next_dagrun for fetch_road_data to 2025-03-15 09:00:00+00:00, run_after=2025-03-15 10:00:00+00:00
[2025-03-15T10:00:25.116+0000] {processor.py:208} INFO - Processing /opt/airflow/dags/first_dag.py took 0.524 seconds
[2025-03-15T10:00:55.775+0000] {processor.py:186} INFO - Started process (PID=467) to work on /opt/airflow/dags/first_dag.py
[2025-03-15T10:00:55.777+0000] {processor.py:914} INFO - Processing file /opt/airflow/dags/first_dag.py for tasks to queue
[2025-03-15T10:00:55.781+0000] {logging_mixin.py:190} INFO - [2025-03-15T10:00:55.780+0000] {dagbag.py:588} INFO - Filling up the DagBag from /opt/airflow/dags/first_dag.py
[2025-03-15T10:00:55.853+0000] {processor.py:925} INFO - DAG(s) 'fetch_road_data' retrieved from /opt/airflow/dags/first_dag.py
[2025-03-15T10:00:56.044+0000] {logging_mixin.py:190} INFO - [2025-03-15T10:00:56.043+0000] {dag.py:3239} INFO - Sync 1 DAGs
[2025-03-15T10:00:56.180+0000] {logging_mixin.py:190} INFO - [2025-03-15T10:00:56.180+0000] {dag.py:4180} INFO - Setting next_dagrun for fetch_road_data to 2025-03-15 09:00:00+00:00, run_after=2025-03-15 10:00:00+00:00
[2025-03-15T10:00:56.292+0000] {processor.py:208} INFO - Processing /opt/airflow/dags/first_dag.py took 0.530 seconds
[2025-03-15T10:01:26.802+0000] {processor.py:186} INFO - Started process (PID=472) to work on /opt/airflow/dags/first_dag.py
[2025-03-15T10:01:26.804+0000] {processor.py:914} INFO - Processing file /opt/airflow/dags/first_dag.py for tasks to queue
[2025-03-15T10:01:26.807+0000] {logging_mixin.py:190} INFO - [2025-03-15T10:01:26.806+0000] {dagbag.py:588} INFO - Filling up the DagBag from /opt/airflow/dags/first_dag.py
[2025-03-15T10:01:26.868+0000] {processor.py:925} INFO - DAG(s) 'fetch_road_data' retrieved from /opt/airflow/dags/first_dag.py
[2025-03-15T10:01:26.994+0000] {logging_mixin.py:190} INFO - [2025-03-15T10:01:26.993+0000] {dag.py:3239} INFO - Sync 1 DAGs
[2025-03-15T10:01:27.072+0000] {logging_mixin.py:190} INFO - [2025-03-15T10:01:27.072+0000] {dag.py:4180} INFO - Setting next_dagrun for fetch_road_data to 2025-03-15 09:00:00+00:00, run_after=2025-03-15 10:00:00+00:00
[2025-03-15T10:01:27.150+0000] {processor.py:208} INFO - Processing /opt/airflow/dags/first_dag.py took 0.356 seconds
[2025-03-15T10:01:57.715+0000] {processor.py:186} INFO - Started process (PID=477) to work on /opt/airflow/dags/first_dag.py
[2025-03-15T10:01:57.718+0000] {processor.py:914} INFO - Processing file /opt/airflow/dags/first_dag.py for tasks to queue
[2025-03-15T10:01:57.721+0000] {logging_mixin.py:190} INFO - [2025-03-15T10:01:57.721+0000] {dagbag.py:588} INFO - Filling up the DagBag from /opt/airflow/dags/first_dag.py
[2025-03-15T10:01:57.801+0000] {processor.py:925} INFO - DAG(s) 'fetch_road_data' retrieved from /opt/airflow/dags/first_dag.py
[2025-03-15T10:01:58.000+0000] {logging_mixin.py:190} INFO - [2025-03-15T10:01:57.999+0000] {dag.py:3239} INFO - Sync 1 DAGs
[2025-03-15T10:01:58.119+0000] {logging_mixin.py:190} INFO - [2025-03-15T10:01:58.119+0000] {dag.py:4180} INFO - Setting next_dagrun for fetch_road_data to 2025-03-15 09:00:00+00:00, run_after=2025-03-15 10:00:00+00:00
[2025-03-15T10:01:58.239+0000] {processor.py:208} INFO - Processing /opt/airflow/dags/first_dag.py took 0.538 seconds
[2025-03-15T10:02:29.026+0000] {processor.py:186} INFO - Started process (PID=482) to work on /opt/airflow/dags/first_dag.py
[2025-03-15T10:02:29.029+0000] {processor.py:914} INFO - Processing file /opt/airflow/dags/first_dag.py for tasks to queue
[2025-03-15T10:02:29.035+0000] {logging_mixin.py:190} INFO - [2025-03-15T10:02:29.034+0000] {dagbag.py:588} INFO - Filling up the DagBag from /opt/airflow/dags/first_dag.py
[2025-03-15T10:02:29.109+0000] {processor.py:925} INFO - DAG(s) 'fetch_road_data' retrieved from /opt/airflow/dags/first_dag.py
[2025-03-15T10:02:29.299+0000] {logging_mixin.py:190} INFO - [2025-03-15T10:02:29.298+0000] {dag.py:3239} INFO - Sync 1 DAGs
[2025-03-15T10:02:29.429+0000] {logging_mixin.py:190} INFO - [2025-03-15T10:02:29.428+0000] {dag.py:4180} INFO - Setting next_dagrun for fetch_road_data to 2025-03-15 09:00:00+00:00, run_after=2025-03-15 10:00:00+00:00
[2025-03-15T10:02:29.532+0000] {processor.py:208} INFO - Processing /opt/airflow/dags/first_dag.py took 0.518 seconds
[2025-03-15T10:03:00.204+0000] {processor.py:186} INFO - Started process (PID=487) to work on /opt/airflow/dags/first_dag.py
[2025-03-15T10:03:00.208+0000] {processor.py:914} INFO - Processing file /opt/airflow/dags/first_dag.py for tasks to queue
[2025-03-15T10:03:00.216+0000] {logging_mixin.py:190} INFO - [2025-03-15T10:03:00.212+0000] {dagbag.py:588} INFO - Filling up the DagBag from /opt/airflow/dags/first_dag.py
[2025-03-15T10:03:00.315+0000] {processor.py:925} INFO - DAG(s) 'fetch_road_data' retrieved from /opt/airflow/dags/first_dag.py
[2025-03-15T10:03:01.135+0000] {logging_mixin.py:190} INFO - [2025-03-15T10:03:01.130+0000] {dag.py:3239} INFO - Sync 1 DAGs
[2025-03-15T10:03:02.133+0000] {logging_mixin.py:190} INFO - [2025-03-15T10:03:02.124+0000] {dag.py:4180} INFO - Setting next_dagrun for fetch_road_data to 2025-03-15 09:00:00+00:00, run_after=2025-03-15 10:00:00+00:00
[2025-03-15T10:03:03.015+0000] {processor.py:208} INFO - Processing /opt/airflow/dags/first_dag.py took 2.828 seconds
[2025-03-15T10:03:33.617+0000] {processor.py:186} INFO - Started process (PID=492) to work on /opt/airflow/dags/first_dag.py
[2025-03-15T10:03:33.619+0000] {processor.py:914} INFO - Processing file /opt/airflow/dags/first_dag.py for tasks to queue
[2025-03-15T10:03:33.623+0000] {logging_mixin.py:190} INFO - [2025-03-15T10:03:33.623+0000] {dagbag.py:588} INFO - Filling up the DagBag from /opt/airflow/dags/first_dag.py
[2025-03-15T10:03:33.701+0000] {processor.py:925} INFO - DAG(s) 'fetch_road_data' retrieved from /opt/airflow/dags/first_dag.py
[2025-03-15T10:03:33.880+0000] {logging_mixin.py:190} INFO - [2025-03-15T10:03:33.879+0000] {dag.py:3239} INFO - Sync 1 DAGs
[2025-03-15T10:03:33.995+0000] {logging_mixin.py:190} INFO - [2025-03-15T10:03:33.995+0000] {dag.py:4180} INFO - Setting next_dagrun for fetch_road_data to 2025-03-15 09:00:00+00:00, run_after=2025-03-15 10:00:00+00:00
[2025-03-15T10:03:34.117+0000] {processor.py:208} INFO - Processing /opt/airflow/dags/first_dag.py took 0.507 seconds
[2025-03-15T10:04:05.002+0000] {processor.py:186} INFO - Started process (PID=497) to work on /opt/airflow/dags/first_dag.py
[2025-03-15T10:04:05.004+0000] {processor.py:914} INFO - Processing file /opt/airflow/dags/first_dag.py for tasks to queue
[2025-03-15T10:04:05.008+0000] {logging_mixin.py:190} INFO - [2025-03-15T10:04:05.007+0000] {dagbag.py:588} INFO - Filling up the DagBag from /opt/airflow/dags/first_dag.py
[2025-03-15T10:04:05.097+0000] {processor.py:925} INFO - DAG(s) 'fetch_road_data' retrieved from /opt/airflow/dags/first_dag.py
[2025-03-15T10:04:05.264+0000] {logging_mixin.py:190} INFO - [2025-03-15T10:04:05.263+0000] {dag.py:3239} INFO - Sync 1 DAGs
[2025-03-15T10:04:05.378+0000] {logging_mixin.py:190} INFO - [2025-03-15T10:04:05.377+0000] {dag.py:4180} INFO - Setting next_dagrun for fetch_road_data to 2025-03-15 09:00:00+00:00, run_after=2025-03-15 10:00:00+00:00
[2025-03-15T10:04:05.494+0000] {processor.py:208} INFO - Processing /opt/airflow/dags/first_dag.py took 0.500 seconds
[2025-03-15T10:04:35.951+0000] {processor.py:186} INFO - Started process (PID=502) to work on /opt/airflow/dags/first_dag.py
[2025-03-15T10:04:35.954+0000] {processor.py:914} INFO - Processing file /opt/airflow/dags/first_dag.py for tasks to queue
[2025-03-15T10:04:35.960+0000] {logging_mixin.py:190} INFO - [2025-03-15T10:04:35.959+0000] {dagbag.py:588} INFO - Filling up the DagBag from /opt/airflow/dags/first_dag.py
[2025-03-15T10:04:36.043+0000] {processor.py:925} INFO - DAG(s) 'fetch_road_data' retrieved from /opt/airflow/dags/first_dag.py
[2025-03-15T10:04:36.216+0000] {logging_mixin.py:190} INFO - [2025-03-15T10:04:36.216+0000] {dag.py:3239} INFO - Sync 1 DAGs
[2025-03-15T10:04:36.334+0000] {logging_mixin.py:190} INFO - [2025-03-15T10:04:36.334+0000] {dag.py:4180} INFO - Setting next_dagrun for fetch_road_data to 2025-03-15 09:00:00+00:00, run_after=2025-03-15 10:00:00+00:00
[2025-03-15T10:04:36.446+0000] {processor.py:208} INFO - Processing /opt/airflow/dags/first_dag.py took 0.512 seconds
[2025-03-15T10:05:08.193+0000] {processor.py:186} INFO - Started process (PID=507) to work on /opt/airflow/dags/first_dag.py
[2025-03-15T10:05:08.226+0000] {processor.py:914} INFO - Processing file /opt/airflow/dags/first_dag.py for tasks to queue
[2025-03-15T10:05:08.293+0000] {logging_mixin.py:190} INFO - [2025-03-15T10:05:08.289+0000] {dagbag.py:588} INFO - Filling up the DagBag from /opt/airflow/dags/first_dag.py
[2025-03-15T10:05:08.510+0000] {processor.py:925} INFO - DAG(s) 'fetch_road_data' retrieved from /opt/airflow/dags/first_dag.py
[2025-03-15T10:05:08.684+0000] {logging_mixin.py:190} INFO - [2025-03-15T10:05:08.684+0000] {dag.py:3239} INFO - Sync 1 DAGs
[2025-03-15T10:05:08.855+0000] {logging_mixin.py:190} INFO - [2025-03-15T10:05:08.853+0000] {dag.py:4180} INFO - Setting next_dagrun for fetch_road_data to 2025-03-15 09:00:00+00:00, run_after=2025-03-15 10:00:00+00:00
[2025-03-15T10:05:08.974+0000] {processor.py:208} INFO - Processing /opt/airflow/dags/first_dag.py took 0.875 seconds
[2025-03-15T10:05:39.530+0000] {processor.py:186} INFO - Started process (PID=512) to work on /opt/airflow/dags/first_dag.py
[2025-03-15T10:05:39.532+0000] {processor.py:914} INFO - Processing file /opt/airflow/dags/first_dag.py for tasks to queue
[2025-03-15T10:05:39.535+0000] {logging_mixin.py:190} INFO - [2025-03-15T10:05:39.535+0000] {dagbag.py:588} INFO - Filling up the DagBag from /opt/airflow/dags/first_dag.py
[2025-03-15T10:05:39.613+0000] {processor.py:925} INFO - DAG(s) 'fetch_road_data' retrieved from /opt/airflow/dags/first_dag.py
[2025-03-15T10:05:39.788+0000] {logging_mixin.py:190} INFO - [2025-03-15T10:05:39.788+0000] {dag.py:3239} INFO - Sync 1 DAGs
[2025-03-15T10:05:39.883+0000] {logging_mixin.py:190} INFO - [2025-03-15T10:05:39.883+0000] {dag.py:4180} INFO - Setting next_dagrun for fetch_road_data to 2025-03-15 09:00:00+00:00, run_after=2025-03-15 10:00:00+00:00
[2025-03-15T10:05:39.972+0000] {processor.py:208} INFO - Processing /opt/airflow/dags/first_dag.py took 0.450 seconds
[2025-03-15T10:06:10.791+0000] {processor.py:186} INFO - Started process (PID=517) to work on /opt/airflow/dags/first_dag.py
[2025-03-15T10:06:10.793+0000] {processor.py:914} INFO - Processing file /opt/airflow/dags/first_dag.py for tasks to queue
[2025-03-15T10:06:10.801+0000] {logging_mixin.py:190} INFO - [2025-03-15T10:06:10.800+0000] {dagbag.py:588} INFO - Filling up the DagBag from /opt/airflow/dags/first_dag.py
[2025-03-15T10:06:10.878+0000] {processor.py:925} INFO - DAG(s) 'fetch_road_data' retrieved from /opt/airflow/dags/first_dag.py
[2025-03-15T10:06:11.064+0000] {logging_mixin.py:190} INFO - [2025-03-15T10:06:11.063+0000] {dag.py:3239} INFO - Sync 1 DAGs
[2025-03-15T10:06:11.195+0000] {logging_mixin.py:190} INFO - [2025-03-15T10:06:11.195+0000] {dag.py:4180} INFO - Setting next_dagrun for fetch_road_data to 2025-03-15 09:00:00+00:00, run_after=2025-03-15 10:00:00+00:00
[2025-03-15T10:06:11.294+0000] {processor.py:208} INFO - Processing /opt/airflow/dags/first_dag.py took 0.517 seconds
[2025-03-15T10:06:41.820+0000] {processor.py:186} INFO - Started process (PID=522) to work on /opt/airflow/dags/first_dag.py
[2025-03-15T10:06:41.823+0000] {processor.py:914} INFO - Processing file /opt/airflow/dags/first_dag.py for tasks to queue
[2025-03-15T10:06:41.829+0000] {logging_mixin.py:190} INFO - [2025-03-15T10:06:41.829+0000] {dagbag.py:588} INFO - Filling up the DagBag from /opt/airflow/dags/first_dag.py
[2025-03-15T10:06:41.919+0000] {processor.py:925} INFO - DAG(s) 'fetch_road_data' retrieved from /opt/airflow/dags/first_dag.py
[2025-03-15T10:06:42.117+0000] {logging_mixin.py:190} INFO - [2025-03-15T10:06:42.117+0000] {dag.py:3239} INFO - Sync 1 DAGs
[2025-03-15T10:06:42.232+0000] {logging_mixin.py:190} INFO - [2025-03-15T10:06:42.231+0000] {dag.py:4180} INFO - Setting next_dagrun for fetch_road_data to 2025-03-15 09:00:00+00:00, run_after=2025-03-15 10:00:00+00:00
[2025-03-15T10:06:42.355+0000] {processor.py:208} INFO - Processing /opt/airflow/dags/first_dag.py took 0.552 seconds
[2025-03-15T10:07:13.366+0000] {processor.py:186} INFO - Started process (PID=527) to work on /opt/airflow/dags/first_dag.py
[2025-03-15T10:07:13.369+0000] {processor.py:914} INFO - Processing file /opt/airflow/dags/first_dag.py for tasks to queue
[2025-03-15T10:07:13.374+0000] {logging_mixin.py:190} INFO - [2025-03-15T10:07:13.373+0000] {dagbag.py:588} INFO - Filling up the DagBag from /opt/airflow/dags/first_dag.py
[2025-03-15T10:07:13.464+0000] {processor.py:925} INFO - DAG(s) 'fetch_road_data' retrieved from /opt/airflow/dags/first_dag.py
[2025-03-15T10:07:13.655+0000] {logging_mixin.py:190} INFO - [2025-03-15T10:07:13.654+0000] {dag.py:3239} INFO - Sync 1 DAGs
[2025-03-15T10:07:13.802+0000] {logging_mixin.py:190} INFO - [2025-03-15T10:07:13.802+0000] {dag.py:4180} INFO - Setting next_dagrun for fetch_road_data to 2025-03-15 09:00:00+00:00, run_after=2025-03-15 10:00:00+00:00
[2025-03-15T10:07:13.904+0000] {processor.py:208} INFO - Processing /opt/airflow/dags/first_dag.py took 0.552 seconds
[2025-03-15T10:07:44.829+0000] {processor.py:186} INFO - Started process (PID=532) to work on /opt/airflow/dags/first_dag.py
[2025-03-15T10:07:44.843+0000] {processor.py:914} INFO - Processing file /opt/airflow/dags/first_dag.py for tasks to queue
[2025-03-15T10:07:44.879+0000] {logging_mixin.py:190} INFO - [2025-03-15T10:07:44.870+0000] {dagbag.py:588} INFO - Filling up the DagBag from /opt/airflow/dags/first_dag.py
[2025-03-15T10:07:45.446+0000] {processor.py:925} INFO - DAG(s) 'fetch_road_data' retrieved from /opt/airflow/dags/first_dag.py
[2025-03-15T10:07:46.377+0000] {logging_mixin.py:190} INFO - [2025-03-15T10:07:46.376+0000] {dag.py:3239} INFO - Sync 1 DAGs
[2025-03-15T10:07:46.494+0000] {logging_mixin.py:190} INFO - [2025-03-15T10:07:46.493+0000] {dag.py:4180} INFO - Setting next_dagrun for fetch_road_data to 2025-03-15 09:00:00+00:00, run_after=2025-03-15 10:00:00+00:00
[2025-03-15T10:07:46.608+0000] {processor.py:208} INFO - Processing /opt/airflow/dags/first_dag.py took 1.853 seconds
[2025-03-15T10:08:17.169+0000] {processor.py:186} INFO - Started process (PID=537) to work on /opt/airflow/dags/first_dag.py
[2025-03-15T10:08:17.171+0000] {processor.py:914} INFO - Processing file /opt/airflow/dags/first_dag.py for tasks to queue
[2025-03-15T10:08:17.175+0000] {logging_mixin.py:190} INFO - [2025-03-15T10:08:17.174+0000] {dagbag.py:588} INFO - Filling up the DagBag from /opt/airflow/dags/first_dag.py
[2025-03-15T10:08:17.256+0000] {processor.py:925} INFO - DAG(s) 'fetch_road_data' retrieved from /opt/airflow/dags/first_dag.py
[2025-03-15T10:08:17.437+0000] {logging_mixin.py:190} INFO - [2025-03-15T10:08:17.436+0000] {dag.py:3239} INFO - Sync 1 DAGs
[2025-03-15T10:08:17.570+0000] {logging_mixin.py:190} INFO - [2025-03-15T10:08:17.569+0000] {dag.py:4180} INFO - Setting next_dagrun for fetch_road_data to 2025-03-15 09:00:00+00:00, run_after=2025-03-15 10:00:00+00:00
[2025-03-15T10:08:17.668+0000] {processor.py:208} INFO - Processing /opt/airflow/dags/first_dag.py took 0.506 seconds
[2025-03-15T10:08:48.292+0000] {processor.py:186} INFO - Started process (PID=542) to work on /opt/airflow/dags/first_dag.py
[2025-03-15T10:08:48.295+0000] {processor.py:914} INFO - Processing file /opt/airflow/dags/first_dag.py for tasks to queue
[2025-03-15T10:08:48.300+0000] {logging_mixin.py:190} INFO - [2025-03-15T10:08:48.299+0000] {dagbag.py:588} INFO - Filling up the DagBag from /opt/airflow/dags/first_dag.py
[2025-03-15T10:08:48.395+0000] {processor.py:925} INFO - DAG(s) 'fetch_road_data' retrieved from /opt/airflow/dags/first_dag.py
[2025-03-15T10:08:48.579+0000] {logging_mixin.py:190} INFO - [2025-03-15T10:08:48.578+0000] {dag.py:3239} INFO - Sync 1 DAGs
[2025-03-15T10:08:48.701+0000] {logging_mixin.py:190} INFO - [2025-03-15T10:08:48.700+0000] {dag.py:4180} INFO - Setting next_dagrun for fetch_road_data to 2025-03-15 09:00:00+00:00, run_after=2025-03-15 10:00:00+00:00
[2025-03-15T10:08:48.800+0000] {processor.py:208} INFO - Processing /opt/airflow/dags/first_dag.py took 0.522 seconds
[2025-03-15T10:09:19.351+0000] {processor.py:186} INFO - Started process (PID=547) to work on /opt/airflow/dags/first_dag.py
[2025-03-15T10:09:19.353+0000] {processor.py:914} INFO - Processing file /opt/airflow/dags/first_dag.py for tasks to queue
[2025-03-15T10:09:19.357+0000] {logging_mixin.py:190} INFO - [2025-03-15T10:09:19.357+0000] {dagbag.py:588} INFO - Filling up the DagBag from /opt/airflow/dags/first_dag.py
[2025-03-15T10:09:19.443+0000] {processor.py:925} INFO - DAG(s) 'fetch_road_data' retrieved from /opt/airflow/dags/first_dag.py
[2025-03-15T10:09:19.598+0000] {logging_mixin.py:190} INFO - [2025-03-15T10:09:19.597+0000] {dag.py:3239} INFO - Sync 1 DAGs
[2025-03-15T10:09:19.735+0000] {logging_mixin.py:190} INFO - [2025-03-15T10:09:19.734+0000] {dag.py:4180} INFO - Setting next_dagrun for fetch_road_data to 2025-03-15 09:00:00+00:00, run_after=2025-03-15 10:00:00+00:00
[2025-03-15T10:09:19.849+0000] {processor.py:208} INFO - Processing /opt/airflow/dags/first_dag.py took 0.508 seconds
[2025-03-15T10:09:50.903+0000] {processor.py:186} INFO - Started process (PID=552) to work on /opt/airflow/dags/first_dag.py
[2025-03-15T10:09:50.907+0000] {processor.py:914} INFO - Processing file /opt/airflow/dags/first_dag.py for tasks to queue
[2025-03-15T10:09:50.915+0000] {logging_mixin.py:190} INFO - [2025-03-15T10:09:50.914+0000] {dagbag.py:588} INFO - Filling up the DagBag from /opt/airflow/dags/first_dag.py
[2025-03-15T10:09:51.008+0000] {processor.py:925} INFO - DAG(s) 'fetch_road_data' retrieved from /opt/airflow/dags/first_dag.py
[2025-03-15T10:09:51.175+0000] {logging_mixin.py:190} INFO - [2025-03-15T10:09:51.174+0000] {dag.py:3239} INFO - Sync 1 DAGs
[2025-03-15T10:09:51.284+0000] {logging_mixin.py:190} INFO - [2025-03-15T10:09:51.284+0000] {dag.py:4180} INFO - Setting next_dagrun for fetch_road_data to 2025-03-15 09:00:00+00:00, run_after=2025-03-15 10:00:00+00:00
[2025-03-15T10:09:51.393+0000] {processor.py:208} INFO - Processing /opt/airflow/dags/first_dag.py took 0.505 seconds
[2025-03-15T10:10:21.697+0000] {processor.py:186} INFO - Started process (PID=557) to work on /opt/airflow/dags/first_dag.py
[2025-03-15T10:10:21.699+0000] {processor.py:914} INFO - Processing file /opt/airflow/dags/first_dag.py for tasks to queue
[2025-03-15T10:10:21.704+0000] {logging_mixin.py:190} INFO - [2025-03-15T10:10:21.704+0000] {dagbag.py:588} INFO - Filling up the DagBag from /opt/airflow/dags/first_dag.py
[2025-03-15T10:10:21.780+0000] {processor.py:925} INFO - DAG(s) 'fetch_road_data' retrieved from /opt/airflow/dags/first_dag.py
[2025-03-15T10:10:21.955+0000] {logging_mixin.py:190} INFO - [2025-03-15T10:10:21.954+0000] {dag.py:3239} INFO - Sync 1 DAGs
[2025-03-15T10:10:22.085+0000] {logging_mixin.py:190} INFO - [2025-03-15T10:10:22.085+0000] {dag.py:4180} INFO - Setting next_dagrun for fetch_road_data to 2025-03-15 09:00:00+00:00, run_after=2025-03-15 10:00:00+00:00
[2025-03-15T10:10:22.237+0000] {processor.py:208} INFO - Processing /opt/airflow/dags/first_dag.py took 0.548 seconds
[2025-03-15T10:10:52.608+0000] {processor.py:186} INFO - Started process (PID=562) to work on /opt/airflow/dags/first_dag.py
[2025-03-15T10:10:52.610+0000] {processor.py:914} INFO - Processing file /opt/airflow/dags/first_dag.py for tasks to queue
[2025-03-15T10:10:52.615+0000] {logging_mixin.py:190} INFO - [2025-03-15T10:10:52.614+0000] {dagbag.py:588} INFO - Filling up the DagBag from /opt/airflow/dags/first_dag.py
[2025-03-15T10:10:52.697+0000] {processor.py:925} INFO - DAG(s) 'fetch_road_data' retrieved from /opt/airflow/dags/first_dag.py
[2025-03-15T10:10:52.864+0000] {logging_mixin.py:190} INFO - [2025-03-15T10:10:52.863+0000] {dag.py:3239} INFO - Sync 1 DAGs
[2025-03-15T10:10:52.972+0000] {logging_mixin.py:190} INFO - [2025-03-15T10:10:52.971+0000] {dag.py:4180} INFO - Setting next_dagrun for fetch_road_data to 2025-03-15 09:00:00+00:00, run_after=2025-03-15 10:00:00+00:00
[2025-03-15T10:10:53.084+0000] {processor.py:208} INFO - Processing /opt/airflow/dags/first_dag.py took 0.487 seconds
[2025-03-15T10:11:24.647+0000] {processor.py:186} INFO - Started process (PID=567) to work on /opt/airflow/dags/first_dag.py
[2025-03-15T10:11:24.649+0000] {processor.py:914} INFO - Processing file /opt/airflow/dags/first_dag.py for tasks to queue
[2025-03-15T10:11:24.653+0000] {logging_mixin.py:190} INFO - [2025-03-15T10:11:24.652+0000] {dagbag.py:588} INFO - Filling up the DagBag from /opt/airflow/dags/first_dag.py
[2025-03-15T10:11:24.729+0000] {processor.py:925} INFO - DAG(s) 'fetch_road_data' retrieved from /opt/airflow/dags/first_dag.py
[2025-03-15T10:11:24.911+0000] {logging_mixin.py:190} INFO - [2025-03-15T10:11:24.911+0000] {dag.py:3239} INFO - Sync 1 DAGs
[2025-03-15T10:11:25.034+0000] {logging_mixin.py:190} INFO - [2025-03-15T10:11:25.034+0000] {dag.py:4180} INFO - Setting next_dagrun for fetch_road_data to 2025-03-15 09:00:00+00:00, run_after=2025-03-15 10:00:00+00:00
[2025-03-15T10:11:25.150+0000] {processor.py:208} INFO - Processing /opt/airflow/dags/first_dag.py took 0.512 seconds
[2025-03-15T10:11:56.058+0000] {processor.py:186} INFO - Started process (PID=572) to work on /opt/airflow/dags/first_dag.py
[2025-03-15T10:11:56.060+0000] {processor.py:914} INFO - Processing file /opt/airflow/dags/first_dag.py for tasks to queue
[2025-03-15T10:11:56.064+0000] {logging_mixin.py:190} INFO - [2025-03-15T10:11:56.063+0000] {dagbag.py:588} INFO - Filling up the DagBag from /opt/airflow/dags/first_dag.py
[2025-03-15T10:11:56.155+0000] {processor.py:925} INFO - DAG(s) 'fetch_road_data' retrieved from /opt/airflow/dags/first_dag.py
[2025-03-15T10:11:56.335+0000] {logging_mixin.py:190} INFO - [2025-03-15T10:11:56.335+0000] {dag.py:3239} INFO - Sync 1 DAGs
[2025-03-15T10:11:56.470+0000] {logging_mixin.py:190} INFO - [2025-03-15T10:11:56.469+0000] {dag.py:4180} INFO - Setting next_dagrun for fetch_road_data to 2025-03-15 09:00:00+00:00, run_after=2025-03-15 10:00:00+00:00
[2025-03-15T10:11:56.590+0000] {processor.py:208} INFO - Processing /opt/airflow/dags/first_dag.py took 0.542 seconds
[2025-03-15T10:12:26.878+0000] {processor.py:186} INFO - Started process (PID=577) to work on /opt/airflow/dags/first_dag.py
[2025-03-15T10:12:26.879+0000] {processor.py:914} INFO - Processing file /opt/airflow/dags/first_dag.py for tasks to queue
[2025-03-15T10:12:26.883+0000] {logging_mixin.py:190} INFO - [2025-03-15T10:12:26.882+0000] {dagbag.py:588} INFO - Filling up the DagBag from /opt/airflow/dags/first_dag.py
[2025-03-15T10:12:26.968+0000] {processor.py:925} INFO - DAG(s) 'fetch_road_data' retrieved from /opt/airflow/dags/first_dag.py
[2025-03-15T10:12:27.144+0000] {logging_mixin.py:190} INFO - [2025-03-15T10:12:27.144+0000] {dag.py:3239} INFO - Sync 1 DAGs
[2025-03-15T10:12:27.275+0000] {logging_mixin.py:190} INFO - [2025-03-15T10:12:27.275+0000] {dag.py:4180} INFO - Setting next_dagrun for fetch_road_data to 2025-03-15 09:00:00+00:00, run_after=2025-03-15 10:00:00+00:00
[2025-03-15T10:12:27.394+0000] {processor.py:208} INFO - Processing /opt/airflow/dags/first_dag.py took 0.523 seconds
[2025-03-15T10:12:57.795+0000] {processor.py:186} INFO - Started process (PID=582) to work on /opt/airflow/dags/first_dag.py
[2025-03-15T10:12:57.797+0000] {processor.py:914} INFO - Processing file /opt/airflow/dags/first_dag.py for tasks to queue
[2025-03-15T10:12:57.802+0000] {logging_mixin.py:190} INFO - [2025-03-15T10:12:57.801+0000] {dagbag.py:588} INFO - Filling up the DagBag from /opt/airflow/dags/first_dag.py
[2025-03-15T10:12:57.896+0000] {processor.py:925} INFO - DAG(s) 'fetch_road_data' retrieved from /opt/airflow/dags/first_dag.py
[2025-03-15T10:12:58.057+0000] {logging_mixin.py:190} INFO - [2025-03-15T10:12:58.057+0000] {dag.py:3239} INFO - Sync 1 DAGs
[2025-03-15T10:12:58.157+0000] {logging_mixin.py:190} INFO - [2025-03-15T10:12:58.156+0000] {dag.py:4180} INFO - Setting next_dagrun for fetch_road_data to 2025-03-15 09:00:00+00:00, run_after=2025-03-15 10:00:00+00:00
[2025-03-15T10:12:58.275+0000] {processor.py:208} INFO - Processing /opt/airflow/dags/first_dag.py took 0.494 seconds
[2025-03-15T10:13:28.640+0000] {processor.py:186} INFO - Started process (PID=587) to work on /opt/airflow/dags/first_dag.py
[2025-03-15T10:13:28.643+0000] {processor.py:914} INFO - Processing file /opt/airflow/dags/first_dag.py for tasks to queue
[2025-03-15T10:13:28.648+0000] {logging_mixin.py:190} INFO - [2025-03-15T10:13:28.648+0000] {dagbag.py:588} INFO - Filling up the DagBag from /opt/airflow/dags/first_dag.py
[2025-03-15T10:13:28.747+0000] {processor.py:925} INFO - DAG(s) 'fetch_road_data' retrieved from /opt/airflow/dags/first_dag.py
[2025-03-15T10:13:28.944+0000] {logging_mixin.py:190} INFO - [2025-03-15T10:13:28.944+0000] {dag.py:3239} INFO - Sync 1 DAGs
[2025-03-15T10:13:29.062+0000] {logging_mixin.py:190} INFO - [2025-03-15T10:13:29.062+0000] {dag.py:4180} INFO - Setting next_dagrun for fetch_road_data to 2025-03-15 09:00:00+00:00, run_after=2025-03-15 10:00:00+00:00
[2025-03-15T10:13:29.166+0000] {processor.py:208} INFO - Processing /opt/airflow/dags/first_dag.py took 0.541 seconds
[2025-03-15T10:13:59.891+0000] {processor.py:186} INFO - Started process (PID=592) to work on /opt/airflow/dags/first_dag.py
[2025-03-15T10:13:59.894+0000] {processor.py:914} INFO - Processing file /opt/airflow/dags/first_dag.py for tasks to queue
[2025-03-15T10:13:59.899+0000] {logging_mixin.py:190} INFO - [2025-03-15T10:13:59.898+0000] {dagbag.py:588} INFO - Filling up the DagBag from /opt/airflow/dags/first_dag.py
[2025-03-15T10:13:59.979+0000] {processor.py:925} INFO - DAG(s) 'fetch_road_data' retrieved from /opt/airflow/dags/first_dag.py
[2025-03-15T10:14:00.139+0000] {logging_mixin.py:190} INFO - [2025-03-15T10:14:00.138+0000] {dag.py:3239} INFO - Sync 1 DAGs
[2025-03-15T10:14:00.251+0000] {logging_mixin.py:190} INFO - [2025-03-15T10:14:00.251+0000] {dag.py:4180} INFO - Setting next_dagrun for fetch_road_data to 2025-03-15 09:00:00+00:00, run_after=2025-03-15 10:00:00+00:00
[2025-03-15T10:14:00.350+0000] {processor.py:208} INFO - Processing /opt/airflow/dags/first_dag.py took 0.468 seconds
[2025-03-15T10:14:31.002+0000] {processor.py:186} INFO - Started process (PID=597) to work on /opt/airflow/dags/first_dag.py
[2025-03-15T10:14:31.004+0000] {processor.py:914} INFO - Processing file /opt/airflow/dags/first_dag.py for tasks to queue
[2025-03-15T10:14:31.008+0000] {logging_mixin.py:190} INFO - [2025-03-15T10:14:31.008+0000] {dagbag.py:588} INFO - Filling up the DagBag from /opt/airflow/dags/first_dag.py
[2025-03-15T10:14:31.081+0000] {processor.py:925} INFO - DAG(s) 'fetch_road_data' retrieved from /opt/airflow/dags/first_dag.py
[2025-03-15T10:14:31.267+0000] {logging_mixin.py:190} INFO - [2025-03-15T10:14:31.267+0000] {dag.py:3239} INFO - Sync 1 DAGs
[2025-03-15T10:14:31.401+0000] {logging_mixin.py:190} INFO - [2025-03-15T10:14:31.400+0000] {dag.py:4180} INFO - Setting next_dagrun for fetch_road_data to 2025-03-15 09:00:00+00:00, run_after=2025-03-15 10:00:00+00:00
[2025-03-15T10:14:31.489+0000] {processor.py:208} INFO - Processing /opt/airflow/dags/first_dag.py took 0.493 seconds
[2025-03-15T10:15:02.458+0000] {processor.py:186} INFO - Started process (PID=602) to work on /opt/airflow/dags/first_dag.py
[2025-03-15T10:15:02.460+0000] {processor.py:914} INFO - Processing file /opt/airflow/dags/first_dag.py for tasks to queue
[2025-03-15T10:15:02.463+0000] {logging_mixin.py:190} INFO - [2025-03-15T10:15:02.462+0000] {dagbag.py:588} INFO - Filling up the DagBag from /opt/airflow/dags/first_dag.py
[2025-03-15T10:15:02.543+0000] {processor.py:925} INFO - DAG(s) 'fetch_road_data' retrieved from /opt/airflow/dags/first_dag.py
[2025-03-15T10:15:02.712+0000] {logging_mixin.py:190} INFO - [2025-03-15T10:15:02.712+0000] {dag.py:3239} INFO - Sync 1 DAGs
[2025-03-15T10:15:02.814+0000] {logging_mixin.py:190} INFO - [2025-03-15T10:15:02.814+0000] {dag.py:4180} INFO - Setting next_dagrun for fetch_road_data to 2025-03-15 09:00:00+00:00, run_after=2025-03-15 10:00:00+00:00
[2025-03-15T10:15:02.916+0000] {processor.py:208} INFO - Processing /opt/airflow/dags/first_dag.py took 0.466 seconds
[2025-03-15T10:15:33.345+0000] {processor.py:186} INFO - Started process (PID=607) to work on /opt/airflow/dags/first_dag.py
[2025-03-15T10:15:33.347+0000] {processor.py:914} INFO - Processing file /opt/airflow/dags/first_dag.py for tasks to queue
[2025-03-15T10:15:33.356+0000] {logging_mixin.py:190} INFO - [2025-03-15T10:15:33.355+0000] {dagbag.py:588} INFO - Filling up the DagBag from /opt/airflow/dags/first_dag.py
[2025-03-15T10:15:33.462+0000] {processor.py:925} INFO - DAG(s) 'fetch_road_data' retrieved from /opt/airflow/dags/first_dag.py
[2025-03-15T10:15:34.227+0000] {logging_mixin.py:190} INFO - [2025-03-15T10:15:34.220+0000] {dag.py:3239} INFO - Sync 1 DAGs
[2025-03-15T10:15:34.982+0000] {logging_mixin.py:190} INFO - [2025-03-15T10:15:34.976+0000] {dag.py:4180} INFO - Setting next_dagrun for fetch_road_data to 2025-03-15 09:00:00+00:00, run_after=2025-03-15 10:00:00+00:00
[2025-03-15T10:15:35.791+0000] {processor.py:208} INFO - Processing /opt/airflow/dags/first_dag.py took 2.468 seconds
[2025-03-15T10:16:07.476+0000] {processor.py:186} INFO - Started process (PID=612) to work on /opt/airflow/dags/first_dag.py
[2025-03-15T10:16:07.505+0000] {processor.py:914} INFO - Processing file /opt/airflow/dags/first_dag.py for tasks to queue
[2025-03-15T10:16:07.544+0000] {logging_mixin.py:190} INFO - [2025-03-15T10:16:07.532+0000] {dagbag.py:588} INFO - Filling up the DagBag from /opt/airflow/dags/first_dag.py
[2025-03-15T10:16:08.090+0000] {processor.py:925} INFO - DAG(s) 'fetch_road_data' retrieved from /opt/airflow/dags/first_dag.py
[2025-03-15T10:16:08.384+0000] {logging_mixin.py:190} INFO - [2025-03-15T10:16:08.383+0000] {dag.py:3239} INFO - Sync 1 DAGs
[2025-03-15T10:16:08.482+0000] {logging_mixin.py:190} INFO - [2025-03-15T10:16:08.482+0000] {dag.py:4180} INFO - Setting next_dagrun for fetch_road_data to 2025-03-15 09:00:00+00:00, run_after=2025-03-15 10:00:00+00:00
[2025-03-15T10:16:08.589+0000] {processor.py:208} INFO - Processing /opt/airflow/dags/first_dag.py took 1.256 seconds
[2025-03-15T10:16:39.079+0000] {processor.py:186} INFO - Started process (PID=617) to work on /opt/airflow/dags/first_dag.py
[2025-03-15T10:16:39.082+0000] {processor.py:914} INFO - Processing file /opt/airflow/dags/first_dag.py for tasks to queue
[2025-03-15T10:16:39.085+0000] {logging_mixin.py:190} INFO - [2025-03-15T10:16:39.084+0000] {dagbag.py:588} INFO - Filling up the DagBag from /opt/airflow/dags/first_dag.py
[2025-03-15T10:16:39.168+0000] {processor.py:925} INFO - DAG(s) 'fetch_road_data' retrieved from /opt/airflow/dags/first_dag.py
[2025-03-15T10:16:39.359+0000] {logging_mixin.py:190} INFO - [2025-03-15T10:16:39.358+0000] {dag.py:3239} INFO - Sync 1 DAGs
[2025-03-15T10:16:39.480+0000] {logging_mixin.py:190} INFO - [2025-03-15T10:16:39.480+0000] {dag.py:4180} INFO - Setting next_dagrun for fetch_road_data to 2025-03-15 09:00:00+00:00, run_after=2025-03-15 10:00:00+00:00
[2025-03-15T10:16:39.612+0000] {processor.py:208} INFO - Processing /opt/airflow/dags/first_dag.py took 0.539 seconds
[2025-03-15T10:17:10.500+0000] {processor.py:186} INFO - Started process (PID=622) to work on /opt/airflow/dags/first_dag.py
[2025-03-15T10:17:10.503+0000] {processor.py:914} INFO - Processing file /opt/airflow/dags/first_dag.py for tasks to queue
[2025-03-15T10:17:10.507+0000] {logging_mixin.py:190} INFO - [2025-03-15T10:17:10.506+0000] {dagbag.py:588} INFO - Filling up the DagBag from /opt/airflow/dags/first_dag.py
[2025-03-15T10:17:10.583+0000] {processor.py:925} INFO - DAG(s) 'fetch_road_data' retrieved from /opt/airflow/dags/first_dag.py
[2025-03-15T10:17:10.762+0000] {logging_mixin.py:190} INFO - [2025-03-15T10:17:10.761+0000] {dag.py:3239} INFO - Sync 1 DAGs
[2025-03-15T10:17:10.881+0000] {logging_mixin.py:190} INFO - [2025-03-15T10:17:10.880+0000] {dag.py:4180} INFO - Setting next_dagrun for fetch_road_data to 2025-03-15 09:00:00+00:00, run_after=2025-03-15 10:00:00+00:00
[2025-03-15T10:17:10.983+0000] {processor.py:208} INFO - Processing /opt/airflow/dags/first_dag.py took 0.491 seconds
[2025-03-15T10:17:41.493+0000] {processor.py:186} INFO - Started process (PID=627) to work on /opt/airflow/dags/first_dag.py
[2025-03-15T10:17:41.496+0000] {processor.py:914} INFO - Processing file /opt/airflow/dags/first_dag.py for tasks to queue
[2025-03-15T10:17:41.502+0000] {logging_mixin.py:190} INFO - [2025-03-15T10:17:41.502+0000] {dagbag.py:588} INFO - Filling up the DagBag from /opt/airflow/dags/first_dag.py
[2025-03-15T10:17:41.594+0000] {processor.py:925} INFO - DAG(s) 'fetch_road_data' retrieved from /opt/airflow/dags/first_dag.py
[2025-03-15T10:17:41.799+0000] {logging_mixin.py:190} INFO - [2025-03-15T10:17:41.799+0000] {dag.py:3239} INFO - Sync 1 DAGs
[2025-03-15T10:17:41.942+0000] {logging_mixin.py:190} INFO - [2025-03-15T10:17:41.942+0000] {dag.py:4180} INFO - Setting next_dagrun for fetch_road_data to 2025-03-15 09:00:00+00:00, run_after=2025-03-15 10:00:00+00:00
[2025-03-15T10:17:42.111+0000] {processor.py:208} INFO - Processing /opt/airflow/dags/first_dag.py took 0.632 seconds
[2025-03-15T10:18:59.006+0000] {processor.py:186} INFO - Started process (PID=167) to work on /opt/airflow/dags/first_dag.py
[2025-03-15T10:18:59.010+0000] {processor.py:914} INFO - Processing file /opt/airflow/dags/first_dag.py for tasks to queue
[2025-03-15T10:18:59.015+0000] {logging_mixin.py:190} INFO - [2025-03-15T10:18:59.015+0000] {dagbag.py:588} INFO - Filling up the DagBag from /opt/airflow/dags/first_dag.py
[2025-03-15T10:18:59.067+0000] {processor.py:925} INFO - DAG(s) 'fetch_road_data' retrieved from /opt/airflow/dags/first_dag.py
[2025-03-15T10:18:59.234+0000] {logging_mixin.py:190} INFO - [2025-03-15T10:18:59.233+0000] {dag.py:3239} INFO - Sync 1 DAGs
[2025-03-15T10:18:59.411+0000] {logging_mixin.py:190} INFO - [2025-03-15T10:18:59.410+0000] {dag.py:4180} INFO - Setting next_dagrun for fetch_road_data to 2025-03-15 09:00:00+00:00, run_after=2025-03-15 10:00:00+00:00
[2025-03-15T10:18:59.510+0000] {processor.py:208} INFO - Processing /opt/airflow/dags/first_dag.py took 0.513 seconds
[2025-03-15T10:19:30.100+0000] {processor.py:186} INFO - Started process (PID=172) to work on /opt/airflow/dags/first_dag.py
[2025-03-15T10:19:30.102+0000] {processor.py:914} INFO - Processing file /opt/airflow/dags/first_dag.py for tasks to queue
[2025-03-15T10:19:30.106+0000] {logging_mixin.py:190} INFO - [2025-03-15T10:19:30.105+0000] {dagbag.py:588} INFO - Filling up the DagBag from /opt/airflow/dags/first_dag.py
[2025-03-15T10:19:30.194+0000] {processor.py:925} INFO - DAG(s) 'fetch_road_data' retrieved from /opt/airflow/dags/first_dag.py
[2025-03-15T10:19:30.382+0000] {logging_mixin.py:190} INFO - [2025-03-15T10:19:30.381+0000] {dag.py:3239} INFO - Sync 1 DAGs
[2025-03-15T10:19:30.539+0000] {logging_mixin.py:190} INFO - [2025-03-15T10:19:30.539+0000] {dag.py:4180} INFO - Setting next_dagrun for fetch_road_data to 2025-03-15 09:00:00+00:00, run_after=2025-03-15 10:00:00+00:00
[2025-03-15T10:19:30.657+0000] {processor.py:208} INFO - Processing /opt/airflow/dags/first_dag.py took 0.570 seconds
[2025-03-15T10:20:00.975+0000] {processor.py:186} INFO - Started process (PID=177) to work on /opt/airflow/dags/first_dag.py
[2025-03-15T10:20:00.977+0000] {processor.py:914} INFO - Processing file /opt/airflow/dags/first_dag.py for tasks to queue
[2025-03-15T10:20:00.980+0000] {logging_mixin.py:190} INFO - [2025-03-15T10:20:00.980+0000] {dagbag.py:588} INFO - Filling up the DagBag from /opt/airflow/dags/first_dag.py
[2025-03-15T10:20:01.073+0000] {processor.py:925} INFO - DAG(s) 'fetch_road_data' retrieved from /opt/airflow/dags/first_dag.py
[2025-03-15T10:20:01.240+0000] {logging_mixin.py:190} INFO - [2025-03-15T10:20:01.240+0000] {dag.py:3239} INFO - Sync 1 DAGs
[2025-03-15T10:20:01.361+0000] {logging_mixin.py:190} INFO - [2025-03-15T10:20:01.361+0000] {dag.py:4180} INFO - Setting next_dagrun for fetch_road_data to 2025-03-15 09:00:00+00:00, run_after=2025-03-15 10:00:00+00:00
[2025-03-15T10:20:01.473+0000] {processor.py:208} INFO - Processing /opt/airflow/dags/first_dag.py took 0.506 seconds
[2025-03-15T10:20:31.738+0000] {processor.py:186} INFO - Started process (PID=182) to work on /opt/airflow/dags/first_dag.py
[2025-03-15T10:20:31.740+0000] {processor.py:914} INFO - Processing file /opt/airflow/dags/first_dag.py for tasks to queue
[2025-03-15T10:20:31.745+0000] {logging_mixin.py:190} INFO - [2025-03-15T10:20:31.745+0000] {dagbag.py:588} INFO - Filling up the DagBag from /opt/airflow/dags/first_dag.py
[2025-03-15T10:20:31.826+0000] {processor.py:925} INFO - DAG(s) 'fetch_road_data' retrieved from /opt/airflow/dags/first_dag.py
[2025-03-15T10:20:31.998+0000] {logging_mixin.py:190} INFO - [2025-03-15T10:20:31.998+0000] {dag.py:3239} INFO - Sync 1 DAGs
[2025-03-15T10:20:32.109+0000] {logging_mixin.py:190} INFO - [2025-03-15T10:20:32.109+0000] {dag.py:4180} INFO - Setting next_dagrun for fetch_road_data to 2025-03-15 09:00:00+00:00, run_after=2025-03-15 10:00:00+00:00
[2025-03-15T10:20:32.209+0000] {processor.py:208} INFO - Processing /opt/airflow/dags/first_dag.py took 0.480 seconds
[2025-03-15T10:21:02.614+0000] {processor.py:186} INFO - Started process (PID=187) to work on /opt/airflow/dags/first_dag.py
[2025-03-15T10:21:02.616+0000] {processor.py:914} INFO - Processing file /opt/airflow/dags/first_dag.py for tasks to queue
[2025-03-15T10:21:02.619+0000] {logging_mixin.py:190} INFO - [2025-03-15T10:21:02.619+0000] {dagbag.py:588} INFO - Filling up the DagBag from /opt/airflow/dags/first_dag.py
[2025-03-15T10:21:02.695+0000] {processor.py:925} INFO - DAG(s) 'fetch_road_data' retrieved from /opt/airflow/dags/first_dag.py
[2025-03-15T10:21:02.873+0000] {logging_mixin.py:190} INFO - [2025-03-15T10:21:02.873+0000] {dag.py:3239} INFO - Sync 1 DAGs
[2025-03-15T10:21:03.017+0000] {logging_mixin.py:190} INFO - [2025-03-15T10:21:03.017+0000] {dag.py:4180} INFO - Setting next_dagrun for fetch_road_data to 2025-03-15 09:00:00+00:00, run_after=2025-03-15 10:00:00+00:00
[2025-03-15T10:21:03.139+0000] {processor.py:208} INFO - Processing /opt/airflow/dags/first_dag.py took 0.536 seconds
[2025-03-15T10:21:33.742+0000] {processor.py:186} INFO - Started process (PID=192) to work on /opt/airflow/dags/first_dag.py
[2025-03-15T10:21:33.744+0000] {processor.py:914} INFO - Processing file /opt/airflow/dags/first_dag.py for tasks to queue
[2025-03-15T10:21:33.748+0000] {logging_mixin.py:190} INFO - [2025-03-15T10:21:33.748+0000] {dagbag.py:588} INFO - Filling up the DagBag from /opt/airflow/dags/first_dag.py
[2025-03-15T10:21:33.803+0000] {processor.py:925} INFO - DAG(s) 'fetch_road_data' retrieved from /opt/airflow/dags/first_dag.py
[2025-03-15T10:21:33.937+0000] {logging_mixin.py:190} INFO - [2025-03-15T10:21:33.936+0000] {dag.py:3239} INFO - Sync 1 DAGs
[2025-03-15T10:21:34.037+0000] {logging_mixin.py:190} INFO - [2025-03-15T10:21:34.037+0000] {dag.py:4180} INFO - Setting next_dagrun for fetch_road_data to 2025-03-15 09:00:00+00:00, run_after=2025-03-15 10:00:00+00:00
[2025-03-15T10:21:34.129+0000] {processor.py:208} INFO - Processing /opt/airflow/dags/first_dag.py took 0.394 seconds
[2025-03-15T10:22:04.775+0000] {processor.py:186} INFO - Started process (PID=197) to work on /opt/airflow/dags/first_dag.py
[2025-03-15T10:22:04.778+0000] {processor.py:914} INFO - Processing file /opt/airflow/dags/first_dag.py for tasks to queue
[2025-03-15T10:22:04.783+0000] {logging_mixin.py:190} INFO - [2025-03-15T10:22:04.782+0000] {dagbag.py:588} INFO - Filling up the DagBag from /opt/airflow/dags/first_dag.py
[2025-03-15T10:22:04.868+0000] {processor.py:925} INFO - DAG(s) 'fetch_road_data' retrieved from /opt/airflow/dags/first_dag.py
[2025-03-15T10:22:05.045+0000] {logging_mixin.py:190} INFO - [2025-03-15T10:22:05.045+0000] {dag.py:3239} INFO - Sync 1 DAGs
[2025-03-15T10:22:05.161+0000] {logging_mixin.py:190} INFO - [2025-03-15T10:22:05.161+0000] {dag.py:4180} INFO - Setting next_dagrun for fetch_road_data to 2025-03-15 09:00:00+00:00, run_after=2025-03-15 10:00:00+00:00
[2025-03-15T10:22:05.288+0000] {processor.py:208} INFO - Processing /opt/airflow/dags/first_dag.py took 0.526 seconds
[2025-03-15T10:22:35.945+0000] {processor.py:186} INFO - Started process (PID=202) to work on /opt/airflow/dags/first_dag.py
[2025-03-15T10:22:35.947+0000] {processor.py:914} INFO - Processing file /opt/airflow/dags/first_dag.py for tasks to queue
[2025-03-15T10:22:35.950+0000] {logging_mixin.py:190} INFO - [2025-03-15T10:22:35.949+0000] {dagbag.py:588} INFO - Filling up the DagBag from /opt/airflow/dags/first_dag.py
[2025-03-15T10:22:36.040+0000] {processor.py:925} INFO - DAG(s) 'fetch_road_data' retrieved from /opt/airflow/dags/first_dag.py
[2025-03-15T10:22:36.258+0000] {logging_mixin.py:190} INFO - [2025-03-15T10:22:36.258+0000] {dag.py:3239} INFO - Sync 1 DAGs
[2025-03-15T10:22:36.390+0000] {logging_mixin.py:190} INFO - [2025-03-15T10:22:36.390+0000] {dag.py:4180} INFO - Setting next_dagrun for fetch_road_data to 2025-03-15 09:00:00+00:00, run_after=2025-03-15 10:00:00+00:00
[2025-03-15T10:22:36.501+0000] {processor.py:208} INFO - Processing /opt/airflow/dags/first_dag.py took 0.561 seconds
[2025-03-15T10:23:06.759+0000] {processor.py:186} INFO - Started process (PID=207) to work on /opt/airflow/dags/first_dag.py
[2025-03-15T10:23:06.761+0000] {processor.py:914} INFO - Processing file /opt/airflow/dags/first_dag.py for tasks to queue
[2025-03-15T10:23:06.765+0000] {logging_mixin.py:190} INFO - [2025-03-15T10:23:06.764+0000] {dagbag.py:588} INFO - Filling up the DagBag from /opt/airflow/dags/first_dag.py
[2025-03-15T10:23:06.839+0000] {processor.py:925} INFO - DAG(s) 'fetch_road_data' retrieved from /opt/airflow/dags/first_dag.py
[2025-03-15T10:23:06.997+0000] {logging_mixin.py:190} INFO - [2025-03-15T10:23:06.997+0000] {dag.py:3239} INFO - Sync 1 DAGs
[2025-03-15T10:23:07.128+0000] {logging_mixin.py:190} INFO - [2025-03-15T10:23:07.128+0000] {dag.py:4180} INFO - Setting next_dagrun for fetch_road_data to 2025-03-15 09:00:00+00:00, run_after=2025-03-15 10:00:00+00:00
[2025-03-15T10:23:07.216+0000] {processor.py:208} INFO - Processing /opt/airflow/dags/first_dag.py took 0.466 seconds
[2025-03-15T10:23:37.630+0000] {processor.py:186} INFO - Started process (PID=212) to work on /opt/airflow/dags/first_dag.py
[2025-03-15T10:23:37.633+0000] {processor.py:914} INFO - Processing file /opt/airflow/dags/first_dag.py for tasks to queue
[2025-03-15T10:23:37.640+0000] {logging_mixin.py:190} INFO - [2025-03-15T10:23:37.639+0000] {dagbag.py:588} INFO - Filling up the DagBag from /opt/airflow/dags/first_dag.py
[2025-03-15T10:23:37.731+0000] {processor.py:925} INFO - DAG(s) 'fetch_road_data' retrieved from /opt/airflow/dags/first_dag.py
[2025-03-15T10:23:37.926+0000] {logging_mixin.py:190} INFO - [2025-03-15T10:23:37.926+0000] {dag.py:3239} INFO - Sync 1 DAGs
[2025-03-15T10:23:38.056+0000] {logging_mixin.py:190} INFO - [2025-03-15T10:23:38.056+0000] {dag.py:4180} INFO - Setting next_dagrun for fetch_road_data to 2025-03-15 09:00:00+00:00, run_after=2025-03-15 10:00:00+00:00
[2025-03-15T10:23:38.156+0000] {processor.py:208} INFO - Processing /opt/airflow/dags/first_dag.py took 0.540 seconds
[2025-03-15T10:24:08.479+0000] {processor.py:186} INFO - Started process (PID=217) to work on /opt/airflow/dags/first_dag.py
[2025-03-15T10:24:08.481+0000] {processor.py:914} INFO - Processing file /opt/airflow/dags/first_dag.py for tasks to queue
[2025-03-15T10:24:08.485+0000] {logging_mixin.py:190} INFO - [2025-03-15T10:24:08.484+0000] {dagbag.py:588} INFO - Filling up the DagBag from /opt/airflow/dags/first_dag.py
[2025-03-15T10:24:08.564+0000] {processor.py:925} INFO - DAG(s) 'fetch_road_data' retrieved from /opt/airflow/dags/first_dag.py
[2025-03-15T10:24:08.735+0000] {logging_mixin.py:190} INFO - [2025-03-15T10:24:08.735+0000] {dag.py:3239} INFO - Sync 1 DAGs
[2025-03-15T10:24:08.860+0000] {logging_mixin.py:190} INFO - [2025-03-15T10:24:08.859+0000] {dag.py:4180} INFO - Setting next_dagrun for fetch_road_data to 2025-03-15 09:00:00+00:00, run_after=2025-03-15 10:00:00+00:00
[2025-03-15T10:24:08.965+0000] {processor.py:208} INFO - Processing /opt/airflow/dags/first_dag.py took 0.494 seconds
[2025-03-15T10:24:39.222+0000] {processor.py:186} INFO - Started process (PID=222) to work on /opt/airflow/dags/first_dag.py
[2025-03-15T10:24:39.225+0000] {processor.py:914} INFO - Processing file /opt/airflow/dags/first_dag.py for tasks to queue
[2025-03-15T10:24:39.231+0000] {logging_mixin.py:190} INFO - [2025-03-15T10:24:39.230+0000] {dagbag.py:588} INFO - Filling up the DagBag from /opt/airflow/dags/first_dag.py
[2025-03-15T10:24:39.315+0000] {processor.py:925} INFO - DAG(s) 'fetch_road_data' retrieved from /opt/airflow/dags/first_dag.py
[2025-03-15T10:24:39.500+0000] {logging_mixin.py:190} INFO - [2025-03-15T10:24:39.500+0000] {dag.py:3239} INFO - Sync 1 DAGs
[2025-03-15T10:24:39.626+0000] {logging_mixin.py:190} INFO - [2025-03-15T10:24:39.626+0000] {dag.py:4180} INFO - Setting next_dagrun for fetch_road_data to 2025-03-15 09:00:00+00:00, run_after=2025-03-15 10:00:00+00:00
[2025-03-15T10:24:39.725+0000] {processor.py:208} INFO - Processing /opt/airflow/dags/first_dag.py took 0.517 seconds
[2025-03-15T10:25:10.083+0000] {processor.py:186} INFO - Started process (PID=227) to work on /opt/airflow/dags/first_dag.py
[2025-03-15T10:25:10.085+0000] {processor.py:914} INFO - Processing file /opt/airflow/dags/first_dag.py for tasks to queue
[2025-03-15T10:25:10.088+0000] {logging_mixin.py:190} INFO - [2025-03-15T10:25:10.088+0000] {dagbag.py:588} INFO - Filling up the DagBag from /opt/airflow/dags/first_dag.py
[2025-03-15T10:25:10.157+0000] {processor.py:925} INFO - DAG(s) 'fetch_road_data' retrieved from /opt/airflow/dags/first_dag.py
[2025-03-15T10:25:10.338+0000] {logging_mixin.py:190} INFO - [2025-03-15T10:25:10.338+0000] {dag.py:3239} INFO - Sync 1 DAGs
[2025-03-15T10:25:10.466+0000] {logging_mixin.py:190} INFO - [2025-03-15T10:25:10.465+0000] {dag.py:4180} INFO - Setting next_dagrun for fetch_road_data to 2025-03-15 09:00:00+00:00, run_after=2025-03-15 10:00:00+00:00
[2025-03-15T10:25:10.565+0000] {processor.py:208} INFO - Processing /opt/airflow/dags/first_dag.py took 0.488 seconds
[2025-03-15T10:25:40.844+0000] {processor.py:186} INFO - Started process (PID=232) to work on /opt/airflow/dags/first_dag.py
[2025-03-15T10:25:40.846+0000] {processor.py:914} INFO - Processing file /opt/airflow/dags/first_dag.py for tasks to queue
[2025-03-15T10:25:40.850+0000] {logging_mixin.py:190} INFO - [2025-03-15T10:25:40.849+0000] {dagbag.py:588} INFO - Filling up the DagBag from /opt/airflow/dags/first_dag.py
[2025-03-15T10:25:40.942+0000] {processor.py:925} INFO - DAG(s) 'fetch_road_data' retrieved from /opt/airflow/dags/first_dag.py
[2025-03-15T10:25:41.130+0000] {logging_mixin.py:190} INFO - [2025-03-15T10:25:41.130+0000] {dag.py:3239} INFO - Sync 1 DAGs
[2025-03-15T10:25:41.240+0000] {logging_mixin.py:190} INFO - [2025-03-15T10:25:41.240+0000] {dag.py:4180} INFO - Setting next_dagrun for fetch_road_data to 2025-03-15 09:00:00+00:00, run_after=2025-03-15 10:00:00+00:00
[2025-03-15T10:25:41.350+0000] {processor.py:208} INFO - Processing /opt/airflow/dags/first_dag.py took 0.514 seconds
[2025-03-15T10:26:11.674+0000] {processor.py:186} INFO - Started process (PID=237) to work on /opt/airflow/dags/first_dag.py
[2025-03-15T10:26:11.676+0000] {processor.py:914} INFO - Processing file /opt/airflow/dags/first_dag.py for tasks to queue
[2025-03-15T10:26:11.679+0000] {logging_mixin.py:190} INFO - [2025-03-15T10:26:11.679+0000] {dagbag.py:588} INFO - Filling up the DagBag from /opt/airflow/dags/first_dag.py
[2025-03-15T10:26:11.743+0000] {processor.py:925} INFO - DAG(s) 'fetch_road_data' retrieved from /opt/airflow/dags/first_dag.py
[2025-03-15T10:26:11.869+0000] {logging_mixin.py:190} INFO - [2025-03-15T10:26:11.869+0000] {dag.py:3239} INFO - Sync 1 DAGs
[2025-03-15T10:26:11.953+0000] {logging_mixin.py:190} INFO - [2025-03-15T10:26:11.953+0000] {dag.py:4180} INFO - Setting next_dagrun for fetch_road_data to 2025-03-15 09:00:00+00:00, run_after=2025-03-15 10:00:00+00:00
[2025-03-15T10:26:12.057+0000] {processor.py:208} INFO - Processing /opt/airflow/dags/first_dag.py took 0.392 seconds
[2025-03-15T10:26:42.456+0000] {processor.py:186} INFO - Started process (PID=242) to work on /opt/airflow/dags/first_dag.py
[2025-03-15T10:26:42.458+0000] {processor.py:914} INFO - Processing file /opt/airflow/dags/first_dag.py for tasks to queue
[2025-03-15T10:26:42.464+0000] {logging_mixin.py:190} INFO - [2025-03-15T10:26:42.463+0000] {dagbag.py:588} INFO - Filling up the DagBag from /opt/airflow/dags/first_dag.py
[2025-03-15T10:26:42.553+0000] {processor.py:925} INFO - DAG(s) 'fetch_road_data' retrieved from /opt/airflow/dags/first_dag.py
[2025-03-15T10:26:42.738+0000] {logging_mixin.py:190} INFO - [2025-03-15T10:26:42.737+0000] {dag.py:3239} INFO - Sync 1 DAGs
[2025-03-15T10:26:42.851+0000] {logging_mixin.py:190} INFO - [2025-03-15T10:26:42.851+0000] {dag.py:4180} INFO - Setting next_dagrun for fetch_road_data to 2025-03-15 09:00:00+00:00, run_after=2025-03-15 10:00:00+00:00
[2025-03-15T10:26:42.969+0000] {processor.py:208} INFO - Processing /opt/airflow/dags/first_dag.py took 0.527 seconds
[2025-03-15T10:27:13.183+0000] {processor.py:186} INFO - Started process (PID=247) to work on /opt/airflow/dags/first_dag.py
[2025-03-15T10:27:13.188+0000] {processor.py:914} INFO - Processing file /opt/airflow/dags/first_dag.py for tasks to queue
[2025-03-15T10:27:13.192+0000] {logging_mixin.py:190} INFO - [2025-03-15T10:27:13.192+0000] {dagbag.py:588} INFO - Filling up the DagBag from /opt/airflow/dags/first_dag.py
[2025-03-15T10:27:13.269+0000] {processor.py:925} INFO - DAG(s) 'fetch_road_data' retrieved from /opt/airflow/dags/first_dag.py
[2025-03-15T10:27:13.473+0000] {logging_mixin.py:190} INFO - [2025-03-15T10:27:13.472+0000] {dag.py:3239} INFO - Sync 1 DAGs
[2025-03-15T10:27:13.577+0000] {logging_mixin.py:190} INFO - [2025-03-15T10:27:13.577+0000] {dag.py:4180} INFO - Setting next_dagrun for fetch_road_data to 2025-03-15 09:00:00+00:00, run_after=2025-03-15 10:00:00+00:00
[2025-03-15T10:27:13.648+0000] {processor.py:208} INFO - Processing /opt/airflow/dags/first_dag.py took 0.476 seconds
[2025-03-15T10:27:44.063+0000] {processor.py:186} INFO - Started process (PID=252) to work on /opt/airflow/dags/first_dag.py
[2025-03-15T10:27:44.065+0000] {processor.py:914} INFO - Processing file /opt/airflow/dags/first_dag.py for tasks to queue
[2025-03-15T10:27:44.069+0000] {logging_mixin.py:190} INFO - [2025-03-15T10:27:44.068+0000] {dagbag.py:588} INFO - Filling up the DagBag from /opt/airflow/dags/first_dag.py
[2025-03-15T10:27:44.134+0000] {processor.py:925} INFO - DAG(s) 'fetch_road_data' retrieved from /opt/airflow/dags/first_dag.py
[2025-03-15T10:27:44.272+0000] {logging_mixin.py:190} INFO - [2025-03-15T10:27:44.272+0000] {dag.py:3239} INFO - Sync 1 DAGs
[2025-03-15T10:27:44.375+0000] {logging_mixin.py:190} INFO - [2025-03-15T10:27:44.375+0000] {dag.py:4180} INFO - Setting next_dagrun for fetch_road_data to 2025-03-15 09:00:00+00:00, run_after=2025-03-15 10:00:00+00:00
[2025-03-15T10:27:44.474+0000] {processor.py:208} INFO - Processing /opt/airflow/dags/first_dag.py took 0.419 seconds
[2025-03-15T10:28:14.782+0000] {processor.py:186} INFO - Started process (PID=257) to work on /opt/airflow/dags/first_dag.py
[2025-03-15T10:28:14.784+0000] {processor.py:914} INFO - Processing file /opt/airflow/dags/first_dag.py for tasks to queue
[2025-03-15T10:28:14.790+0000] {logging_mixin.py:190} INFO - [2025-03-15T10:28:14.789+0000] {dagbag.py:588} INFO - Filling up the DagBag from /opt/airflow/dags/first_dag.py
[2025-03-15T10:28:14.878+0000] {processor.py:925} INFO - DAG(s) 'fetch_road_data' retrieved from /opt/airflow/dags/first_dag.py
[2025-03-15T10:28:15.062+0000] {logging_mixin.py:190} INFO - [2025-03-15T10:28:15.061+0000] {dag.py:3239} INFO - Sync 1 DAGs
[2025-03-15T10:28:15.213+0000] {logging_mixin.py:190} INFO - [2025-03-15T10:28:15.212+0000] {dag.py:4180} INFO - Setting next_dagrun for fetch_road_data to 2025-03-15 09:00:00+00:00, run_after=2025-03-15 10:00:00+00:00
[2025-03-15T10:28:15.316+0000] {processor.py:208} INFO - Processing /opt/airflow/dags/first_dag.py took 0.545 seconds
[2025-03-15T10:28:45.573+0000] {processor.py:186} INFO - Started process (PID=262) to work on /opt/airflow/dags/first_dag.py
[2025-03-15T10:28:45.575+0000] {processor.py:914} INFO - Processing file /opt/airflow/dags/first_dag.py for tasks to queue
[2025-03-15T10:28:45.578+0000] {logging_mixin.py:190} INFO - [2025-03-15T10:28:45.577+0000] {dagbag.py:588} INFO - Filling up the DagBag from /opt/airflow/dags/first_dag.py
[2025-03-15T10:28:45.656+0000] {processor.py:925} INFO - DAG(s) 'fetch_road_data' retrieved from /opt/airflow/dags/first_dag.py
[2025-03-15T10:28:45.832+0000] {logging_mixin.py:190} INFO - [2025-03-15T10:28:45.832+0000] {dag.py:3239} INFO - Sync 1 DAGs
[2025-03-15T10:28:45.935+0000] {logging_mixin.py:190} INFO - [2025-03-15T10:28:45.934+0000] {dag.py:4180} INFO - Setting next_dagrun for fetch_road_data to 2025-03-15 09:00:00+00:00, run_after=2025-03-15 10:00:00+00:00
[2025-03-15T10:28:46.037+0000] {processor.py:208} INFO - Processing /opt/airflow/dags/first_dag.py took 0.471 seconds
[2025-03-15T10:29:16.688+0000] {processor.py:186} INFO - Started process (PID=267) to work on /opt/airflow/dags/first_dag.py
[2025-03-15T10:29:16.690+0000] {processor.py:914} INFO - Processing file /opt/airflow/dags/first_dag.py for tasks to queue
[2025-03-15T10:29:16.693+0000] {logging_mixin.py:190} INFO - [2025-03-15T10:29:16.693+0000] {dagbag.py:588} INFO - Filling up the DagBag from /opt/airflow/dags/first_dag.py
[2025-03-15T10:29:16.785+0000] {processor.py:925} INFO - DAG(s) 'fetch_road_data' retrieved from /opt/airflow/dags/first_dag.py
[2025-03-15T10:29:16.976+0000] {logging_mixin.py:190} INFO - [2025-03-15T10:29:16.975+0000] {dag.py:3239} INFO - Sync 1 DAGs
[2025-03-15T10:29:17.125+0000] {logging_mixin.py:190} INFO - [2025-03-15T10:29:17.124+0000] {dag.py:4180} INFO - Setting next_dagrun for fetch_road_data to 2025-03-15 09:00:00+00:00, run_after=2025-03-15 10:00:00+00:00
[2025-03-15T10:29:17.244+0000] {processor.py:208} INFO - Processing /opt/airflow/dags/first_dag.py took 0.562 seconds
[2025-03-15T10:29:48.906+0000] {processor.py:186} INFO - Started process (PID=272) to work on /opt/airflow/dags/first_dag.py
[2025-03-15T10:29:48.923+0000] {processor.py:914} INFO - Processing file /opt/airflow/dags/first_dag.py for tasks to queue
[2025-03-15T10:29:48.957+0000] {logging_mixin.py:190} INFO - [2025-03-15T10:29:48.951+0000] {dagbag.py:588} INFO - Filling up the DagBag from /opt/airflow/dags/first_dag.py
[2025-03-15T10:29:49.558+0000] {processor.py:925} INFO - DAG(s) 'fetch_road_data' retrieved from /opt/airflow/dags/first_dag.py
[2025-03-15T10:29:50.126+0000] {logging_mixin.py:190} INFO - [2025-03-15T10:29:50.125+0000] {dag.py:3239} INFO - Sync 1 DAGs
[2025-03-15T10:29:50.246+0000] {logging_mixin.py:190} INFO - [2025-03-15T10:29:50.246+0000] {dag.py:4180} INFO - Setting next_dagrun for fetch_road_data to 2025-03-15 09:00:00+00:00, run_after=2025-03-15 10:00:00+00:00
[2025-03-15T10:29:50.355+0000] {processor.py:208} INFO - Processing /opt/airflow/dags/first_dag.py took 1.573 seconds
[2025-03-15T10:30:21.440+0000] {processor.py:186} INFO - Started process (PID=277) to work on /opt/airflow/dags/first_dag.py
[2025-03-15T10:30:21.442+0000] {processor.py:914} INFO - Processing file /opt/airflow/dags/first_dag.py for tasks to queue
[2025-03-15T10:30:21.446+0000] {logging_mixin.py:190} INFO - [2025-03-15T10:30:21.446+0000] {dagbag.py:588} INFO - Filling up the DagBag from /opt/airflow/dags/first_dag.py
[2025-03-15T10:30:21.536+0000] {processor.py:925} INFO - DAG(s) 'fetch_road_data' retrieved from /opt/airflow/dags/first_dag.py
[2025-03-15T10:30:21.727+0000] {logging_mixin.py:190} INFO - [2025-03-15T10:30:21.727+0000] {dag.py:3239} INFO - Sync 1 DAGs
[2025-03-15T10:30:21.852+0000] {logging_mixin.py:190} INFO - [2025-03-15T10:30:21.851+0000] {dag.py:4180} INFO - Setting next_dagrun for fetch_road_data to 2025-03-15 09:00:00+00:00, run_after=2025-03-15 10:00:00+00:00
[2025-03-15T10:30:21.960+0000] {processor.py:208} INFO - Processing /opt/airflow/dags/first_dag.py took 0.527 seconds
[2025-03-15T10:30:52.435+0000] {processor.py:186} INFO - Started process (PID=282) to work on /opt/airflow/dags/first_dag.py
[2025-03-15T10:30:52.437+0000] {processor.py:914} INFO - Processing file /opt/airflow/dags/first_dag.py for tasks to queue
[2025-03-15T10:30:52.442+0000] {logging_mixin.py:190} INFO - [2025-03-15T10:30:52.441+0000] {dagbag.py:588} INFO - Filling up the DagBag from /opt/airflow/dags/first_dag.py
[2025-03-15T10:30:52.520+0000] {processor.py:925} INFO - DAG(s) 'fetch_road_data' retrieved from /opt/airflow/dags/first_dag.py
[2025-03-15T10:30:52.722+0000] {logging_mixin.py:190} INFO - [2025-03-15T10:30:52.722+0000] {dag.py:3239} INFO - Sync 1 DAGs
[2025-03-15T10:30:52.815+0000] {logging_mixin.py:190} INFO - [2025-03-15T10:30:52.815+0000] {dag.py:4180} INFO - Setting next_dagrun for fetch_road_data to 2025-03-15 09:00:00+00:00, run_after=2025-03-15 10:00:00+00:00
[2025-03-15T10:30:52.918+0000] {processor.py:208} INFO - Processing /opt/airflow/dags/first_dag.py took 0.491 seconds
[2025-03-15T10:31:23.160+0000] {processor.py:186} INFO - Started process (PID=287) to work on /opt/airflow/dags/first_dag.py
[2025-03-15T10:31:23.163+0000] {processor.py:914} INFO - Processing file /opt/airflow/dags/first_dag.py for tasks to queue
[2025-03-15T10:31:23.168+0000] {logging_mixin.py:190} INFO - [2025-03-15T10:31:23.167+0000] {dagbag.py:588} INFO - Filling up the DagBag from /opt/airflow/dags/first_dag.py
[2025-03-15T10:31:23.241+0000] {processor.py:925} INFO - DAG(s) 'fetch_road_data' retrieved from /opt/airflow/dags/first_dag.py
[2025-03-15T10:31:23.422+0000] {logging_mixin.py:190} INFO - [2025-03-15T10:31:23.422+0000] {dag.py:3239} INFO - Sync 1 DAGs
[2025-03-15T10:31:23.539+0000] {logging_mixin.py:190} INFO - [2025-03-15T10:31:23.538+0000] {dag.py:4180} INFO - Setting next_dagrun for fetch_road_data to 2025-03-15 09:00:00+00:00, run_after=2025-03-15 10:00:00+00:00
[2025-03-15T10:31:23.632+0000] {processor.py:208} INFO - Processing /opt/airflow/dags/first_dag.py took 0.481 seconds
[2025-03-15T10:31:53.850+0000] {processor.py:186} INFO - Started process (PID=292) to work on /opt/airflow/dags/first_dag.py
[2025-03-15T10:31:53.853+0000] {processor.py:914} INFO - Processing file /opt/airflow/dags/first_dag.py for tasks to queue
[2025-03-15T10:31:53.860+0000] {logging_mixin.py:190} INFO - [2025-03-15T10:31:53.859+0000] {dagbag.py:588} INFO - Filling up the DagBag from /opt/airflow/dags/first_dag.py
[2025-03-15T10:31:53.939+0000] {processor.py:925} INFO - DAG(s) 'fetch_road_data' retrieved from /opt/airflow/dags/first_dag.py
[2025-03-15T10:31:54.138+0000] {logging_mixin.py:190} INFO - [2025-03-15T10:31:54.138+0000] {dag.py:3239} INFO - Sync 1 DAGs
[2025-03-15T10:31:54.280+0000] {logging_mixin.py:190} INFO - [2025-03-15T10:31:54.280+0000] {dag.py:4180} INFO - Setting next_dagrun for fetch_road_data to 2025-03-15 09:00:00+00:00, run_after=2025-03-15 10:00:00+00:00
[2025-03-15T10:31:54.388+0000] {processor.py:208} INFO - Processing /opt/airflow/dags/first_dag.py took 0.553 seconds
[2025-03-15T10:32:25.370+0000] {processor.py:186} INFO - Started process (PID=297) to work on /opt/airflow/dags/first_dag.py
[2025-03-15T10:32:25.372+0000] {processor.py:914} INFO - Processing file /opt/airflow/dags/first_dag.py for tasks to queue
[2025-03-15T10:32:25.377+0000] {logging_mixin.py:190} INFO - [2025-03-15T10:32:25.376+0000] {dagbag.py:588} INFO - Filling up the DagBag from /opt/airflow/dags/first_dag.py
[2025-03-15T10:32:25.471+0000] {processor.py:925} INFO - DAG(s) 'fetch_road_data' retrieved from /opt/airflow/dags/first_dag.py
[2025-03-15T10:32:25.654+0000] {logging_mixin.py:190} INFO - [2025-03-15T10:32:25.653+0000] {dag.py:3239} INFO - Sync 1 DAGs
[2025-03-15T10:32:25.782+0000] {logging_mixin.py:190} INFO - [2025-03-15T10:32:25.781+0000] {dag.py:4180} INFO - Setting next_dagrun for fetch_road_data to 2025-03-15 09:00:00+00:00, run_after=2025-03-15 10:00:00+00:00
[2025-03-15T10:32:25.901+0000] {processor.py:208} INFO - Processing /opt/airflow/dags/first_dag.py took 0.543 seconds
[2025-03-15T10:32:56.254+0000] {processor.py:186} INFO - Started process (PID=302) to work on /opt/airflow/dags/first_dag.py
[2025-03-15T10:32:56.256+0000] {processor.py:914} INFO - Processing file /opt/airflow/dags/first_dag.py for tasks to queue
[2025-03-15T10:32:56.267+0000] {logging_mixin.py:190} INFO - [2025-03-15T10:32:56.262+0000] {dagbag.py:588} INFO - Filling up the DagBag from /opt/airflow/dags/first_dag.py
[2025-03-15T10:32:56.352+0000] {processor.py:925} INFO - DAG(s) 'fetch_road_data' retrieved from /opt/airflow/dags/first_dag.py
[2025-03-15T10:32:56.569+0000] {logging_mixin.py:190} INFO - [2025-03-15T10:32:56.568+0000] {dag.py:3239} INFO - Sync 1 DAGs
[2025-03-15T10:32:56.719+0000] {logging_mixin.py:190} INFO - [2025-03-15T10:32:56.719+0000] {dag.py:4180} INFO - Setting next_dagrun for fetch_road_data to 2025-03-15 09:00:00+00:00, run_after=2025-03-15 10:00:00+00:00
[2025-03-15T10:32:56.820+0000] {processor.py:208} INFO - Processing /opt/airflow/dags/first_dag.py took 0.574 seconds
[2025-03-15T10:33:27.083+0000] {processor.py:186} INFO - Started process (PID=307) to work on /opt/airflow/dags/first_dag.py
[2025-03-15T10:33:27.086+0000] {processor.py:914} INFO - Processing file /opt/airflow/dags/first_dag.py for tasks to queue
[2025-03-15T10:33:27.091+0000] {logging_mixin.py:190} INFO - [2025-03-15T10:33:27.090+0000] {dagbag.py:588} INFO - Filling up the DagBag from /opt/airflow/dags/first_dag.py
[2025-03-15T10:33:27.182+0000] {processor.py:925} INFO - DAG(s) 'fetch_road_data' retrieved from /opt/airflow/dags/first_dag.py
[2025-03-15T10:33:27.374+0000] {logging_mixin.py:190} INFO - [2025-03-15T10:33:27.374+0000] {dag.py:3239} INFO - Sync 1 DAGs
[2025-03-15T10:33:27.500+0000] {logging_mixin.py:190} INFO - [2025-03-15T10:33:27.499+0000] {dag.py:4180} INFO - Setting next_dagrun for fetch_road_data to 2025-03-15 09:00:00+00:00, run_after=2025-03-15 10:00:00+00:00
[2025-03-15T10:33:27.620+0000] {processor.py:208} INFO - Processing /opt/airflow/dags/first_dag.py took 0.548 seconds
[2025-03-15T10:33:58.412+0000] {processor.py:186} INFO - Started process (PID=312) to work on /opt/airflow/dags/first_dag.py
[2025-03-15T10:33:58.414+0000] {processor.py:914} INFO - Processing file /opt/airflow/dags/first_dag.py for tasks to queue
[2025-03-15T10:33:58.417+0000] {logging_mixin.py:190} INFO - [2025-03-15T10:33:58.417+0000] {dagbag.py:588} INFO - Filling up the DagBag from /opt/airflow/dags/first_dag.py
[2025-03-15T10:33:58.502+0000] {processor.py:925} INFO - DAG(s) 'fetch_road_data' retrieved from /opt/airflow/dags/first_dag.py
[2025-03-15T10:33:58.687+0000] {logging_mixin.py:190} INFO - [2025-03-15T10:33:58.686+0000] {dag.py:3239} INFO - Sync 1 DAGs
[2025-03-15T10:33:58.798+0000] {logging_mixin.py:190} INFO - [2025-03-15T10:33:58.798+0000] {dag.py:4180} INFO - Setting next_dagrun for fetch_road_data to 2025-03-15 09:00:00+00:00, run_after=2025-03-15 10:00:00+00:00
[2025-03-15T10:33:58.905+0000] {processor.py:208} INFO - Processing /opt/airflow/dags/first_dag.py took 0.505 seconds
[2025-03-15T10:34:29.175+0000] {processor.py:186} INFO - Started process (PID=317) to work on /opt/airflow/dags/first_dag.py
[2025-03-15T10:34:29.178+0000] {processor.py:914} INFO - Processing file /opt/airflow/dags/first_dag.py for tasks to queue
[2025-03-15T10:34:29.183+0000] {logging_mixin.py:190} INFO - [2025-03-15T10:34:29.183+0000] {dagbag.py:588} INFO - Filling up the DagBag from /opt/airflow/dags/first_dag.py
[2025-03-15T10:34:29.282+0000] {processor.py:925} INFO - DAG(s) 'fetch_road_data' retrieved from /opt/airflow/dags/first_dag.py
[2025-03-15T10:34:29.489+0000] {logging_mixin.py:190} INFO - [2025-03-15T10:34:29.489+0000] {dag.py:3239} INFO - Sync 1 DAGs
[2025-03-15T10:34:29.638+0000] {logging_mixin.py:190} INFO - [2025-03-15T10:34:29.637+0000] {dag.py:4180} INFO - Setting next_dagrun for fetch_road_data to 2025-03-15 09:00:00+00:00, run_after=2025-03-15 10:00:00+00:00
[2025-03-15T10:34:29.761+0000] {processor.py:208} INFO - Processing /opt/airflow/dags/first_dag.py took 0.607 seconds
[2025-03-15T10:35:00.064+0000] {processor.py:186} INFO - Started process (PID=322) to work on /opt/airflow/dags/first_dag.py
[2025-03-15T10:35:00.066+0000] {processor.py:914} INFO - Processing file /opt/airflow/dags/first_dag.py for tasks to queue
[2025-03-15T10:35:00.070+0000] {logging_mixin.py:190} INFO - [2025-03-15T10:35:00.069+0000] {dagbag.py:588} INFO - Filling up the DagBag from /opt/airflow/dags/first_dag.py
[2025-03-15T10:35:00.137+0000] {processor.py:925} INFO - DAG(s) 'fetch_road_data' retrieved from /opt/airflow/dags/first_dag.py
[2025-03-15T10:35:00.325+0000] {logging_mixin.py:190} INFO - [2025-03-15T10:35:00.324+0000] {dag.py:3239} INFO - Sync 1 DAGs
[2025-03-15T10:35:00.443+0000] {logging_mixin.py:190} INFO - [2025-03-15T10:35:00.442+0000] {dag.py:4180} INFO - Setting next_dagrun for fetch_road_data to 2025-03-15 09:00:00+00:00, run_after=2025-03-15 10:00:00+00:00
[2025-03-15T10:35:00.556+0000] {processor.py:208} INFO - Processing /opt/airflow/dags/first_dag.py took 0.499 seconds
[2025-03-15T10:35:31.583+0000] {processor.py:186} INFO - Started process (PID=327) to work on /opt/airflow/dags/first_dag.py
[2025-03-15T10:35:31.585+0000] {processor.py:914} INFO - Processing file /opt/airflow/dags/first_dag.py for tasks to queue
[2025-03-15T10:35:31.592+0000] {logging_mixin.py:190} INFO - [2025-03-15T10:35:31.591+0000] {dagbag.py:588} INFO - Filling up the DagBag from /opt/airflow/dags/first_dag.py
[2025-03-15T10:35:31.676+0000] {processor.py:925} INFO - DAG(s) 'fetch_road_data' retrieved from /opt/airflow/dags/first_dag.py
[2025-03-15T10:35:31.860+0000] {logging_mixin.py:190} INFO - [2025-03-15T10:35:31.859+0000] {dag.py:3239} INFO - Sync 1 DAGs
[2025-03-15T10:35:32.004+0000] {logging_mixin.py:190} INFO - [2025-03-15T10:35:32.003+0000] {dag.py:4180} INFO - Setting next_dagrun for fetch_road_data to 2025-03-15 09:00:00+00:00, run_after=2025-03-15 10:00:00+00:00
[2025-03-15T10:35:32.120+0000] {processor.py:208} INFO - Processing /opt/airflow/dags/first_dag.py took 0.548 seconds
[2025-03-15T10:36:02.746+0000] {processor.py:186} INFO - Started process (PID=332) to work on /opt/airflow/dags/first_dag.py
[2025-03-15T10:36:02.749+0000] {processor.py:914} INFO - Processing file /opt/airflow/dags/first_dag.py for tasks to queue
[2025-03-15T10:36:02.757+0000] {logging_mixin.py:190} INFO - [2025-03-15T10:36:02.756+0000] {dagbag.py:588} INFO - Filling up the DagBag from /opt/airflow/dags/first_dag.py
[2025-03-15T10:36:02.810+0000] {processor.py:925} INFO - DAG(s) 'fetch_road_data' retrieved from /opt/airflow/dags/first_dag.py
[2025-03-15T10:36:02.997+0000] {logging_mixin.py:190} INFO - [2025-03-15T10:36:02.996+0000] {dag.py:3239} INFO - Sync 1 DAGs
[2025-03-15T10:36:03.122+0000] {logging_mixin.py:190} INFO - [2025-03-15T10:36:03.121+0000] {dag.py:4180} INFO - Setting next_dagrun for fetch_road_data to 2025-03-15 09:00:00+00:00, run_after=2025-03-15 10:00:00+00:00
[2025-03-15T10:36:03.255+0000] {processor.py:208} INFO - Processing /opt/airflow/dags/first_dag.py took 0.519 seconds
[2025-03-15T10:36:33.776+0000] {processor.py:186} INFO - Started process (PID=337) to work on /opt/airflow/dags/first_dag.py
[2025-03-15T10:36:33.778+0000] {processor.py:914} INFO - Processing file /opt/airflow/dags/first_dag.py for tasks to queue
[2025-03-15T10:36:33.781+0000] {logging_mixin.py:190} INFO - [2025-03-15T10:36:33.781+0000] {dagbag.py:588} INFO - Filling up the DagBag from /opt/airflow/dags/first_dag.py
[2025-03-15T10:36:33.864+0000] {processor.py:925} INFO - DAG(s) 'fetch_road_data' retrieved from /opt/airflow/dags/first_dag.py
[2025-03-15T10:36:34.031+0000] {logging_mixin.py:190} INFO - [2025-03-15T10:36:34.031+0000] {dag.py:3239} INFO - Sync 1 DAGs
[2025-03-15T10:36:34.127+0000] {logging_mixin.py:190} INFO - [2025-03-15T10:36:34.127+0000] {dag.py:4180} INFO - Setting next_dagrun for fetch_road_data to 2025-03-15 09:00:00+00:00, run_after=2025-03-15 10:00:00+00:00
[2025-03-15T10:36:34.224+0000] {processor.py:208} INFO - Processing /opt/airflow/dags/first_dag.py took 0.454 seconds
[2025-03-15T10:37:04.715+0000] {processor.py:186} INFO - Started process (PID=342) to work on /opt/airflow/dags/first_dag.py
[2025-03-15T10:37:04.716+0000] {processor.py:914} INFO - Processing file /opt/airflow/dags/first_dag.py for tasks to queue
[2025-03-15T10:37:04.719+0000] {logging_mixin.py:190} INFO - [2025-03-15T10:37:04.719+0000] {dagbag.py:588} INFO - Filling up the DagBag from /opt/airflow/dags/first_dag.py
[2025-03-15T10:37:04.760+0000] {processor.py:925} INFO - DAG(s) 'fetch_road_data' retrieved from /opt/airflow/dags/first_dag.py
[2025-03-15T10:37:04.855+0000] {logging_mixin.py:190} INFO - [2025-03-15T10:37:04.854+0000] {dag.py:3239} INFO - Sync 1 DAGs
[2025-03-15T10:37:04.949+0000] {logging_mixin.py:190} INFO - [2025-03-15T10:37:04.949+0000] {dag.py:4180} INFO - Setting next_dagrun for fetch_road_data to 2025-03-15 09:00:00+00:00, run_after=2025-03-15 10:00:00+00:00
[2025-03-15T10:37:05.039+0000] {processor.py:208} INFO - Processing /opt/airflow/dags/first_dag.py took 0.333 seconds
[2025-03-15T10:37:35.235+0000] {processor.py:186} INFO - Started process (PID=347) to work on /opt/airflow/dags/first_dag.py
[2025-03-15T10:37:35.236+0000] {processor.py:914} INFO - Processing file /opt/airflow/dags/first_dag.py for tasks to queue
[2025-03-15T10:37:35.239+0000] {logging_mixin.py:190} INFO - [2025-03-15T10:37:35.239+0000] {dagbag.py:588} INFO - Filling up the DagBag from /opt/airflow/dags/first_dag.py
[2025-03-15T10:37:35.323+0000] {processor.py:925} INFO - DAG(s) 'fetch_road_data' retrieved from /opt/airflow/dags/first_dag.py
[2025-03-15T10:37:35.510+0000] {logging_mixin.py:190} INFO - [2025-03-15T10:37:35.509+0000] {dag.py:3239} INFO - Sync 1 DAGs
[2025-03-15T10:37:35.608+0000] {logging_mixin.py:190} INFO - [2025-03-15T10:37:35.608+0000] {dag.py:4180} INFO - Setting next_dagrun for fetch_road_data to 2025-03-15 09:00:00+00:00, run_after=2025-03-15 10:00:00+00:00
[2025-03-15T10:37:35.707+0000] {processor.py:208} INFO - Processing /opt/airflow/dags/first_dag.py took 0.479 seconds
[2025-03-15T10:38:06.107+0000] {processor.py:186} INFO - Started process (PID=352) to work on /opt/airflow/dags/first_dag.py
[2025-03-15T10:38:06.108+0000] {processor.py:914} INFO - Processing file /opt/airflow/dags/first_dag.py for tasks to queue
[2025-03-15T10:38:06.112+0000] {logging_mixin.py:190} INFO - [2025-03-15T10:38:06.112+0000] {dagbag.py:588} INFO - Filling up the DagBag from /opt/airflow/dags/first_dag.py
[2025-03-15T10:38:06.189+0000] {processor.py:925} INFO - DAG(s) 'fetch_road_data' retrieved from /opt/airflow/dags/first_dag.py
[2025-03-15T10:38:06.361+0000] {logging_mixin.py:190} INFO - [2025-03-15T10:38:06.361+0000] {dag.py:3239} INFO - Sync 1 DAGs
[2025-03-15T10:38:06.457+0000] {logging_mixin.py:190} INFO - [2025-03-15T10:38:06.457+0000] {dag.py:4180} INFO - Setting next_dagrun for fetch_road_data to 2025-03-15 09:00:00+00:00, run_after=2025-03-15 10:00:00+00:00
[2025-03-15T10:38:06.547+0000] {processor.py:208} INFO - Processing /opt/airflow/dags/first_dag.py took 0.439 seconds
[2025-03-15T10:38:37.178+0000] {processor.py:186} INFO - Started process (PID=357) to work on /opt/airflow/dags/first_dag.py
[2025-03-15T10:38:37.180+0000] {processor.py:914} INFO - Processing file /opt/airflow/dags/first_dag.py for tasks to queue
[2025-03-15T10:38:37.184+0000] {logging_mixin.py:190} INFO - [2025-03-15T10:38:37.184+0000] {dagbag.py:588} INFO - Filling up the DagBag from /opt/airflow/dags/first_dag.py
[2025-03-15T10:38:37.266+0000] {processor.py:925} INFO - DAG(s) 'fetch_road_data' retrieved from /opt/airflow/dags/first_dag.py
[2025-03-15T10:38:37.414+0000] {logging_mixin.py:190} INFO - [2025-03-15T10:38:37.413+0000] {dag.py:3239} INFO - Sync 1 DAGs
[2025-03-15T10:38:37.537+0000] {logging_mixin.py:190} INFO - [2025-03-15T10:38:37.537+0000] {dag.py:4180} INFO - Setting next_dagrun for fetch_road_data to 2025-03-15 09:00:00+00:00, run_after=2025-03-15 10:00:00+00:00
[2025-03-15T10:38:37.626+0000] {processor.py:208} INFO - Processing /opt/airflow/dags/first_dag.py took 0.455 seconds
[2025-03-15T10:39:08.316+0000] {processor.py:186} INFO - Started process (PID=362) to work on /opt/airflow/dags/first_dag.py
[2025-03-15T10:39:08.318+0000] {processor.py:914} INFO - Processing file /opt/airflow/dags/first_dag.py for tasks to queue
[2025-03-15T10:39:08.322+0000] {logging_mixin.py:190} INFO - [2025-03-15T10:39:08.321+0000] {dagbag.py:588} INFO - Filling up the DagBag from /opt/airflow/dags/first_dag.py
[2025-03-15T10:39:08.405+0000] {processor.py:925} INFO - DAG(s) 'fetch_road_data' retrieved from /opt/airflow/dags/first_dag.py
[2025-03-15T10:39:08.572+0000] {logging_mixin.py:190} INFO - [2025-03-15T10:39:08.572+0000] {dag.py:3239} INFO - Sync 1 DAGs
[2025-03-15T10:39:08.666+0000] {logging_mixin.py:190} INFO - [2025-03-15T10:39:08.665+0000] {dag.py:4180} INFO - Setting next_dagrun for fetch_road_data to 2025-03-15 09:00:00+00:00, run_after=2025-03-15 10:00:00+00:00
[2025-03-15T10:39:08.762+0000] {processor.py:208} INFO - Processing /opt/airflow/dags/first_dag.py took 0.457 seconds
[2025-03-15T10:39:39.398+0000] {processor.py:186} INFO - Started process (PID=367) to work on /opt/airflow/dags/first_dag.py
[2025-03-15T10:39:39.400+0000] {processor.py:914} INFO - Processing file /opt/airflow/dags/first_dag.py for tasks to queue
[2025-03-15T10:39:39.404+0000] {logging_mixin.py:190} INFO - [2025-03-15T10:39:39.403+0000] {dagbag.py:588} INFO - Filling up the DagBag from /opt/airflow/dags/first_dag.py
[2025-03-15T10:39:39.483+0000] {processor.py:925} INFO - DAG(s) 'fetch_road_data' retrieved from /opt/airflow/dags/first_dag.py
[2025-03-15T10:39:39.650+0000] {logging_mixin.py:190} INFO - [2025-03-15T10:39:39.650+0000] {dag.py:3239} INFO - Sync 1 DAGs
[2025-03-15T10:39:39.751+0000] {logging_mixin.py:190} INFO - [2025-03-15T10:39:39.751+0000] {dag.py:4180} INFO - Setting next_dagrun for fetch_road_data to 2025-03-15 09:00:00+00:00, run_after=2025-03-15 10:00:00+00:00
[2025-03-15T10:39:39.838+0000] {processor.py:208} INFO - Processing /opt/airflow/dags/first_dag.py took 0.448 seconds
[2025-03-15T10:40:10.274+0000] {processor.py:186} INFO - Started process (PID=372) to work on /opt/airflow/dags/first_dag.py
[2025-03-15T10:40:10.276+0000] {processor.py:914} INFO - Processing file /opt/airflow/dags/first_dag.py for tasks to queue
[2025-03-15T10:40:10.280+0000] {logging_mixin.py:190} INFO - [2025-03-15T10:40:10.279+0000] {dagbag.py:588} INFO - Filling up the DagBag from /opt/airflow/dags/first_dag.py
[2025-03-15T10:40:10.357+0000] {processor.py:925} INFO - DAG(s) 'fetch_road_data' retrieved from /opt/airflow/dags/first_dag.py
[2025-03-15T10:40:10.530+0000] {logging_mixin.py:190} INFO - [2025-03-15T10:40:10.529+0000] {dag.py:3239} INFO - Sync 1 DAGs
[2025-03-15T10:40:10.636+0000] {logging_mixin.py:190} INFO - [2025-03-15T10:40:10.636+0000] {dag.py:4180} INFO - Setting next_dagrun for fetch_road_data to 2025-03-15 09:00:00+00:00, run_after=2025-03-15 10:00:00+00:00
[2025-03-15T10:40:10.737+0000] {processor.py:208} INFO - Processing /opt/airflow/dags/first_dag.py took 0.472 seconds
[2025-03-15T10:40:40.940+0000] {processor.py:186} INFO - Started process (PID=377) to work on /opt/airflow/dags/first_dag.py
[2025-03-15T10:40:40.943+0000] {processor.py:914} INFO - Processing file /opt/airflow/dags/first_dag.py for tasks to queue
[2025-03-15T10:40:40.949+0000] {logging_mixin.py:190} INFO - [2025-03-15T10:40:40.948+0000] {dagbag.py:588} INFO - Filling up the DagBag from /opt/airflow/dags/first_dag.py
[2025-03-15T10:40:41.033+0000] {processor.py:925} INFO - DAG(s) 'fetch_road_data' retrieved from /opt/airflow/dags/first_dag.py
[2025-03-15T10:40:41.210+0000] {logging_mixin.py:190} INFO - [2025-03-15T10:40:41.209+0000] {dag.py:3239} INFO - Sync 1 DAGs
[2025-03-15T10:40:41.333+0000] {logging_mixin.py:190} INFO - [2025-03-15T10:40:41.333+0000] {dag.py:4180} INFO - Setting next_dagrun for fetch_road_data to 2025-03-15 09:00:00+00:00, run_after=2025-03-15 10:00:00+00:00
[2025-03-15T10:40:41.435+0000] {processor.py:208} INFO - Processing /opt/airflow/dags/first_dag.py took 0.503 seconds
[2025-03-15T10:41:11.735+0000] {processor.py:186} INFO - Started process (PID=382) to work on /opt/airflow/dags/first_dag.py
[2025-03-15T10:41:11.737+0000] {processor.py:914} INFO - Processing file /opt/airflow/dags/first_dag.py for tasks to queue
[2025-03-15T10:41:11.740+0000] {logging_mixin.py:190} INFO - [2025-03-15T10:41:11.740+0000] {dagbag.py:588} INFO - Filling up the DagBag from /opt/airflow/dags/first_dag.py
[2025-03-15T10:41:11.807+0000] {processor.py:925} INFO - DAG(s) 'fetch_road_data' retrieved from /opt/airflow/dags/first_dag.py
[2025-03-15T10:41:11.943+0000] {logging_mixin.py:190} INFO - [2025-03-15T10:41:11.943+0000] {dag.py:3239} INFO - Sync 1 DAGs
[2025-03-15T10:41:12.025+0000] {logging_mixin.py:190} INFO - [2025-03-15T10:41:12.024+0000] {dag.py:4180} INFO - Setting next_dagrun for fetch_road_data to 2025-03-15 09:00:00+00:00, run_after=2025-03-15 10:00:00+00:00
[2025-03-15T10:41:12.126+0000] {processor.py:208} INFO - Processing /opt/airflow/dags/first_dag.py took 0.398 seconds
[2025-03-15T10:41:42.382+0000] {processor.py:186} INFO - Started process (PID=387) to work on /opt/airflow/dags/first_dag.py
[2025-03-15T10:41:42.384+0000] {processor.py:914} INFO - Processing file /opt/airflow/dags/first_dag.py for tasks to queue
[2025-03-15T10:41:42.387+0000] {logging_mixin.py:190} INFO - [2025-03-15T10:41:42.387+0000] {dagbag.py:588} INFO - Filling up the DagBag from /opt/airflow/dags/first_dag.py
[2025-03-15T10:41:42.456+0000] {processor.py:925} INFO - DAG(s) 'fetch_road_data' retrieved from /opt/airflow/dags/first_dag.py
[2025-03-15T10:41:42.658+0000] {logging_mixin.py:190} INFO - [2025-03-15T10:41:42.658+0000] {dag.py:3239} INFO - Sync 1 DAGs
[2025-03-15T10:41:42.805+0000] {logging_mixin.py:190} INFO - [2025-03-15T10:41:42.805+0000] {dag.py:4180} INFO - Setting next_dagrun for fetch_road_data to 2025-03-15 09:00:00+00:00, run_after=2025-03-15 10:00:00+00:00
[2025-03-15T10:41:42.902+0000] {processor.py:208} INFO - Processing /opt/airflow/dags/first_dag.py took 0.528 seconds
[2025-03-15T10:42:13.431+0000] {processor.py:186} INFO - Started process (PID=392) to work on /opt/airflow/dags/first_dag.py
[2025-03-15T10:42:13.433+0000] {processor.py:914} INFO - Processing file /opt/airflow/dags/first_dag.py for tasks to queue
[2025-03-15T10:42:13.437+0000] {logging_mixin.py:190} INFO - [2025-03-15T10:42:13.437+0000] {dagbag.py:588} INFO - Filling up the DagBag from /opt/airflow/dags/first_dag.py
[2025-03-15T10:42:13.510+0000] {processor.py:925} INFO - DAG(s) 'fetch_road_data' retrieved from /opt/airflow/dags/first_dag.py
[2025-03-15T10:42:13.623+0000] {logging_mixin.py:190} INFO - [2025-03-15T10:42:13.623+0000] {dag.py:3239} INFO - Sync 1 DAGs
[2025-03-15T10:42:13.720+0000] {logging_mixin.py:190} INFO - [2025-03-15T10:42:13.720+0000] {dag.py:4180} INFO - Setting next_dagrun for fetch_road_data to 2025-03-15 09:00:00+00:00, run_after=2025-03-15 10:00:00+00:00
[2025-03-15T10:42:13.823+0000] {processor.py:208} INFO - Processing /opt/airflow/dags/first_dag.py took 0.399 seconds
[2025-03-15T10:42:44.355+0000] {processor.py:186} INFO - Started process (PID=397) to work on /opt/airflow/dags/first_dag.py
[2025-03-15T10:42:44.357+0000] {processor.py:914} INFO - Processing file /opt/airflow/dags/first_dag.py for tasks to queue
[2025-03-15T10:42:44.360+0000] {logging_mixin.py:190} INFO - [2025-03-15T10:42:44.360+0000] {dagbag.py:588} INFO - Filling up the DagBag from /opt/airflow/dags/first_dag.py
[2025-03-15T10:42:44.436+0000] {processor.py:925} INFO - DAG(s) 'fetch_road_data' retrieved from /opt/airflow/dags/first_dag.py
[2025-03-15T10:42:44.607+0000] {logging_mixin.py:190} INFO - [2025-03-15T10:42:44.606+0000] {dag.py:3239} INFO - Sync 1 DAGs
[2025-03-15T10:42:44.703+0000] {logging_mixin.py:190} INFO - [2025-03-15T10:42:44.703+0000] {dag.py:4180} INFO - Setting next_dagrun for fetch_road_data to 2025-03-15 09:00:00+00:00, run_after=2025-03-15 10:00:00+00:00
[2025-03-15T10:42:44.801+0000] {processor.py:208} INFO - Processing /opt/airflow/dags/first_dag.py took 0.454 seconds
[2025-03-15T10:43:15.223+0000] {processor.py:186} INFO - Started process (PID=402) to work on /opt/airflow/dags/first_dag.py
[2025-03-15T10:43:15.226+0000] {processor.py:914} INFO - Processing file /opt/airflow/dags/first_dag.py for tasks to queue
[2025-03-15T10:43:15.230+0000] {logging_mixin.py:190} INFO - [2025-03-15T10:43:15.229+0000] {dagbag.py:588} INFO - Filling up the DagBag from /opt/airflow/dags/first_dag.py
[2025-03-15T10:43:15.297+0000] {processor.py:925} INFO - DAG(s) 'fetch_road_data' retrieved from /opt/airflow/dags/first_dag.py
[2025-03-15T10:43:15.484+0000] {logging_mixin.py:190} INFO - [2025-03-15T10:43:15.483+0000] {dag.py:3239} INFO - Sync 1 DAGs
[2025-03-15T10:43:15.604+0000] {logging_mixin.py:190} INFO - [2025-03-15T10:43:15.604+0000] {dag.py:4180} INFO - Setting next_dagrun for fetch_road_data to 2025-03-15 09:00:00+00:00, run_after=2025-03-15 10:00:00+00:00
[2025-03-15T10:43:15.705+0000] {processor.py:208} INFO - Processing /opt/airflow/dags/first_dag.py took 0.492 seconds
[2025-03-15T10:43:46.205+0000] {processor.py:186} INFO - Started process (PID=407) to work on /opt/airflow/dags/first_dag.py
[2025-03-15T10:43:46.208+0000] {processor.py:914} INFO - Processing file /opt/airflow/dags/first_dag.py for tasks to queue
[2025-03-15T10:43:46.211+0000] {logging_mixin.py:190} INFO - [2025-03-15T10:43:46.210+0000] {dagbag.py:588} INFO - Filling up the DagBag from /opt/airflow/dags/first_dag.py
[2025-03-15T10:43:46.259+0000] {processor.py:925} INFO - DAG(s) 'fetch_road_data' retrieved from /opt/airflow/dags/first_dag.py
[2025-03-15T10:43:46.414+0000] {logging_mixin.py:190} INFO - [2025-03-15T10:43:46.414+0000] {dag.py:3239} INFO - Sync 1 DAGs
[2025-03-15T10:43:46.504+0000] {logging_mixin.py:190} INFO - [2025-03-15T10:43:46.504+0000] {dag.py:4180} INFO - Setting next_dagrun for fetch_road_data to 2025-03-15 09:00:00+00:00, run_after=2025-03-15 10:00:00+00:00
[2025-03-15T10:43:46.604+0000] {processor.py:208} INFO - Processing /opt/airflow/dags/first_dag.py took 0.405 seconds
[2025-03-15T10:44:17.229+0000] {processor.py:186} INFO - Started process (PID=412) to work on /opt/airflow/dags/first_dag.py
[2025-03-15T10:44:17.231+0000] {processor.py:914} INFO - Processing file /opt/airflow/dags/first_dag.py for tasks to queue
[2025-03-15T10:44:17.235+0000] {logging_mixin.py:190} INFO - [2025-03-15T10:44:17.235+0000] {dagbag.py:588} INFO - Filling up the DagBag from /opt/airflow/dags/first_dag.py
[2025-03-15T10:44:17.300+0000] {processor.py:925} INFO - DAG(s) 'fetch_road_data' retrieved from /opt/airflow/dags/first_dag.py
[2025-03-15T10:44:17.436+0000] {logging_mixin.py:190} INFO - [2025-03-15T10:44:17.435+0000] {dag.py:3239} INFO - Sync 1 DAGs
[2025-03-15T10:44:17.543+0000] {logging_mixin.py:190} INFO - [2025-03-15T10:44:17.542+0000] {dag.py:4180} INFO - Setting next_dagrun for fetch_road_data to 2025-03-15 09:00:00+00:00, run_after=2025-03-15 10:00:00+00:00
[2025-03-15T10:44:17.619+0000] {processor.py:208} INFO - Processing /opt/airflow/dags/first_dag.py took 0.396 seconds
[2025-03-15T10:44:48.185+0000] {processor.py:186} INFO - Started process (PID=417) to work on /opt/airflow/dags/first_dag.py
[2025-03-15T10:44:48.187+0000] {processor.py:914} INFO - Processing file /opt/airflow/dags/first_dag.py for tasks to queue
[2025-03-15T10:44:48.191+0000] {logging_mixin.py:190} INFO - [2025-03-15T10:44:48.190+0000] {dagbag.py:588} INFO - Filling up the DagBag from /opt/airflow/dags/first_dag.py
[2025-03-15T10:44:48.268+0000] {processor.py:925} INFO - DAG(s) 'fetch_road_data' retrieved from /opt/airflow/dags/first_dag.py
[2025-03-15T10:44:48.460+0000] {logging_mixin.py:190} INFO - [2025-03-15T10:44:48.460+0000] {dag.py:3239} INFO - Sync 1 DAGs
[2025-03-15T10:44:48.580+0000] {logging_mixin.py:190} INFO - [2025-03-15T10:44:48.580+0000] {dag.py:4180} INFO - Setting next_dagrun for fetch_road_data to 2025-03-15 09:00:00+00:00, run_after=2025-03-15 10:00:00+00:00
[2025-03-15T10:44:48.689+0000] {processor.py:208} INFO - Processing /opt/airflow/dags/first_dag.py took 0.511 seconds
[2025-03-15T10:45:19.108+0000] {processor.py:186} INFO - Started process (PID=422) to work on /opt/airflow/dags/first_dag.py
[2025-03-15T10:45:19.110+0000] {processor.py:914} INFO - Processing file /opt/airflow/dags/first_dag.py for tasks to queue
[2025-03-15T10:45:19.114+0000] {logging_mixin.py:190} INFO - [2025-03-15T10:45:19.113+0000] {dagbag.py:588} INFO - Filling up the DagBag from /opt/airflow/dags/first_dag.py
[2025-03-15T10:45:19.203+0000] {processor.py:925} INFO - DAG(s) 'fetch_road_data' retrieved from /opt/airflow/dags/first_dag.py
[2025-03-15T10:45:19.376+0000] {logging_mixin.py:190} INFO - [2025-03-15T10:45:19.376+0000] {dag.py:3239} INFO - Sync 1 DAGs
[2025-03-15T10:45:19.493+0000] {logging_mixin.py:190} INFO - [2025-03-15T10:45:19.493+0000] {dag.py:4180} INFO - Setting next_dagrun for fetch_road_data to 2025-03-15 09:00:00+00:00, run_after=2025-03-15 10:00:00+00:00
[2025-03-15T10:45:19.591+0000] {processor.py:208} INFO - Processing /opt/airflow/dags/first_dag.py took 0.492 seconds
[2025-03-15T10:45:50.172+0000] {processor.py:186} INFO - Started process (PID=427) to work on /opt/airflow/dags/first_dag.py
[2025-03-15T10:45:50.174+0000] {processor.py:914} INFO - Processing file /opt/airflow/dags/first_dag.py for tasks to queue
[2025-03-15T10:45:50.178+0000] {logging_mixin.py:190} INFO - [2025-03-15T10:45:50.178+0000] {dagbag.py:588} INFO - Filling up the DagBag from /opt/airflow/dags/first_dag.py
[2025-03-15T10:45:50.274+0000] {processor.py:925} INFO - DAG(s) 'fetch_road_data' retrieved from /opt/airflow/dags/first_dag.py
[2025-03-15T10:45:50.446+0000] {logging_mixin.py:190} INFO - [2025-03-15T10:45:50.445+0000] {dag.py:3239} INFO - Sync 1 DAGs
[2025-03-15T10:45:50.544+0000] {logging_mixin.py:190} INFO - [2025-03-15T10:45:50.544+0000] {dag.py:4180} INFO - Setting next_dagrun for fetch_road_data to 2025-03-15 09:00:00+00:00, run_after=2025-03-15 10:00:00+00:00
[2025-03-15T10:45:50.641+0000] {processor.py:208} INFO - Processing /opt/airflow/dags/first_dag.py took 0.479 seconds
[2025-03-15T10:46:21.039+0000] {processor.py:186} INFO - Started process (PID=432) to work on /opt/airflow/dags/first_dag.py
[2025-03-15T10:46:21.041+0000] {processor.py:914} INFO - Processing file /opt/airflow/dags/first_dag.py for tasks to queue
[2025-03-15T10:46:21.047+0000] {logging_mixin.py:190} INFO - [2025-03-15T10:46:21.047+0000] {dagbag.py:588} INFO - Filling up the DagBag from /opt/airflow/dags/first_dag.py
[2025-03-15T10:46:21.121+0000] {processor.py:925} INFO - DAG(s) 'fetch_road_data' retrieved from /opt/airflow/dags/first_dag.py
[2025-03-15T10:46:21.276+0000] {logging_mixin.py:190} INFO - [2025-03-15T10:46:21.275+0000] {dag.py:3239} INFO - Sync 1 DAGs
[2025-03-15T10:46:21.394+0000] {logging_mixin.py:190} INFO - [2025-03-15T10:46:21.393+0000] {dag.py:4180} INFO - Setting next_dagrun for fetch_road_data to 2025-03-15 09:00:00+00:00, run_after=2025-03-15 10:00:00+00:00
[2025-03-15T10:46:21.486+0000] {processor.py:208} INFO - Processing /opt/airflow/dags/first_dag.py took 0.456 seconds
[2025-03-15T10:46:51.695+0000] {processor.py:186} INFO - Started process (PID=437) to work on /opt/airflow/dags/first_dag.py
[2025-03-15T10:46:51.697+0000] {processor.py:914} INFO - Processing file /opt/airflow/dags/first_dag.py for tasks to queue
[2025-03-15T10:46:51.701+0000] {logging_mixin.py:190} INFO - [2025-03-15T10:46:51.700+0000] {dagbag.py:588} INFO - Filling up the DagBag from /opt/airflow/dags/first_dag.py
[2025-03-15T10:46:51.777+0000] {processor.py:925} INFO - DAG(s) 'fetch_road_data' retrieved from /opt/airflow/dags/first_dag.py
[2025-03-15T10:46:51.941+0000] {logging_mixin.py:190} INFO - [2025-03-15T10:46:51.941+0000] {dag.py:3239} INFO - Sync 1 DAGs
[2025-03-15T10:46:52.039+0000] {logging_mixin.py:190} INFO - [2025-03-15T10:46:52.038+0000] {dag.py:4180} INFO - Setting next_dagrun for fetch_road_data to 2025-03-15 09:00:00+00:00, run_after=2025-03-15 10:00:00+00:00
[2025-03-15T10:46:52.135+0000] {processor.py:208} INFO - Processing /opt/airflow/dags/first_dag.py took 0.448 seconds
[2025-03-15T10:47:22.514+0000] {processor.py:186} INFO - Started process (PID=442) to work on /opt/airflow/dags/first_dag.py
[2025-03-15T10:47:22.520+0000] {processor.py:914} INFO - Processing file /opt/airflow/dags/first_dag.py for tasks to queue
[2025-03-15T10:47:22.525+0000] {logging_mixin.py:190} INFO - [2025-03-15T10:47:22.524+0000] {dagbag.py:588} INFO - Filling up the DagBag from /opt/airflow/dags/first_dag.py
[2025-03-15T10:47:22.585+0000] {processor.py:925} INFO - DAG(s) 'fetch_road_data' retrieved from /opt/airflow/dags/first_dag.py
[2025-03-15T10:47:22.754+0000] {logging_mixin.py:190} INFO - [2025-03-15T10:47:22.754+0000] {dag.py:3239} INFO - Sync 1 DAGs
[2025-03-15T10:47:22.870+0000] {logging_mixin.py:190} INFO - [2025-03-15T10:47:22.870+0000] {dag.py:4180} INFO - Setting next_dagrun for fetch_road_data to 2025-03-15 09:00:00+00:00, run_after=2025-03-15 10:00:00+00:00
[2025-03-15T10:47:22.966+0000] {processor.py:208} INFO - Processing /opt/airflow/dags/first_dag.py took 0.462 seconds
[2025-03-15T10:47:53.179+0000] {processor.py:186} INFO - Started process (PID=447) to work on /opt/airflow/dags/first_dag.py
[2025-03-15T10:47:53.182+0000] {processor.py:914} INFO - Processing file /opt/airflow/dags/first_dag.py for tasks to queue
[2025-03-15T10:47:53.185+0000] {logging_mixin.py:190} INFO - [2025-03-15T10:47:53.185+0000] {dagbag.py:588} INFO - Filling up the DagBag from /opt/airflow/dags/first_dag.py
[2025-03-15T10:47:53.254+0000] {processor.py:925} INFO - DAG(s) 'fetch_road_data' retrieved from /opt/airflow/dags/first_dag.py
[2025-03-15T10:47:53.431+0000] {logging_mixin.py:190} INFO - [2025-03-15T10:47:53.431+0000] {dag.py:3239} INFO - Sync 1 DAGs
[2025-03-15T10:47:53.531+0000] {logging_mixin.py:190} INFO - [2025-03-15T10:47:53.531+0000] {dag.py:4180} INFO - Setting next_dagrun for fetch_road_data to 2025-03-15 09:00:00+00:00, run_after=2025-03-15 10:00:00+00:00
[2025-03-15T10:47:53.616+0000] {processor.py:208} INFO - Processing /opt/airflow/dags/first_dag.py took 0.449 seconds
[2025-03-15T10:48:23.986+0000] {processor.py:186} INFO - Started process (PID=452) to work on /opt/airflow/dags/first_dag.py
[2025-03-15T10:48:23.987+0000] {processor.py:914} INFO - Processing file /opt/airflow/dags/first_dag.py for tasks to queue
[2025-03-15T10:48:23.992+0000] {logging_mixin.py:190} INFO - [2025-03-15T10:48:23.991+0000] {dagbag.py:588} INFO - Filling up the DagBag from /opt/airflow/dags/first_dag.py
[2025-03-15T10:48:24.059+0000] {processor.py:925} INFO - DAG(s) 'fetch_road_data' retrieved from /opt/airflow/dags/first_dag.py
[2025-03-15T10:48:24.210+0000] {logging_mixin.py:190} INFO - [2025-03-15T10:48:24.209+0000] {dag.py:3239} INFO - Sync 1 DAGs
[2025-03-15T10:48:24.316+0000] {logging_mixin.py:190} INFO - [2025-03-15T10:48:24.315+0000] {dag.py:4180} INFO - Setting next_dagrun for fetch_road_data to 2025-03-15 09:00:00+00:00, run_after=2025-03-15 10:00:00+00:00
[2025-03-15T10:48:24.414+0000] {processor.py:208} INFO - Processing /opt/airflow/dags/first_dag.py took 0.436 seconds
[2025-03-15T10:48:54.661+0000] {processor.py:186} INFO - Started process (PID=457) to work on /opt/airflow/dags/first_dag.py
[2025-03-15T10:48:54.663+0000] {processor.py:914} INFO - Processing file /opt/airflow/dags/first_dag.py for tasks to queue
[2025-03-15T10:48:54.673+0000] {logging_mixin.py:190} INFO - [2025-03-15T10:48:54.666+0000] {dagbag.py:588} INFO - Filling up the DagBag from /opt/airflow/dags/first_dag.py
[2025-03-15T10:48:54.764+0000] {processor.py:925} INFO - DAG(s) 'fetch_road_data' retrieved from /opt/airflow/dags/first_dag.py
[2025-03-15T10:48:54.931+0000] {logging_mixin.py:190} INFO - [2025-03-15T10:48:54.931+0000] {dag.py:3239} INFO - Sync 1 DAGs
[2025-03-15T10:48:55.032+0000] {logging_mixin.py:190} INFO - [2025-03-15T10:48:55.032+0000] {dag.py:4180} INFO - Setting next_dagrun for fetch_road_data to 2025-03-15 09:00:00+00:00, run_after=2025-03-15 10:00:00+00:00
[2025-03-15T10:48:55.120+0000] {processor.py:208} INFO - Processing /opt/airflow/dags/first_dag.py took 0.466 seconds
[2025-03-15T10:49:25.801+0000] {processor.py:186} INFO - Started process (PID=462) to work on /opt/airflow/dags/first_dag.py
[2025-03-15T10:49:25.803+0000] {processor.py:914} INFO - Processing file /opt/airflow/dags/first_dag.py for tasks to queue
[2025-03-15T10:49:25.811+0000] {logging_mixin.py:190} INFO - [2025-03-15T10:49:25.810+0000] {dagbag.py:588} INFO - Filling up the DagBag from /opt/airflow/dags/first_dag.py
[2025-03-15T10:49:25.912+0000] {processor.py:925} INFO - DAG(s) 'fetch_road_data' retrieved from /opt/airflow/dags/first_dag.py
[2025-03-15T10:49:26.083+0000] {logging_mixin.py:190} INFO - [2025-03-15T10:49:26.082+0000] {dag.py:3239} INFO - Sync 1 DAGs
[2025-03-15T10:49:26.197+0000] {logging_mixin.py:190} INFO - [2025-03-15T10:49:26.197+0000] {dag.py:4180} INFO - Setting next_dagrun for fetch_road_data to 2025-03-15 09:00:00+00:00, run_after=2025-03-15 10:00:00+00:00
[2025-03-15T10:49:26.301+0000] {processor.py:208} INFO - Processing /opt/airflow/dags/first_dag.py took 0.512 seconds
[2025-03-15T10:49:56.941+0000] {processor.py:186} INFO - Started process (PID=467) to work on /opt/airflow/dags/first_dag.py
[2025-03-15T10:49:56.943+0000] {processor.py:914} INFO - Processing file /opt/airflow/dags/first_dag.py for tasks to queue
[2025-03-15T10:49:56.947+0000] {logging_mixin.py:190} INFO - [2025-03-15T10:49:56.947+0000] {dagbag.py:588} INFO - Filling up the DagBag from /opt/airflow/dags/first_dag.py
[2025-03-15T10:49:57.032+0000] {processor.py:925} INFO - DAG(s) 'fetch_road_data' retrieved from /opt/airflow/dags/first_dag.py
[2025-03-15T10:49:57.221+0000] {logging_mixin.py:190} INFO - [2025-03-15T10:49:57.221+0000] {dag.py:3239} INFO - Sync 1 DAGs
[2025-03-15T10:49:57.321+0000] {logging_mixin.py:190} INFO - [2025-03-15T10:49:57.320+0000] {dag.py:4180} INFO - Setting next_dagrun for fetch_road_data to 2025-03-15 09:00:00+00:00, run_after=2025-03-15 10:00:00+00:00
[2025-03-15T10:49:57.411+0000] {processor.py:208} INFO - Processing /opt/airflow/dags/first_dag.py took 0.478 seconds
[2025-03-15T10:50:27.677+0000] {processor.py:186} INFO - Started process (PID=472) to work on /opt/airflow/dags/first_dag.py
[2025-03-15T10:50:27.679+0000] {processor.py:914} INFO - Processing file /opt/airflow/dags/first_dag.py for tasks to queue
[2025-03-15T10:50:27.682+0000] {logging_mixin.py:190} INFO - [2025-03-15T10:50:27.682+0000] {dagbag.py:588} INFO - Filling up the DagBag from /opt/airflow/dags/first_dag.py
[2025-03-15T10:50:27.757+0000] {processor.py:925} INFO - DAG(s) 'fetch_road_data' retrieved from /opt/airflow/dags/first_dag.py
[2025-03-15T10:50:27.948+0000] {logging_mixin.py:190} INFO - [2025-03-15T10:50:27.948+0000] {dag.py:3239} INFO - Sync 1 DAGs
[2025-03-15T10:50:28.075+0000] {logging_mixin.py:190} INFO - [2025-03-15T10:50:28.075+0000] {dag.py:4180} INFO - Setting next_dagrun for fetch_road_data to 2025-03-15 09:00:00+00:00, run_after=2025-03-15 10:00:00+00:00
[2025-03-15T10:50:28.187+0000] {processor.py:208} INFO - Processing /opt/airflow/dags/first_dag.py took 0.520 seconds
[2025-03-15T10:50:58.448+0000] {processor.py:186} INFO - Started process (PID=477) to work on /opt/airflow/dags/first_dag.py
[2025-03-15T10:50:58.450+0000] {processor.py:914} INFO - Processing file /opt/airflow/dags/first_dag.py for tasks to queue
[2025-03-15T10:50:58.454+0000] {logging_mixin.py:190} INFO - [2025-03-15T10:50:58.454+0000] {dagbag.py:588} INFO - Filling up the DagBag from /opt/airflow/dags/first_dag.py
[2025-03-15T10:50:58.538+0000] {processor.py:925} INFO - DAG(s) 'fetch_road_data' retrieved from /opt/airflow/dags/first_dag.py
[2025-03-15T10:50:58.707+0000] {logging_mixin.py:190} INFO - [2025-03-15T10:50:58.706+0000] {dag.py:3239} INFO - Sync 1 DAGs
[2025-03-15T10:50:58.805+0000] {logging_mixin.py:190} INFO - [2025-03-15T10:50:58.805+0000] {dag.py:4180} INFO - Setting next_dagrun for fetch_road_data to 2025-03-15 09:00:00+00:00, run_after=2025-03-15 10:00:00+00:00
[2025-03-15T10:50:58.909+0000] {processor.py:208} INFO - Processing /opt/airflow/dags/first_dag.py took 0.467 seconds
[2025-03-15T10:51:29.251+0000] {processor.py:186} INFO - Started process (PID=482) to work on /opt/airflow/dags/first_dag.py
[2025-03-15T10:51:29.253+0000] {processor.py:914} INFO - Processing file /opt/airflow/dags/first_dag.py for tasks to queue
[2025-03-15T10:51:29.257+0000] {logging_mixin.py:190} INFO - [2025-03-15T10:51:29.256+0000] {dagbag.py:588} INFO - Filling up the DagBag from /opt/airflow/dags/first_dag.py
[2025-03-15T10:51:29.339+0000] {processor.py:925} INFO - DAG(s) 'fetch_road_data' retrieved from /opt/airflow/dags/first_dag.py
[2025-03-15T10:51:29.512+0000] {logging_mixin.py:190} INFO - [2025-03-15T10:51:29.511+0000] {dag.py:3239} INFO - Sync 1 DAGs
[2025-03-15T10:51:29.620+0000] {logging_mixin.py:190} INFO - [2025-03-15T10:51:29.620+0000] {dag.py:4180} INFO - Setting next_dagrun for fetch_road_data to 2025-03-15 09:00:00+00:00, run_after=2025-03-15 10:00:00+00:00
[2025-03-15T10:51:29.705+0000] {processor.py:208} INFO - Processing /opt/airflow/dags/first_dag.py took 0.461 seconds
[2025-03-15T10:51:59.989+0000] {processor.py:186} INFO - Started process (PID=487) to work on /opt/airflow/dags/first_dag.py
[2025-03-15T10:51:59.991+0000] {processor.py:914} INFO - Processing file /opt/airflow/dags/first_dag.py for tasks to queue
[2025-03-15T10:51:59.994+0000] {logging_mixin.py:190} INFO - [2025-03-15T10:51:59.994+0000] {dagbag.py:588} INFO - Filling up the DagBag from /opt/airflow/dags/first_dag.py
[2025-03-15T10:52:00.076+0000] {processor.py:925} INFO - DAG(s) 'fetch_road_data' retrieved from /opt/airflow/dags/first_dag.py
[2025-03-15T10:52:00.252+0000] {logging_mixin.py:190} INFO - [2025-03-15T10:52:00.252+0000] {dag.py:3239} INFO - Sync 1 DAGs
[2025-03-15T10:52:00.363+0000] {logging_mixin.py:190} INFO - [2025-03-15T10:52:00.362+0000] {dag.py:4180} INFO - Setting next_dagrun for fetch_road_data to 2025-03-15 09:00:00+00:00, run_after=2025-03-15 10:00:00+00:00
[2025-03-15T10:52:00.447+0000] {processor.py:208} INFO - Processing /opt/airflow/dags/first_dag.py took 0.468 seconds
[2025-03-15T10:52:30.760+0000] {processor.py:186} INFO - Started process (PID=492) to work on /opt/airflow/dags/first_dag.py
[2025-03-15T10:52:30.763+0000] {processor.py:914} INFO - Processing file /opt/airflow/dags/first_dag.py for tasks to queue
[2025-03-15T10:52:30.766+0000] {logging_mixin.py:190} INFO - [2025-03-15T10:52:30.766+0000] {dagbag.py:588} INFO - Filling up the DagBag from /opt/airflow/dags/first_dag.py
[2025-03-15T10:52:30.849+0000] {processor.py:925} INFO - DAG(s) 'fetch_road_data' retrieved from /opt/airflow/dags/first_dag.py
[2025-03-15T10:52:31.026+0000] {logging_mixin.py:190} INFO - [2025-03-15T10:52:31.025+0000] {dag.py:3239} INFO - Sync 1 DAGs
[2025-03-15T10:52:31.125+0000] {logging_mixin.py:190} INFO - [2025-03-15T10:52:31.125+0000] {dag.py:4180} INFO - Setting next_dagrun for fetch_road_data to 2025-03-15 09:00:00+00:00, run_after=2025-03-15 10:00:00+00:00
[2025-03-15T10:52:31.216+0000] {processor.py:208} INFO - Processing /opt/airflow/dags/first_dag.py took 0.464 seconds
[2025-03-15T10:53:01.435+0000] {processor.py:186} INFO - Started process (PID=497) to work on /opt/airflow/dags/first_dag.py
[2025-03-15T10:53:01.437+0000] {processor.py:914} INFO - Processing file /opt/airflow/dags/first_dag.py for tasks to queue
[2025-03-15T10:53:01.441+0000] {logging_mixin.py:190} INFO - [2025-03-15T10:53:01.440+0000] {dagbag.py:588} INFO - Filling up the DagBag from /opt/airflow/dags/first_dag.py
[2025-03-15T10:53:01.521+0000] {processor.py:925} INFO - DAG(s) 'fetch_road_data' retrieved from /opt/airflow/dags/first_dag.py
[2025-03-15T10:53:01.695+0000] {logging_mixin.py:190} INFO - [2025-03-15T10:53:01.694+0000] {dag.py:3239} INFO - Sync 1 DAGs
[2025-03-15T10:53:01.794+0000] {logging_mixin.py:190} INFO - [2025-03-15T10:53:01.794+0000] {dag.py:4180} INFO - Setting next_dagrun for fetch_road_data to 2025-03-15 09:00:00+00:00, run_after=2025-03-15 10:00:00+00:00
[2025-03-15T10:53:01.898+0000] {processor.py:208} INFO - Processing /opt/airflow/dags/first_dag.py took 0.470 seconds
[2025-03-15T10:53:32.262+0000] {processor.py:186} INFO - Started process (PID=502) to work on /opt/airflow/dags/first_dag.py
[2025-03-15T10:53:32.264+0000] {processor.py:914} INFO - Processing file /opt/airflow/dags/first_dag.py for tasks to queue
[2025-03-15T10:53:32.267+0000] {logging_mixin.py:190} INFO - [2025-03-15T10:53:32.266+0000] {dagbag.py:588} INFO - Filling up the DagBag from /opt/airflow/dags/first_dag.py
[2025-03-15T10:53:32.341+0000] {processor.py:925} INFO - DAG(s) 'fetch_road_data' retrieved from /opt/airflow/dags/first_dag.py
[2025-03-15T10:53:32.535+0000] {logging_mixin.py:190} INFO - [2025-03-15T10:53:32.535+0000] {dag.py:3239} INFO - Sync 1 DAGs
[2025-03-15T10:53:32.630+0000] {logging_mixin.py:190} INFO - [2025-03-15T10:53:32.630+0000] {dag.py:4180} INFO - Setting next_dagrun for fetch_road_data to 2025-03-15 09:00:00+00:00, run_after=2025-03-15 10:00:00+00:00
[2025-03-15T10:53:32.731+0000] {processor.py:208} INFO - Processing /opt/airflow/dags/first_dag.py took 0.476 seconds
[2025-03-15T10:54:02.948+0000] {processor.py:186} INFO - Started process (PID=507) to work on /opt/airflow/dags/first_dag.py
[2025-03-15T10:54:02.950+0000] {processor.py:914} INFO - Processing file /opt/airflow/dags/first_dag.py for tasks to queue
[2025-03-15T10:54:02.954+0000] {logging_mixin.py:190} INFO - [2025-03-15T10:54:02.953+0000] {dagbag.py:588} INFO - Filling up the DagBag from /opt/airflow/dags/first_dag.py
[2025-03-15T10:54:03.029+0000] {processor.py:925} INFO - DAG(s) 'fetch_road_data' retrieved from /opt/airflow/dags/first_dag.py
[2025-03-15T10:54:03.202+0000] {logging_mixin.py:190} INFO - [2025-03-15T10:54:03.202+0000] {dag.py:3239} INFO - Sync 1 DAGs
[2025-03-15T10:54:03.321+0000] {logging_mixin.py:190} INFO - [2025-03-15T10:54:03.321+0000] {dag.py:4180} INFO - Setting next_dagrun for fetch_road_data to 2025-03-15 09:00:00+00:00, run_after=2025-03-15 10:00:00+00:00
[2025-03-15T10:54:03.403+0000] {processor.py:208} INFO - Processing /opt/airflow/dags/first_dag.py took 0.462 seconds
[2025-03-15T10:54:33.870+0000] {processor.py:186} INFO - Started process (PID=512) to work on /opt/airflow/dags/first_dag.py
[2025-03-15T10:54:33.872+0000] {processor.py:914} INFO - Processing file /opt/airflow/dags/first_dag.py for tasks to queue
[2025-03-15T10:54:33.875+0000] {logging_mixin.py:190} INFO - [2025-03-15T10:54:33.875+0000] {dagbag.py:588} INFO - Filling up the DagBag from /opt/airflow/dags/first_dag.py
[2025-03-15T10:54:33.946+0000] {processor.py:925} INFO - DAG(s) 'fetch_road_data' retrieved from /opt/airflow/dags/first_dag.py
[2025-03-15T10:54:34.086+0000] {logging_mixin.py:190} INFO - [2025-03-15T10:54:34.085+0000] {dag.py:3239} INFO - Sync 1 DAGs
[2025-03-15T10:54:34.195+0000] {logging_mixin.py:190} INFO - [2025-03-15T10:54:34.195+0000] {dag.py:4180} INFO - Setting next_dagrun for fetch_road_data to 2025-03-15 09:00:00+00:00, run_after=2025-03-15 10:00:00+00:00
[2025-03-15T10:54:34.293+0000] {processor.py:208} INFO - Processing /opt/airflow/dags/first_dag.py took 0.430 seconds
[2025-03-15T10:55:04.901+0000] {processor.py:186} INFO - Started process (PID=517) to work on /opt/airflow/dags/first_dag.py
[2025-03-15T10:55:04.903+0000] {processor.py:914} INFO - Processing file /opt/airflow/dags/first_dag.py for tasks to queue
[2025-03-15T10:55:04.905+0000] {logging_mixin.py:190} INFO - [2025-03-15T10:55:04.905+0000] {dagbag.py:588} INFO - Filling up the DagBag from /opt/airflow/dags/first_dag.py
[2025-03-15T10:55:04.986+0000] {processor.py:925} INFO - DAG(s) 'fetch_road_data' retrieved from /opt/airflow/dags/first_dag.py
[2025-03-15T10:55:05.152+0000] {logging_mixin.py:190} INFO - [2025-03-15T10:55:05.152+0000] {dag.py:3239} INFO - Sync 1 DAGs
[2025-03-15T10:55:05.252+0000] {logging_mixin.py:190} INFO - [2025-03-15T10:55:05.252+0000] {dag.py:4180} INFO - Setting next_dagrun for fetch_road_data to 2025-03-15 09:00:00+00:00, run_after=2025-03-15 10:00:00+00:00
[2025-03-15T10:55:05.330+0000] {processor.py:208} INFO - Processing /opt/airflow/dags/first_dag.py took 0.437 seconds
[2025-03-15T10:55:35.911+0000] {processor.py:186} INFO - Started process (PID=522) to work on /opt/airflow/dags/first_dag.py
[2025-03-15T10:55:35.913+0000] {processor.py:914} INFO - Processing file /opt/airflow/dags/first_dag.py for tasks to queue
[2025-03-15T10:55:35.916+0000] {logging_mixin.py:190} INFO - [2025-03-15T10:55:35.915+0000] {dagbag.py:588} INFO - Filling up the DagBag from /opt/airflow/dags/first_dag.py
[2025-03-15T10:55:35.996+0000] {processor.py:925} INFO - DAG(s) 'fetch_road_data' retrieved from /opt/airflow/dags/first_dag.py
[2025-03-15T10:55:36.181+0000] {logging_mixin.py:190} INFO - [2025-03-15T10:55:36.180+0000] {dag.py:3239} INFO - Sync 1 DAGs
[2025-03-15T10:55:36.285+0000] {logging_mixin.py:190} INFO - [2025-03-15T10:55:36.284+0000] {dag.py:4180} INFO - Setting next_dagrun for fetch_road_data to 2025-03-15 09:00:00+00:00, run_after=2025-03-15 10:00:00+00:00
[2025-03-15T10:55:36.372+0000] {processor.py:208} INFO - Processing /opt/airflow/dags/first_dag.py took 0.469 seconds
[2025-03-15T10:56:06.943+0000] {processor.py:186} INFO - Started process (PID=527) to work on /opt/airflow/dags/first_dag.py
[2025-03-15T10:56:06.946+0000] {processor.py:914} INFO - Processing file /opt/airflow/dags/first_dag.py for tasks to queue
[2025-03-15T10:56:06.950+0000] {logging_mixin.py:190} INFO - [2025-03-15T10:56:06.949+0000] {dagbag.py:588} INFO - Filling up the DagBag from /opt/airflow/dags/first_dag.py
[2025-03-15T10:56:07.032+0000] {processor.py:925} INFO - DAG(s) 'fetch_road_data' retrieved from /opt/airflow/dags/first_dag.py
[2025-03-15T10:56:07.208+0000] {logging_mixin.py:190} INFO - [2025-03-15T10:56:07.208+0000] {dag.py:3239} INFO - Sync 1 DAGs
[2025-03-15T10:56:07.314+0000] {logging_mixin.py:190} INFO - [2025-03-15T10:56:07.314+0000] {dag.py:4180} INFO - Setting next_dagrun for fetch_road_data to 2025-03-15 09:00:00+00:00, run_after=2025-03-15 10:00:00+00:00
[2025-03-15T10:56:07.419+0000] {processor.py:208} INFO - Processing /opt/airflow/dags/first_dag.py took 0.482 seconds
[2025-03-15T10:56:37.616+0000] {processor.py:186} INFO - Started process (PID=532) to work on /opt/airflow/dags/first_dag.py
[2025-03-15T10:56:37.618+0000] {processor.py:914} INFO - Processing file /opt/airflow/dags/first_dag.py for tasks to queue
[2025-03-15T10:56:37.623+0000] {logging_mixin.py:190} INFO - [2025-03-15T10:56:37.622+0000] {dagbag.py:588} INFO - Filling up the DagBag from /opt/airflow/dags/first_dag.py
[2025-03-15T10:56:37.700+0000] {processor.py:925} INFO - DAG(s) 'fetch_road_data' retrieved from /opt/airflow/dags/first_dag.py
[2025-03-15T10:56:37.879+0000] {logging_mixin.py:190} INFO - [2025-03-15T10:56:37.879+0000] {dag.py:3239} INFO - Sync 1 DAGs
[2025-03-15T10:56:37.980+0000] {logging_mixin.py:190} INFO - [2025-03-15T10:56:37.980+0000] {dag.py:4180} INFO - Setting next_dagrun for fetch_road_data to 2025-03-15 09:00:00+00:00, run_after=2025-03-15 10:00:00+00:00
[2025-03-15T10:56:38.084+0000] {processor.py:208} INFO - Processing /opt/airflow/dags/first_dag.py took 0.473 seconds
[2025-03-15T10:57:08.415+0000] {processor.py:186} INFO - Started process (PID=537) to work on /opt/airflow/dags/first_dag.py
[2025-03-15T10:57:08.417+0000] {processor.py:914} INFO - Processing file /opt/airflow/dags/first_dag.py for tasks to queue
[2025-03-15T10:57:08.421+0000] {logging_mixin.py:190} INFO - [2025-03-15T10:57:08.421+0000] {dagbag.py:588} INFO - Filling up the DagBag from /opt/airflow/dags/first_dag.py
[2025-03-15T10:57:08.529+0000] {processor.py:925} INFO - DAG(s) 'fetch_road_data' retrieved from /opt/airflow/dags/first_dag.py
[2025-03-15T10:57:08.704+0000] {logging_mixin.py:190} INFO - [2025-03-15T10:57:08.704+0000] {dag.py:3239} INFO - Sync 1 DAGs
[2025-03-15T10:57:09.109+0000] {logging_mixin.py:190} INFO - [2025-03-15T10:57:09.100+0000] {dag.py:4180} INFO - Setting next_dagrun for fetch_road_data to 2025-03-15 09:00:00+00:00, run_after=2025-03-15 10:00:00+00:00
[2025-03-15T10:57:09.618+0000] {processor.py:208} INFO - Processing /opt/airflow/dags/first_dag.py took 1.212 seconds
[2025-03-15T10:57:40.364+0000] {processor.py:186} INFO - Started process (PID=542) to work on /opt/airflow/dags/first_dag.py
[2025-03-15T10:57:40.366+0000] {processor.py:914} INFO - Processing file /opt/airflow/dags/first_dag.py for tasks to queue
[2025-03-15T10:57:40.371+0000] {logging_mixin.py:190} INFO - [2025-03-15T10:57:40.370+0000] {dagbag.py:588} INFO - Filling up the DagBag from /opt/airflow/dags/first_dag.py
[2025-03-15T10:57:40.451+0000] {processor.py:925} INFO - DAG(s) 'fetch_road_data' retrieved from /opt/airflow/dags/first_dag.py
[2025-03-15T10:57:40.581+0000] {logging_mixin.py:190} INFO - [2025-03-15T10:57:40.580+0000] {dag.py:3239} INFO - Sync 1 DAGs
[2025-03-15T10:57:40.678+0000] {logging_mixin.py:190} INFO - [2025-03-15T10:57:40.678+0000] {dag.py:4180} INFO - Setting next_dagrun for fetch_road_data to 2025-03-15 09:00:00+00:00, run_after=2025-03-15 10:00:00+00:00
[2025-03-15T10:57:40.772+0000] {processor.py:208} INFO - Processing /opt/airflow/dags/first_dag.py took 0.415 seconds
[2025-03-15T10:58:11.514+0000] {processor.py:186} INFO - Started process (PID=547) to work on /opt/airflow/dags/first_dag.py
[2025-03-15T10:58:11.516+0000] {processor.py:914} INFO - Processing file /opt/airflow/dags/first_dag.py for tasks to queue
[2025-03-15T10:58:11.519+0000] {logging_mixin.py:190} INFO - [2025-03-15T10:58:11.518+0000] {dagbag.py:588} INFO - Filling up the DagBag from /opt/airflow/dags/first_dag.py
[2025-03-15T10:58:11.603+0000] {processor.py:925} INFO - DAG(s) 'fetch_road_data' retrieved from /opt/airflow/dags/first_dag.py
[2025-03-15T10:58:11.788+0000] {logging_mixin.py:190} INFO - [2025-03-15T10:58:11.788+0000] {dag.py:3239} INFO - Sync 1 DAGs
[2025-03-15T10:58:11.887+0000] {logging_mixin.py:190} INFO - [2025-03-15T10:58:11.887+0000] {dag.py:4180} INFO - Setting next_dagrun for fetch_road_data to 2025-03-15 09:00:00+00:00, run_after=2025-03-15 10:00:00+00:00
[2025-03-15T10:58:11.988+0000] {processor.py:208} INFO - Processing /opt/airflow/dags/first_dag.py took 0.483 seconds
[2025-03-15T10:58:43.265+0000] {processor.py:186} INFO - Started process (PID=552) to work on /opt/airflow/dags/first_dag.py
[2025-03-15T10:58:43.272+0000] {processor.py:914} INFO - Processing file /opt/airflow/dags/first_dag.py for tasks to queue
[2025-03-15T10:58:43.293+0000] {logging_mixin.py:190} INFO - [2025-03-15T10:58:43.287+0000] {dagbag.py:588} INFO - Filling up the DagBag from /opt/airflow/dags/first_dag.py
[2025-03-15T10:58:43.702+0000] {processor.py:925} INFO - DAG(s) 'fetch_road_data' retrieved from /opt/airflow/dags/first_dag.py
[2025-03-15T10:58:44.502+0000] {logging_mixin.py:190} INFO - [2025-03-15T10:58:44.501+0000] {dag.py:3239} INFO - Sync 1 DAGs
[2025-03-15T10:58:44.631+0000] {logging_mixin.py:190} INFO - [2025-03-15T10:58:44.631+0000] {dag.py:4180} INFO - Setting next_dagrun for fetch_road_data to 2025-03-15 09:00:00+00:00, run_after=2025-03-15 10:00:00+00:00
[2025-03-15T10:58:44.742+0000] {processor.py:208} INFO - Processing /opt/airflow/dags/first_dag.py took 1.547 seconds
[2025-03-15T10:59:15.602+0000] {processor.py:186} INFO - Started process (PID=557) to work on /opt/airflow/dags/first_dag.py
[2025-03-15T10:59:15.604+0000] {processor.py:914} INFO - Processing file /opt/airflow/dags/first_dag.py for tasks to queue
[2025-03-15T10:59:15.609+0000] {logging_mixin.py:190} INFO - [2025-03-15T10:59:15.608+0000] {dagbag.py:588} INFO - Filling up the DagBag from /opt/airflow/dags/first_dag.py
[2025-03-15T10:59:15.670+0000] {processor.py:925} INFO - DAG(s) 'fetch_road_data' retrieved from /opt/airflow/dags/first_dag.py
[2025-03-15T10:59:15.837+0000] {logging_mixin.py:190} INFO - [2025-03-15T10:59:15.837+0000] {dag.py:3239} INFO - Sync 1 DAGs
[2025-03-15T10:59:15.935+0000] {logging_mixin.py:190} INFO - [2025-03-15T10:59:15.934+0000] {dag.py:4180} INFO - Setting next_dagrun for fetch_road_data to 2025-03-15 09:00:00+00:00, run_after=2025-03-15 10:00:00+00:00
[2025-03-15T10:59:16.034+0000] {processor.py:208} INFO - Processing /opt/airflow/dags/first_dag.py took 0.438 seconds
[2025-03-15T10:59:46.735+0000] {processor.py:186} INFO - Started process (PID=562) to work on /opt/airflow/dags/first_dag.py
[2025-03-15T10:59:46.738+0000] {processor.py:914} INFO - Processing file /opt/airflow/dags/first_dag.py for tasks to queue
[2025-03-15T10:59:46.745+0000] {logging_mixin.py:190} INFO - [2025-03-15T10:59:46.744+0000] {dagbag.py:588} INFO - Filling up the DagBag from /opt/airflow/dags/first_dag.py
[2025-03-15T10:59:46.822+0000] {processor.py:925} INFO - DAG(s) 'fetch_road_data' retrieved from /opt/airflow/dags/first_dag.py
[2025-03-15T10:59:47.011+0000] {logging_mixin.py:190} INFO - [2025-03-15T10:59:47.010+0000] {dag.py:3239} INFO - Sync 1 DAGs
[2025-03-15T10:59:47.150+0000] {logging_mixin.py:190} INFO - [2025-03-15T10:59:47.149+0000] {dag.py:4180} INFO - Setting next_dagrun for fetch_road_data to 2025-03-15 09:00:00+00:00, run_after=2025-03-15 10:00:00+00:00
[2025-03-15T10:59:47.260+0000] {processor.py:208} INFO - Processing /opt/airflow/dags/first_dag.py took 0.536 seconds
[2025-03-15T11:00:18.094+0000] {processor.py:186} INFO - Started process (PID=567) to work on /opt/airflow/dags/first_dag.py
[2025-03-15T11:00:18.096+0000] {processor.py:914} INFO - Processing file /opt/airflow/dags/first_dag.py for tasks to queue
[2025-03-15T11:00:18.099+0000] {logging_mixin.py:190} INFO - [2025-03-15T11:00:18.099+0000] {dagbag.py:588} INFO - Filling up the DagBag from /opt/airflow/dags/first_dag.py
[2025-03-15T11:00:18.170+0000] {processor.py:925} INFO - DAG(s) 'fetch_road_data' retrieved from /opt/airflow/dags/first_dag.py
[2025-03-15T11:00:18.352+0000] {logging_mixin.py:190} INFO - [2025-03-15T11:00:18.352+0000] {dag.py:3239} INFO - Sync 1 DAGs
[2025-03-15T11:00:18.466+0000] {logging_mixin.py:190} INFO - [2025-03-15T11:00:18.465+0000] {dag.py:4180} INFO - Setting next_dagrun for fetch_road_data to 2025-03-15 10:00:00+00:00, run_after=2025-03-15 11:00:00+00:00
[2025-03-15T11:00:18.566+0000] {processor.py:208} INFO - Processing /opt/airflow/dags/first_dag.py took 0.480 seconds
[2025-03-15T11:00:49.378+0000] {processor.py:186} INFO - Started process (PID=572) to work on /opt/airflow/dags/first_dag.py
[2025-03-15T11:00:49.380+0000] {processor.py:914} INFO - Processing file /opt/airflow/dags/first_dag.py for tasks to queue
[2025-03-15T11:00:49.383+0000] {logging_mixin.py:190} INFO - [2025-03-15T11:00:49.383+0000] {dagbag.py:588} INFO - Filling up the DagBag from /opt/airflow/dags/first_dag.py
[2025-03-15T11:00:49.465+0000] {processor.py:925} INFO - DAG(s) 'fetch_road_data' retrieved from /opt/airflow/dags/first_dag.py
[2025-03-15T11:00:49.648+0000] {logging_mixin.py:190} INFO - [2025-03-15T11:00:49.648+0000] {dag.py:3239} INFO - Sync 1 DAGs
[2025-03-15T11:00:49.756+0000] {logging_mixin.py:190} INFO - [2025-03-15T11:00:49.756+0000] {dag.py:4180} INFO - Setting next_dagrun for fetch_road_data to 2025-03-15 10:00:00+00:00, run_after=2025-03-15 11:00:00+00:00
[2025-03-15T11:00:49.865+0000] {processor.py:208} INFO - Processing /opt/airflow/dags/first_dag.py took 0.493 seconds
[2025-03-15T11:01:20.740+0000] {processor.py:186} INFO - Started process (PID=577) to work on /opt/airflow/dags/first_dag.py
[2025-03-15T11:01:20.755+0000] {processor.py:914} INFO - Processing file /opt/airflow/dags/first_dag.py for tasks to queue
[2025-03-15T11:01:20.778+0000] {logging_mixin.py:190} INFO - [2025-03-15T11:01:20.771+0000] {dagbag.py:588} INFO - Filling up the DagBag from /opt/airflow/dags/first_dag.py
[2025-03-15T11:01:21.240+0000] {processor.py:925} INFO - DAG(s) 'fetch_road_data' retrieved from /opt/airflow/dags/first_dag.py
[2025-03-15T11:01:22.267+0000] {logging_mixin.py:190} INFO - [2025-03-15T11:01:22.267+0000] {dag.py:3239} INFO - Sync 1 DAGs
[2025-03-15T11:01:22.381+0000] {logging_mixin.py:190} INFO - [2025-03-15T11:01:22.380+0000] {dag.py:4180} INFO - Setting next_dagrun for fetch_road_data to 2025-03-15 10:00:00+00:00, run_after=2025-03-15 11:00:00+00:00
[2025-03-15T11:01:22.476+0000] {processor.py:208} INFO - Processing /opt/airflow/dags/first_dag.py took 1.832 seconds
[2025-03-15T11:01:53.484+0000] {processor.py:186} INFO - Started process (PID=582) to work on /opt/airflow/dags/first_dag.py
[2025-03-15T11:01:53.486+0000] {processor.py:914} INFO - Processing file /opt/airflow/dags/first_dag.py for tasks to queue
[2025-03-15T11:01:53.490+0000] {logging_mixin.py:190} INFO - [2025-03-15T11:01:53.489+0000] {dagbag.py:588} INFO - Filling up the DagBag from /opt/airflow/dags/first_dag.py
[2025-03-15T11:01:53.576+0000] {processor.py:925} INFO - DAG(s) 'fetch_road_data' retrieved from /opt/airflow/dags/first_dag.py
[2025-03-15T11:01:53.737+0000] {logging_mixin.py:190} INFO - [2025-03-15T11:01:53.737+0000] {dag.py:3239} INFO - Sync 1 DAGs
[2025-03-15T11:01:53.855+0000] {logging_mixin.py:190} INFO - [2025-03-15T11:01:53.854+0000] {dag.py:4180} INFO - Setting next_dagrun for fetch_road_data to 2025-03-15 10:00:00+00:00, run_after=2025-03-15 11:00:00+00:00
[2025-03-15T11:01:53.940+0000] {processor.py:208} INFO - Processing /opt/airflow/dags/first_dag.py took 0.463 seconds
[2025-03-15T11:02:24.556+0000] {processor.py:186} INFO - Started process (PID=587) to work on /opt/airflow/dags/first_dag.py
[2025-03-15T11:02:24.559+0000] {processor.py:914} INFO - Processing file /opt/airflow/dags/first_dag.py for tasks to queue
[2025-03-15T11:02:24.563+0000] {logging_mixin.py:190} INFO - [2025-03-15T11:02:24.562+0000] {dagbag.py:588} INFO - Filling up the DagBag from /opt/airflow/dags/first_dag.py
[2025-03-15T11:02:24.652+0000] {processor.py:925} INFO - DAG(s) 'fetch_road_data' retrieved from /opt/airflow/dags/first_dag.py
[2025-03-15T11:02:24.808+0000] {logging_mixin.py:190} INFO - [2025-03-15T11:02:24.807+0000] {dag.py:3239} INFO - Sync 1 DAGs
[2025-03-15T11:02:24.912+0000] {logging_mixin.py:190} INFO - [2025-03-15T11:02:24.911+0000] {dag.py:4180} INFO - Setting next_dagrun for fetch_road_data to 2025-03-15 10:00:00+00:00, run_after=2025-03-15 11:00:00+00:00
[2025-03-15T11:02:25.021+0000] {processor.py:208} INFO - Processing /opt/airflow/dags/first_dag.py took 0.471 seconds
[2025-03-15T11:02:56.051+0000] {processor.py:186} INFO - Started process (PID=592) to work on /opt/airflow/dags/first_dag.py
[2025-03-15T11:02:56.053+0000] {processor.py:914} INFO - Processing file /opt/airflow/dags/first_dag.py for tasks to queue
[2025-03-15T11:02:56.056+0000] {logging_mixin.py:190} INFO - [2025-03-15T11:02:56.055+0000] {dagbag.py:588} INFO - Filling up the DagBag from /opt/airflow/dags/first_dag.py
[2025-03-15T11:02:56.133+0000] {processor.py:925} INFO - DAG(s) 'fetch_road_data' retrieved from /opt/airflow/dags/first_dag.py
[2025-03-15T11:02:56.314+0000] {logging_mixin.py:190} INFO - [2025-03-15T11:02:56.314+0000] {dag.py:3239} INFO - Sync 1 DAGs
[2025-03-15T11:02:56.419+0000] {logging_mixin.py:190} INFO - [2025-03-15T11:02:56.418+0000] {dag.py:4180} INFO - Setting next_dagrun for fetch_road_data to 2025-03-15 10:00:00+00:00, run_after=2025-03-15 11:00:00+00:00
[2025-03-15T11:02:56.510+0000] {processor.py:208} INFO - Processing /opt/airflow/dags/first_dag.py took 0.467 seconds
[2025-03-15T11:03:27.821+0000] {processor.py:186} INFO - Started process (PID=597) to work on /opt/airflow/dags/first_dag.py
[2025-03-15T11:03:27.823+0000] {processor.py:914} INFO - Processing file /opt/airflow/dags/first_dag.py for tasks to queue
[2025-03-15T11:03:27.828+0000] {logging_mixin.py:190} INFO - [2025-03-15T11:03:27.828+0000] {dagbag.py:588} INFO - Filling up the DagBag from /opt/airflow/dags/first_dag.py
[2025-03-15T11:03:27.909+0000] {processor.py:925} INFO - DAG(s) 'fetch_road_data' retrieved from /opt/airflow/dags/first_dag.py
[2025-03-15T11:03:28.071+0000] {logging_mixin.py:190} INFO - [2025-03-15T11:03:28.071+0000] {dag.py:3239} INFO - Sync 1 DAGs
[2025-03-15T11:03:28.178+0000] {logging_mixin.py:190} INFO - [2025-03-15T11:03:28.178+0000] {dag.py:4180} INFO - Setting next_dagrun for fetch_road_data to 2025-03-15 10:00:00+00:00, run_after=2025-03-15 11:00:00+00:00
[2025-03-15T11:03:28.275+0000] {processor.py:208} INFO - Processing /opt/airflow/dags/first_dag.py took 0.465 seconds
[2025-03-15T11:03:58.609+0000] {processor.py:186} INFO - Started process (PID=602) to work on /opt/airflow/dags/first_dag.py
[2025-03-15T11:03:58.610+0000] {processor.py:914} INFO - Processing file /opt/airflow/dags/first_dag.py for tasks to queue
[2025-03-15T11:03:58.613+0000] {logging_mixin.py:190} INFO - [2025-03-15T11:03:58.613+0000] {dagbag.py:588} INFO - Filling up the DagBag from /opt/airflow/dags/first_dag.py
[2025-03-15T11:03:58.689+0000] {processor.py:925} INFO - DAG(s) 'fetch_road_data' retrieved from /opt/airflow/dags/first_dag.py
[2025-03-15T11:03:58.869+0000] {logging_mixin.py:190} INFO - [2025-03-15T11:03:58.869+0000] {dag.py:3239} INFO - Sync 1 DAGs
[2025-03-15T11:03:58.986+0000] {logging_mixin.py:190} INFO - [2025-03-15T11:03:58.985+0000] {dag.py:4180} INFO - Setting next_dagrun for fetch_road_data to 2025-03-15 10:00:00+00:00, run_after=2025-03-15 11:00:00+00:00
[2025-03-15T11:03:59.089+0000] {processor.py:208} INFO - Processing /opt/airflow/dags/first_dag.py took 0.490 seconds
[2025-03-15T11:04:29.890+0000] {processor.py:186} INFO - Started process (PID=607) to work on /opt/airflow/dags/first_dag.py
[2025-03-15T11:04:29.904+0000] {processor.py:914} INFO - Processing file /opt/airflow/dags/first_dag.py for tasks to queue
[2025-03-15T11:04:29.925+0000] {logging_mixin.py:190} INFO - [2025-03-15T11:04:29.920+0000] {dagbag.py:588} INFO - Filling up the DagBag from /opt/airflow/dags/first_dag.py
[2025-03-15T11:04:30.364+0000] {processor.py:925} INFO - DAG(s) 'fetch_road_data' retrieved from /opt/airflow/dags/first_dag.py
[2025-03-15T11:04:31.525+0000] {logging_mixin.py:190} INFO - [2025-03-15T11:04:31.521+0000] {dag.py:3239} INFO - Sync 1 DAGs
[2025-03-15T11:04:32.605+0000] {logging_mixin.py:190} INFO - [2025-03-15T11:04:32.604+0000] {dag.py:4180} INFO - Setting next_dagrun for fetch_road_data to 2025-03-15 10:00:00+00:00, run_after=2025-03-15 11:00:00+00:00
[2025-03-15T11:04:32.701+0000] {processor.py:208} INFO - Processing /opt/airflow/dags/first_dag.py took 2.886 seconds
[2025-03-15T11:05:03.035+0000] {processor.py:186} INFO - Started process (PID=612) to work on /opt/airflow/dags/first_dag.py
[2025-03-15T11:05:03.037+0000] {processor.py:914} INFO - Processing file /opt/airflow/dags/first_dag.py for tasks to queue
[2025-03-15T11:05:03.042+0000] {logging_mixin.py:190} INFO - [2025-03-15T11:05:03.041+0000] {dagbag.py:588} INFO - Filling up the DagBag from /opt/airflow/dags/first_dag.py
[2025-03-15T11:05:03.134+0000] {processor.py:925} INFO - DAG(s) 'fetch_road_data' retrieved from /opt/airflow/dags/first_dag.py
[2025-03-15T11:05:03.318+0000] {logging_mixin.py:190} INFO - [2025-03-15T11:05:03.318+0000] {dag.py:3239} INFO - Sync 1 DAGs
[2025-03-15T11:05:03.427+0000] {logging_mixin.py:190} INFO - [2025-03-15T11:05:03.426+0000] {dag.py:4180} INFO - Setting next_dagrun for fetch_road_data to 2025-03-15 10:00:00+00:00, run_after=2025-03-15 11:00:00+00:00
[2025-03-15T11:05:03.526+0000] {processor.py:208} INFO - Processing /opt/airflow/dags/first_dag.py took 0.499 seconds
[2025-03-15T11:05:34.515+0000] {processor.py:186} INFO - Started process (PID=617) to work on /opt/airflow/dags/first_dag.py
[2025-03-15T11:05:34.518+0000] {processor.py:914} INFO - Processing file /opt/airflow/dags/first_dag.py for tasks to queue
[2025-03-15T11:05:34.521+0000] {logging_mixin.py:190} INFO - [2025-03-15T11:05:34.521+0000] {dagbag.py:588} INFO - Filling up the DagBag from /opt/airflow/dags/first_dag.py
[2025-03-15T11:05:34.602+0000] {processor.py:925} INFO - DAG(s) 'fetch_road_data' retrieved from /opt/airflow/dags/first_dag.py
[2025-03-15T11:05:34.744+0000] {logging_mixin.py:190} INFO - [2025-03-15T11:05:34.743+0000] {dag.py:3239} INFO - Sync 1 DAGs
[2025-03-15T11:05:34.851+0000] {logging_mixin.py:190} INFO - [2025-03-15T11:05:34.851+0000] {dag.py:4180} INFO - Setting next_dagrun for fetch_road_data to 2025-03-15 10:00:00+00:00, run_after=2025-03-15 11:00:00+00:00
[2025-03-15T11:05:34.948+0000] {processor.py:208} INFO - Processing /opt/airflow/dags/first_dag.py took 0.440 seconds
[2025-03-15T11:06:05.749+0000] {processor.py:186} INFO - Started process (PID=622) to work on /opt/airflow/dags/first_dag.py
[2025-03-15T11:06:05.752+0000] {processor.py:914} INFO - Processing file /opt/airflow/dags/first_dag.py for tasks to queue
[2025-03-15T11:06:05.765+0000] {logging_mixin.py:190} INFO - [2025-03-15T11:06:05.764+0000] {dagbag.py:588} INFO - Filling up the DagBag from /opt/airflow/dags/first_dag.py
[2025-03-15T11:06:05.882+0000] {processor.py:925} INFO - DAG(s) 'fetch_road_data' retrieved from /opt/airflow/dags/first_dag.py
[2025-03-15T11:06:06.110+0000] {logging_mixin.py:190} INFO - [2025-03-15T11:06:06.109+0000] {dag.py:3239} INFO - Sync 1 DAGs
[2025-03-15T11:06:06.231+0000] {logging_mixin.py:190} INFO - [2025-03-15T11:06:06.230+0000] {dag.py:4180} INFO - Setting next_dagrun for fetch_road_data to 2025-03-15 10:00:00+00:00, run_after=2025-03-15 11:00:00+00:00
[2025-03-15T11:06:06.354+0000] {processor.py:208} INFO - Processing /opt/airflow/dags/first_dag.py took 0.624 seconds
[2025-03-15T11:06:36.802+0000] {processor.py:186} INFO - Started process (PID=627) to work on /opt/airflow/dags/first_dag.py
[2025-03-15T11:06:36.804+0000] {processor.py:914} INFO - Processing file /opt/airflow/dags/first_dag.py for tasks to queue
[2025-03-15T11:06:36.809+0000] {logging_mixin.py:190} INFO - [2025-03-15T11:06:36.808+0000] {dagbag.py:588} INFO - Filling up the DagBag from /opt/airflow/dags/first_dag.py
[2025-03-15T11:06:36.888+0000] {processor.py:925} INFO - DAG(s) 'fetch_road_data' retrieved from /opt/airflow/dags/first_dag.py
[2025-03-15T11:06:37.067+0000] {logging_mixin.py:190} INFO - [2025-03-15T11:06:37.066+0000] {dag.py:3239} INFO - Sync 1 DAGs
[2025-03-15T11:06:37.189+0000] {logging_mixin.py:190} INFO - [2025-03-15T11:06:37.189+0000] {dag.py:4180} INFO - Setting next_dagrun for fetch_road_data to 2025-03-15 10:00:00+00:00, run_after=2025-03-15 11:00:00+00:00
[2025-03-15T11:06:37.294+0000] {processor.py:208} INFO - Processing /opt/airflow/dags/first_dag.py took 0.500 seconds
[2025-03-15T11:07:07.994+0000] {processor.py:186} INFO - Started process (PID=632) to work on /opt/airflow/dags/first_dag.py
[2025-03-15T11:07:07.997+0000] {processor.py:914} INFO - Processing file /opt/airflow/dags/first_dag.py for tasks to queue
[2025-03-15T11:07:08.000+0000] {logging_mixin.py:190} INFO - [2025-03-15T11:07:08.000+0000] {dagbag.py:588} INFO - Filling up the DagBag from /opt/airflow/dags/first_dag.py
[2025-03-15T11:07:08.090+0000] {processor.py:925} INFO - DAG(s) 'fetch_road_data' retrieved from /opt/airflow/dags/first_dag.py
[2025-03-15T11:07:08.271+0000] {logging_mixin.py:190} INFO - [2025-03-15T11:07:08.271+0000] {dag.py:3239} INFO - Sync 1 DAGs
[2025-03-15T11:07:08.370+0000] {logging_mixin.py:190} INFO - [2025-03-15T11:07:08.369+0000] {dag.py:4180} INFO - Setting next_dagrun for fetch_road_data to 2025-03-15 10:00:00+00:00, run_after=2025-03-15 11:00:00+00:00
[2025-03-15T11:07:08.483+0000] {processor.py:208} INFO - Processing /opt/airflow/dags/first_dag.py took 0.498 seconds
[2025-03-15T11:07:39.294+0000] {processor.py:186} INFO - Started process (PID=637) to work on /opt/airflow/dags/first_dag.py
[2025-03-15T11:07:39.296+0000] {processor.py:914} INFO - Processing file /opt/airflow/dags/first_dag.py for tasks to queue
[2025-03-15T11:07:39.299+0000] {logging_mixin.py:190} INFO - [2025-03-15T11:07:39.299+0000] {dagbag.py:588} INFO - Filling up the DagBag from /opt/airflow/dags/first_dag.py
[2025-03-15T11:07:39.385+0000] {processor.py:925} INFO - DAG(s) 'fetch_road_data' retrieved from /opt/airflow/dags/first_dag.py
[2025-03-15T11:07:39.559+0000] {logging_mixin.py:190} INFO - [2025-03-15T11:07:39.559+0000] {dag.py:3239} INFO - Sync 1 DAGs
[2025-03-15T11:07:39.666+0000] {logging_mixin.py:190} INFO - [2025-03-15T11:07:39.666+0000] {dag.py:4180} INFO - Setting next_dagrun for fetch_road_data to 2025-03-15 10:00:00+00:00, run_after=2025-03-15 11:00:00+00:00
[2025-03-15T11:07:39.761+0000] {processor.py:208} INFO - Processing /opt/airflow/dags/first_dag.py took 0.474 seconds
[2025-03-15T11:08:10.524+0000] {processor.py:186} INFO - Started process (PID=642) to work on /opt/airflow/dags/first_dag.py
[2025-03-15T11:08:10.527+0000] {processor.py:914} INFO - Processing file /opt/airflow/dags/first_dag.py for tasks to queue
[2025-03-15T11:08:10.530+0000] {logging_mixin.py:190} INFO - [2025-03-15T11:08:10.530+0000] {dagbag.py:588} INFO - Filling up the DagBag from /opt/airflow/dags/first_dag.py
[2025-03-15T11:08:10.615+0000] {processor.py:925} INFO - DAG(s) 'fetch_road_data' retrieved from /opt/airflow/dags/first_dag.py
[2025-03-15T11:08:10.795+0000] {logging_mixin.py:190} INFO - [2025-03-15T11:08:10.795+0000] {dag.py:3239} INFO - Sync 1 DAGs
[2025-03-15T11:08:10.907+0000] {logging_mixin.py:190} INFO - [2025-03-15T11:08:10.907+0000] {dag.py:4180} INFO - Setting next_dagrun for fetch_road_data to 2025-03-15 10:00:00+00:00, run_after=2025-03-15 11:00:00+00:00
[2025-03-15T11:08:11.004+0000] {processor.py:208} INFO - Processing /opt/airflow/dags/first_dag.py took 0.487 seconds
[2025-03-15T11:08:41.705+0000] {processor.py:186} INFO - Started process (PID=647) to work on /opt/airflow/dags/first_dag.py
[2025-03-15T11:08:41.707+0000] {processor.py:914} INFO - Processing file /opt/airflow/dags/first_dag.py for tasks to queue
[2025-03-15T11:08:41.710+0000] {logging_mixin.py:190} INFO - [2025-03-15T11:08:41.709+0000] {dagbag.py:588} INFO - Filling up the DagBag from /opt/airflow/dags/first_dag.py
[2025-03-15T11:08:41.783+0000] {processor.py:925} INFO - DAG(s) 'fetch_road_data' retrieved from /opt/airflow/dags/first_dag.py
[2025-03-15T11:08:41.968+0000] {logging_mixin.py:190} INFO - [2025-03-15T11:08:41.968+0000] {dag.py:3239} INFO - Sync 1 DAGs
[2025-03-15T11:08:42.085+0000] {logging_mixin.py:190} INFO - [2025-03-15T11:08:42.085+0000] {dag.py:4180} INFO - Setting next_dagrun for fetch_road_data to 2025-03-15 10:00:00+00:00, run_after=2025-03-15 11:00:00+00:00
[2025-03-15T11:08:42.183+0000] {processor.py:208} INFO - Processing /opt/airflow/dags/first_dag.py took 0.486 seconds
[2025-03-15T11:09:12.727+0000] {processor.py:186} INFO - Started process (PID=652) to work on /opt/airflow/dags/first_dag.py
[2025-03-15T11:09:12.729+0000] {processor.py:914} INFO - Processing file /opt/airflow/dags/first_dag.py for tasks to queue
[2025-03-15T11:09:12.733+0000] {logging_mixin.py:190} INFO - [2025-03-15T11:09:12.733+0000] {dagbag.py:588} INFO - Filling up the DagBag from /opt/airflow/dags/first_dag.py
[2025-03-15T11:09:12.810+0000] {processor.py:925} INFO - DAG(s) 'fetch_road_data' retrieved from /opt/airflow/dags/first_dag.py
[2025-03-15T11:09:13.035+0000] {logging_mixin.py:190} INFO - [2025-03-15T11:09:13.035+0000] {dag.py:3239} INFO - Sync 1 DAGs
[2025-03-15T11:09:13.227+0000] {logging_mixin.py:190} INFO - [2025-03-15T11:09:13.223+0000] {dag.py:4180} INFO - Setting next_dagrun for fetch_road_data to 2025-03-15 10:00:00+00:00, run_after=2025-03-15 11:00:00+00:00
[2025-03-15T11:09:13.790+0000] {processor.py:208} INFO - Processing /opt/airflow/dags/first_dag.py took 1.072 seconds
[2025-03-15T11:09:44.855+0000] {processor.py:186} INFO - Started process (PID=657) to work on /opt/airflow/dags/first_dag.py
[2025-03-15T11:09:44.857+0000] {processor.py:914} INFO - Processing file /opt/airflow/dags/first_dag.py for tasks to queue
[2025-03-15T11:09:44.860+0000] {logging_mixin.py:190} INFO - [2025-03-15T11:09:44.860+0000] {dagbag.py:588} INFO - Filling up the DagBag from /opt/airflow/dags/first_dag.py
[2025-03-15T11:09:44.948+0000] {processor.py:925} INFO - DAG(s) 'fetch_road_data' retrieved from /opt/airflow/dags/first_dag.py
[2025-03-15T11:09:45.125+0000] {logging_mixin.py:190} INFO - [2025-03-15T11:09:45.125+0000] {dag.py:3239} INFO - Sync 1 DAGs
[2025-03-15T11:09:45.251+0000] {logging_mixin.py:190} INFO - [2025-03-15T11:09:45.251+0000] {dag.py:4180} INFO - Setting next_dagrun for fetch_road_data to 2025-03-15 10:00:00+00:00, run_after=2025-03-15 11:00:00+00:00
[2025-03-15T11:09:45.348+0000] {processor.py:208} INFO - Processing /opt/airflow/dags/first_dag.py took 0.501 seconds
[2025-03-15T11:10:15.643+0000] {processor.py:186} INFO - Started process (PID=662) to work on /opt/airflow/dags/first_dag.py
[2025-03-15T11:10:15.645+0000] {processor.py:914} INFO - Processing file /opt/airflow/dags/first_dag.py for tasks to queue
[2025-03-15T11:10:15.651+0000] {logging_mixin.py:190} INFO - [2025-03-15T11:10:15.651+0000] {dagbag.py:588} INFO - Filling up the DagBag from /opt/airflow/dags/first_dag.py
[2025-03-15T11:10:15.740+0000] {processor.py:925} INFO - DAG(s) 'fetch_road_data' retrieved from /opt/airflow/dags/first_dag.py
[2025-03-15T11:10:15.917+0000] {logging_mixin.py:190} INFO - [2025-03-15T11:10:15.917+0000] {dag.py:3239} INFO - Sync 1 DAGs
[2025-03-15T11:10:16.028+0000] {logging_mixin.py:190} INFO - [2025-03-15T11:10:16.027+0000] {dag.py:4180} INFO - Setting next_dagrun for fetch_road_data to 2025-03-15 10:00:00+00:00, run_after=2025-03-15 11:00:00+00:00
[2025-03-15T11:10:16.126+0000] {processor.py:208} INFO - Processing /opt/airflow/dags/first_dag.py took 0.499 seconds
[2025-03-15T11:10:47.752+0000] {processor.py:186} INFO - Started process (PID=667) to work on /opt/airflow/dags/first_dag.py
[2025-03-15T11:10:47.760+0000] {processor.py:914} INFO - Processing file /opt/airflow/dags/first_dag.py for tasks to queue
[2025-03-15T11:10:47.783+0000] {logging_mixin.py:190} INFO - [2025-03-15T11:10:47.781+0000] {dagbag.py:588} INFO - Filling up the DagBag from /opt/airflow/dags/first_dag.py
[2025-03-15T11:10:48.236+0000] {processor.py:925} INFO - DAG(s) 'fetch_road_data' retrieved from /opt/airflow/dags/first_dag.py
[2025-03-15T11:10:48.930+0000] {logging_mixin.py:190} INFO - [2025-03-15T11:10:48.929+0000] {dag.py:3239} INFO - Sync 1 DAGs
[2025-03-15T11:10:49.063+0000] {logging_mixin.py:190} INFO - [2025-03-15T11:10:49.063+0000] {dag.py:4180} INFO - Setting next_dagrun for fetch_road_data to 2025-03-15 10:00:00+00:00, run_after=2025-03-15 11:00:00+00:00
[2025-03-15T11:10:49.152+0000] {processor.py:208} INFO - Processing /opt/airflow/dags/first_dag.py took 1.450 seconds
[2025-03-15T11:11:19.538+0000] {processor.py:186} INFO - Started process (PID=672) to work on /opt/airflow/dags/first_dag.py
[2025-03-15T11:11:19.541+0000] {processor.py:914} INFO - Processing file /opt/airflow/dags/first_dag.py for tasks to queue
[2025-03-15T11:11:19.546+0000] {logging_mixin.py:190} INFO - [2025-03-15T11:11:19.545+0000] {dagbag.py:588} INFO - Filling up the DagBag from /opt/airflow/dags/first_dag.py
[2025-03-15T11:11:19.618+0000] {processor.py:925} INFO - DAG(s) 'fetch_road_data' retrieved from /opt/airflow/dags/first_dag.py
[2025-03-15T11:11:19.808+0000] {logging_mixin.py:190} INFO - [2025-03-15T11:11:19.808+0000] {dag.py:3239} INFO - Sync 1 DAGs
[2025-03-15T11:11:19.891+0000] {logging_mixin.py:190} INFO - [2025-03-15T11:11:19.891+0000] {dag.py:4180} INFO - Setting next_dagrun for fetch_road_data to 2025-03-15 10:00:00+00:00, run_after=2025-03-15 11:00:00+00:00
[2025-03-15T11:11:19.977+0000] {processor.py:208} INFO - Processing /opt/airflow/dags/first_dag.py took 0.447 seconds
[2025-03-15T11:11:50.329+0000] {processor.py:186} INFO - Started process (PID=677) to work on /opt/airflow/dags/first_dag.py
[2025-03-15T11:11:50.332+0000] {processor.py:914} INFO - Processing file /opt/airflow/dags/first_dag.py for tasks to queue
[2025-03-15T11:11:50.335+0000] {logging_mixin.py:190} INFO - [2025-03-15T11:11:50.335+0000] {dagbag.py:588} INFO - Filling up the DagBag from /opt/airflow/dags/first_dag.py
[2025-03-15T11:11:50.412+0000] {processor.py:925} INFO - DAG(s) 'fetch_road_data' retrieved from /opt/airflow/dags/first_dag.py
[2025-03-15T11:11:50.575+0000] {logging_mixin.py:190} INFO - [2025-03-15T11:11:50.575+0000] {dag.py:3239} INFO - Sync 1 DAGs
[2025-03-15T11:11:50.673+0000] {logging_mixin.py:190} INFO - [2025-03-15T11:11:50.673+0000] {dag.py:4180} INFO - Setting next_dagrun for fetch_road_data to 2025-03-15 10:00:00+00:00, run_after=2025-03-15 11:00:00+00:00
[2025-03-15T11:11:50.773+0000] {processor.py:208} INFO - Processing /opt/airflow/dags/first_dag.py took 0.451 seconds
[2025-03-15T11:12:21.221+0000] {processor.py:186} INFO - Started process (PID=682) to work on /opt/airflow/dags/first_dag.py
[2025-03-15T11:12:21.223+0000] {processor.py:914} INFO - Processing file /opt/airflow/dags/first_dag.py for tasks to queue
[2025-03-15T11:12:21.227+0000] {logging_mixin.py:190} INFO - [2025-03-15T11:12:21.226+0000] {dagbag.py:588} INFO - Filling up the DagBag from /opt/airflow/dags/first_dag.py
[2025-03-15T11:12:21.295+0000] {processor.py:925} INFO - DAG(s) 'fetch_road_data' retrieved from /opt/airflow/dags/first_dag.py
[2025-03-15T11:12:21.454+0000] {logging_mixin.py:190} INFO - [2025-03-15T11:12:21.453+0000] {dag.py:3239} INFO - Sync 1 DAGs
[2025-03-15T11:12:21.614+0000] {logging_mixin.py:190} INFO - [2025-03-15T11:12:21.614+0000] {dag.py:4180} INFO - Setting next_dagrun for fetch_road_data to 2025-03-15 10:00:00+00:00, run_after=2025-03-15 11:00:00+00:00
[2025-03-15T11:12:21.717+0000] {processor.py:208} INFO - Processing /opt/airflow/dags/first_dag.py took 0.504 seconds
[2025-03-15T11:12:52.270+0000] {processor.py:186} INFO - Started process (PID=687) to work on /opt/airflow/dags/first_dag.py
[2025-03-15T11:12:52.271+0000] {processor.py:914} INFO - Processing file /opt/airflow/dags/first_dag.py for tasks to queue
[2025-03-15T11:12:52.275+0000] {logging_mixin.py:190} INFO - [2025-03-15T11:12:52.274+0000] {dagbag.py:588} INFO - Filling up the DagBag from /opt/airflow/dags/first_dag.py
[2025-03-15T11:12:52.343+0000] {processor.py:925} INFO - DAG(s) 'fetch_road_data' retrieved from /opt/airflow/dags/first_dag.py
[2025-03-15T11:12:52.511+0000] {logging_mixin.py:190} INFO - [2025-03-15T11:12:52.510+0000] {dag.py:3239} INFO - Sync 1 DAGs
[2025-03-15T11:12:52.589+0000] {logging_mixin.py:190} INFO - [2025-03-15T11:12:52.589+0000] {dag.py:4180} INFO - Setting next_dagrun for fetch_road_data to 2025-03-15 10:00:00+00:00, run_after=2025-03-15 11:00:00+00:00
[2025-03-15T11:12:52.676+0000] {processor.py:208} INFO - Processing /opt/airflow/dags/first_dag.py took 0.414 seconds
[2025-03-15T11:13:23.230+0000] {processor.py:186} INFO - Started process (PID=692) to work on /opt/airflow/dags/first_dag.py
[2025-03-15T11:13:23.232+0000] {processor.py:914} INFO - Processing file /opt/airflow/dags/first_dag.py for tasks to queue
[2025-03-15T11:13:23.236+0000] {logging_mixin.py:190} INFO - [2025-03-15T11:13:23.235+0000] {dagbag.py:588} INFO - Filling up the DagBag from /opt/airflow/dags/first_dag.py
[2025-03-15T11:13:23.304+0000] {processor.py:925} INFO - DAG(s) 'fetch_road_data' retrieved from /opt/airflow/dags/first_dag.py
[2025-03-15T11:13:23.457+0000] {logging_mixin.py:190} INFO - [2025-03-15T11:13:23.457+0000] {dag.py:3239} INFO - Sync 1 DAGs
[2025-03-15T11:13:23.572+0000] {logging_mixin.py:190} INFO - [2025-03-15T11:13:23.571+0000] {dag.py:4180} INFO - Setting next_dagrun for fetch_road_data to 2025-03-15 10:00:00+00:00, run_after=2025-03-15 11:00:00+00:00
[2025-03-15T11:13:23.649+0000] {processor.py:208} INFO - Processing /opt/airflow/dags/first_dag.py took 0.428 seconds
[2025-03-15T11:13:54.155+0000] {processor.py:186} INFO - Started process (PID=697) to work on /opt/airflow/dags/first_dag.py
[2025-03-15T11:13:54.156+0000] {processor.py:914} INFO - Processing file /opt/airflow/dags/first_dag.py for tasks to queue
[2025-03-15T11:13:54.160+0000] {logging_mixin.py:190} INFO - [2025-03-15T11:13:54.160+0000] {dagbag.py:588} INFO - Filling up the DagBag from /opt/airflow/dags/first_dag.py
[2025-03-15T11:13:54.236+0000] {processor.py:925} INFO - DAG(s) 'fetch_road_data' retrieved from /opt/airflow/dags/first_dag.py
[2025-03-15T11:13:54.392+0000] {logging_mixin.py:190} INFO - [2025-03-15T11:13:54.392+0000] {dag.py:3239} INFO - Sync 1 DAGs
[2025-03-15T11:13:54.462+0000] {logging_mixin.py:190} INFO - [2025-03-15T11:13:54.462+0000] {dag.py:4180} INFO - Setting next_dagrun for fetch_road_data to 2025-03-15 10:00:00+00:00, run_after=2025-03-15 11:00:00+00:00
[2025-03-15T11:13:54.538+0000] {processor.py:208} INFO - Processing /opt/airflow/dags/first_dag.py took 0.389 seconds
[2025-03-15T11:14:24.719+0000] {processor.py:186} INFO - Started process (PID=702) to work on /opt/airflow/dags/first_dag.py
[2025-03-15T11:14:24.721+0000] {processor.py:914} INFO - Processing file /opt/airflow/dags/first_dag.py for tasks to queue
[2025-03-15T11:14:24.724+0000] {logging_mixin.py:190} INFO - [2025-03-15T11:14:24.723+0000] {dagbag.py:588} INFO - Filling up the DagBag from /opt/airflow/dags/first_dag.py
[2025-03-15T11:14:24.779+0000] {processor.py:925} INFO - DAG(s) 'fetch_road_data' retrieved from /opt/airflow/dags/first_dag.py
[2025-03-15T11:14:24.941+0000] {logging_mixin.py:190} INFO - [2025-03-15T11:14:24.941+0000] {dag.py:3239} INFO - Sync 1 DAGs
[2025-03-15T11:14:25.033+0000] {logging_mixin.py:190} INFO - [2025-03-15T11:14:25.033+0000] {dag.py:4180} INFO - Setting next_dagrun for fetch_road_data to 2025-03-15 10:00:00+00:00, run_after=2025-03-15 11:00:00+00:00
[2025-03-15T11:14:25.126+0000] {processor.py:208} INFO - Processing /opt/airflow/dags/first_dag.py took 0.414 seconds
[2025-03-15T11:14:55.442+0000] {processor.py:186} INFO - Started process (PID=707) to work on /opt/airflow/dags/first_dag.py
[2025-03-15T11:14:55.444+0000] {processor.py:914} INFO - Processing file /opt/airflow/dags/first_dag.py for tasks to queue
[2025-03-15T11:14:55.447+0000] {logging_mixin.py:190} INFO - [2025-03-15T11:14:55.447+0000] {dagbag.py:588} INFO - Filling up the DagBag from /opt/airflow/dags/first_dag.py
[2025-03-15T11:14:55.504+0000] {processor.py:925} INFO - DAG(s) 'fetch_road_data' retrieved from /opt/airflow/dags/first_dag.py
[2025-03-15T11:14:55.658+0000] {logging_mixin.py:190} INFO - [2025-03-15T11:14:55.658+0000] {dag.py:3239} INFO - Sync 1 DAGs
[2025-03-15T11:14:55.763+0000] {logging_mixin.py:190} INFO - [2025-03-15T11:14:55.763+0000] {dag.py:4180} INFO - Setting next_dagrun for fetch_road_data to 2025-03-15 10:00:00+00:00, run_after=2025-03-15 11:00:00+00:00
[2025-03-15T11:14:55.843+0000] {processor.py:208} INFO - Processing /opt/airflow/dags/first_dag.py took 0.406 seconds
[2025-03-15T11:15:25.989+0000] {processor.py:186} INFO - Started process (PID=712) to work on /opt/airflow/dags/first_dag.py
[2025-03-15T11:15:25.990+0000] {processor.py:914} INFO - Processing file /opt/airflow/dags/first_dag.py for tasks to queue
[2025-03-15T11:15:25.993+0000] {logging_mixin.py:190} INFO - [2025-03-15T11:15:25.993+0000] {dagbag.py:588} INFO - Filling up the DagBag from /opt/airflow/dags/first_dag.py
[2025-03-15T11:15:26.043+0000] {processor.py:925} INFO - DAG(s) 'fetch_road_data' retrieved from /opt/airflow/dags/first_dag.py
[2025-03-15T11:15:26.165+0000] {logging_mixin.py:190} INFO - [2025-03-15T11:15:26.165+0000] {dag.py:3239} INFO - Sync 1 DAGs
[2025-03-15T11:15:26.224+0000] {logging_mixin.py:190} INFO - [2025-03-15T11:15:26.224+0000] {dag.py:4180} INFO - Setting next_dagrun for fetch_road_data to 2025-03-15 10:00:00+00:00, run_after=2025-03-15 11:00:00+00:00
[2025-03-15T11:15:26.306+0000] {processor.py:208} INFO - Processing /opt/airflow/dags/first_dag.py took 0.323 seconds
[2025-03-15T11:15:56.784+0000] {processor.py:186} INFO - Started process (PID=717) to work on /opt/airflow/dags/first_dag.py
[2025-03-15T11:15:56.785+0000] {processor.py:914} INFO - Processing file /opt/airflow/dags/first_dag.py for tasks to queue
[2025-03-15T11:15:56.788+0000] {logging_mixin.py:190} INFO - [2025-03-15T11:15:56.788+0000] {dagbag.py:588} INFO - Filling up the DagBag from /opt/airflow/dags/first_dag.py
[2025-03-15T11:15:56.835+0000] {processor.py:925} INFO - DAG(s) 'fetch_road_data' retrieved from /opt/airflow/dags/first_dag.py
[2025-03-15T11:15:56.949+0000] {logging_mixin.py:190} INFO - [2025-03-15T11:15:56.949+0000] {dag.py:3239} INFO - Sync 1 DAGs
[2025-03-15T11:15:57.019+0000] {logging_mixin.py:190} INFO - [2025-03-15T11:15:57.019+0000] {dag.py:4180} INFO - Setting next_dagrun for fetch_road_data to 2025-03-15 10:00:00+00:00, run_after=2025-03-15 11:00:00+00:00
[2025-03-15T11:15:57.099+0000] {processor.py:208} INFO - Processing /opt/airflow/dags/first_dag.py took 0.322 seconds
[2025-03-15T11:16:27.638+0000] {processor.py:186} INFO - Started process (PID=722) to work on /opt/airflow/dags/first_dag.py
[2025-03-15T11:16:27.639+0000] {processor.py:914} INFO - Processing file /opt/airflow/dags/first_dag.py for tasks to queue
[2025-03-15T11:16:27.642+0000] {logging_mixin.py:190} INFO - [2025-03-15T11:16:27.642+0000] {dagbag.py:588} INFO - Filling up the DagBag from /opt/airflow/dags/first_dag.py
[2025-03-15T11:16:27.716+0000] {processor.py:925} INFO - DAG(s) 'fetch_road_data' retrieved from /opt/airflow/dags/first_dag.py
[2025-03-15T11:16:27.876+0000] {logging_mixin.py:190} INFO - [2025-03-15T11:16:27.875+0000] {dag.py:3239} INFO - Sync 1 DAGs
[2025-03-15T11:16:27.942+0000] {logging_mixin.py:190} INFO - [2025-03-15T11:16:27.942+0000] {dag.py:4180} INFO - Setting next_dagrun for fetch_road_data to 2025-03-15 10:00:00+00:00, run_after=2025-03-15 11:00:00+00:00
[2025-03-15T11:16:28.020+0000] {processor.py:208} INFO - Processing /opt/airflow/dags/first_dag.py took 0.389 seconds
[2025-03-15T11:16:58.590+0000] {processor.py:186} INFO - Started process (PID=727) to work on /opt/airflow/dags/first_dag.py
[2025-03-15T11:16:58.592+0000] {processor.py:914} INFO - Processing file /opt/airflow/dags/first_dag.py for tasks to queue
[2025-03-15T11:16:58.596+0000] {logging_mixin.py:190} INFO - [2025-03-15T11:16:58.595+0000] {dagbag.py:588} INFO - Filling up the DagBag from /opt/airflow/dags/first_dag.py
[2025-03-15T11:16:58.665+0000] {processor.py:925} INFO - DAG(s) 'fetch_road_data' retrieved from /opt/airflow/dags/first_dag.py
[2025-03-15T11:16:58.776+0000] {logging_mixin.py:190} INFO - [2025-03-15T11:16:58.776+0000] {dag.py:3239} INFO - Sync 1 DAGs
[2025-03-15T11:16:58.840+0000] {logging_mixin.py:190} INFO - [2025-03-15T11:16:58.839+0000] {dag.py:4180} INFO - Setting next_dagrun for fetch_road_data to 2025-03-15 10:00:00+00:00, run_after=2025-03-15 11:00:00+00:00
[2025-03-15T11:16:58.930+0000] {processor.py:208} INFO - Processing /opt/airflow/dags/first_dag.py took 0.352 seconds
[2025-03-15T11:17:29.466+0000] {processor.py:186} INFO - Started process (PID=732) to work on /opt/airflow/dags/first_dag.py
[2025-03-15T11:17:29.467+0000] {processor.py:914} INFO - Processing file /opt/airflow/dags/first_dag.py for tasks to queue
[2025-03-15T11:17:29.469+0000] {logging_mixin.py:190} INFO - [2025-03-15T11:17:29.469+0000] {dagbag.py:588} INFO - Filling up the DagBag from /opt/airflow/dags/first_dag.py
[2025-03-15T11:17:29.524+0000] {processor.py:925} INFO - DAG(s) 'fetch_road_data' retrieved from /opt/airflow/dags/first_dag.py
[2025-03-15T11:17:29.693+0000] {logging_mixin.py:190} INFO - [2025-03-15T11:17:29.692+0000] {dag.py:3239} INFO - Sync 1 DAGs
[2025-03-15T11:17:29.798+0000] {logging_mixin.py:190} INFO - [2025-03-15T11:17:29.798+0000] {dag.py:4180} INFO - Setting next_dagrun for fetch_road_data to 2025-03-15 10:00:00+00:00, run_after=2025-03-15 11:00:00+00:00
[2025-03-15T11:17:29.895+0000] {processor.py:208} INFO - Processing /opt/airflow/dags/first_dag.py took 0.435 seconds
[2025-03-15T11:18:00.442+0000] {processor.py:186} INFO - Started process (PID=737) to work on /opt/airflow/dags/first_dag.py
[2025-03-15T11:18:00.444+0000] {processor.py:914} INFO - Processing file /opt/airflow/dags/first_dag.py for tasks to queue
[2025-03-15T11:18:00.448+0000] {logging_mixin.py:190} INFO - [2025-03-15T11:18:00.447+0000] {dagbag.py:588} INFO - Filling up the DagBag from /opt/airflow/dags/first_dag.py
[2025-03-15T11:18:00.525+0000] {processor.py:925} INFO - DAG(s) 'fetch_road_data' retrieved from /opt/airflow/dags/first_dag.py
[2025-03-15T11:18:00.652+0000] {logging_mixin.py:190} INFO - [2025-03-15T11:18:00.652+0000] {dag.py:3239} INFO - Sync 1 DAGs
[2025-03-15T11:18:00.726+0000] {logging_mixin.py:190} INFO - [2025-03-15T11:18:00.725+0000] {dag.py:4180} INFO - Setting next_dagrun for fetch_road_data to 2025-03-15 10:00:00+00:00, run_after=2025-03-15 11:00:00+00:00
[2025-03-15T11:18:00.817+0000] {processor.py:208} INFO - Processing /opt/airflow/dags/first_dag.py took 0.384 seconds
[2025-03-15T11:18:31.343+0000] {processor.py:186} INFO - Started process (PID=742) to work on /opt/airflow/dags/first_dag.py
[2025-03-15T11:18:31.345+0000] {processor.py:914} INFO - Processing file /opt/airflow/dags/first_dag.py for tasks to queue
[2025-03-15T11:18:31.349+0000] {logging_mixin.py:190} INFO - [2025-03-15T11:18:31.348+0000] {dagbag.py:588} INFO - Filling up the DagBag from /opt/airflow/dags/first_dag.py
[2025-03-15T11:18:31.405+0000] {processor.py:925} INFO - DAG(s) 'fetch_road_data' retrieved from /opt/airflow/dags/first_dag.py
[2025-03-15T11:18:31.541+0000] {logging_mixin.py:190} INFO - [2025-03-15T11:18:31.540+0000] {dag.py:3239} INFO - Sync 1 DAGs
[2025-03-15T11:18:31.634+0000] {logging_mixin.py:190} INFO - [2025-03-15T11:18:31.633+0000] {dag.py:4180} INFO - Setting next_dagrun for fetch_road_data to 2025-03-15 10:00:00+00:00, run_after=2025-03-15 11:00:00+00:00
[2025-03-15T11:18:31.734+0000] {processor.py:208} INFO - Processing /opt/airflow/dags/first_dag.py took 0.401 seconds
[2025-03-15T11:19:02.546+0000] {processor.py:186} INFO - Started process (PID=747) to work on /opt/airflow/dags/first_dag.py
[2025-03-15T11:19:02.548+0000] {processor.py:914} INFO - Processing file /opt/airflow/dags/first_dag.py for tasks to queue
[2025-03-15T11:19:02.552+0000] {logging_mixin.py:190} INFO - [2025-03-15T11:19:02.552+0000] {dagbag.py:588} INFO - Filling up the DagBag from /opt/airflow/dags/first_dag.py
[2025-03-15T11:19:02.608+0000] {processor.py:925} INFO - DAG(s) 'fetch_road_data' retrieved from /opt/airflow/dags/first_dag.py
[2025-03-15T11:19:02.761+0000] {logging_mixin.py:190} INFO - [2025-03-15T11:19:02.761+0000] {dag.py:3239} INFO - Sync 1 DAGs
[2025-03-15T11:19:02.890+0000] {logging_mixin.py:190} INFO - [2025-03-15T11:19:02.890+0000] {dag.py:4180} INFO - Setting next_dagrun for fetch_road_data to 2025-03-15 10:00:00+00:00, run_after=2025-03-15 11:00:00+00:00
[2025-03-15T11:19:02.976+0000] {processor.py:208} INFO - Processing /opt/airflow/dags/first_dag.py took 0.439 seconds
[2025-03-15T11:19:33.148+0000] {processor.py:186} INFO - Started process (PID=752) to work on /opt/airflow/dags/first_dag.py
[2025-03-15T11:19:33.149+0000] {processor.py:914} INFO - Processing file /opt/airflow/dags/first_dag.py for tasks to queue
[2025-03-15T11:19:33.153+0000] {logging_mixin.py:190} INFO - [2025-03-15T11:19:33.152+0000] {dagbag.py:588} INFO - Filling up the DagBag from /opt/airflow/dags/first_dag.py
[2025-03-15T11:19:33.229+0000] {processor.py:925} INFO - DAG(s) 'fetch_road_data' retrieved from /opt/airflow/dags/first_dag.py
[2025-03-15T11:19:33.384+0000] {logging_mixin.py:190} INFO - [2025-03-15T11:19:33.384+0000] {dag.py:3239} INFO - Sync 1 DAGs
[2025-03-15T11:19:33.465+0000] {logging_mixin.py:190} INFO - [2025-03-15T11:19:33.465+0000] {dag.py:4180} INFO - Setting next_dagrun for fetch_road_data to 2025-03-15 10:00:00+00:00, run_after=2025-03-15 11:00:00+00:00
[2025-03-15T11:19:33.534+0000] {processor.py:208} INFO - Processing /opt/airflow/dags/first_dag.py took 0.392 seconds
[2025-03-15T11:20:03.923+0000] {processor.py:186} INFO - Started process (PID=757) to work on /opt/airflow/dags/first_dag.py
[2025-03-15T11:20:03.925+0000] {processor.py:914} INFO - Processing file /opt/airflow/dags/first_dag.py for tasks to queue
[2025-03-15T11:20:03.928+0000] {logging_mixin.py:190} INFO - [2025-03-15T11:20:03.928+0000] {dagbag.py:588} INFO - Filling up the DagBag from /opt/airflow/dags/first_dag.py
[2025-03-15T11:20:04.006+0000] {processor.py:925} INFO - DAG(s) 'fetch_road_data' retrieved from /opt/airflow/dags/first_dag.py
[2025-03-15T11:20:04.187+0000] {logging_mixin.py:190} INFO - [2025-03-15T11:20:04.187+0000] {dag.py:3239} INFO - Sync 1 DAGs
[2025-03-15T11:20:04.290+0000] {logging_mixin.py:190} INFO - [2025-03-15T11:20:04.289+0000] {dag.py:4180} INFO - Setting next_dagrun for fetch_road_data to 2025-03-15 10:00:00+00:00, run_after=2025-03-15 11:00:00+00:00
[2025-03-15T11:20:04.385+0000] {processor.py:208} INFO - Processing /opt/airflow/dags/first_dag.py took 0.467 seconds
[2025-03-15T11:20:34.951+0000] {processor.py:186} INFO - Started process (PID=762) to work on /opt/airflow/dags/first_dag.py
[2025-03-15T11:20:34.953+0000] {processor.py:914} INFO - Processing file /opt/airflow/dags/first_dag.py for tasks to queue
[2025-03-15T11:20:34.956+0000] {logging_mixin.py:190} INFO - [2025-03-15T11:20:34.956+0000] {dagbag.py:588} INFO - Filling up the DagBag from /opt/airflow/dags/first_dag.py
[2025-03-15T11:20:35.043+0000] {processor.py:925} INFO - DAG(s) 'fetch_road_data' retrieved from /opt/airflow/dags/first_dag.py
[2025-03-15T11:20:35.141+0000] {logging_mixin.py:190} INFO - [2025-03-15T11:20:35.140+0000] {dag.py:3239} INFO - Sync 1 DAGs
[2025-03-15T11:20:35.231+0000] {logging_mixin.py:190} INFO - [2025-03-15T11:20:35.231+0000] {dag.py:4180} INFO - Setting next_dagrun for fetch_road_data to 2025-03-15 10:00:00+00:00, run_after=2025-03-15 11:00:00+00:00
[2025-03-15T11:20:35.316+0000] {processor.py:208} INFO - Processing /opt/airflow/dags/first_dag.py took 0.375 seconds
[2025-03-15T11:21:05.821+0000] {processor.py:186} INFO - Started process (PID=767) to work on /opt/airflow/dags/first_dag.py
[2025-03-15T11:21:05.823+0000] {processor.py:914} INFO - Processing file /opt/airflow/dags/first_dag.py for tasks to queue
[2025-03-15T11:21:05.826+0000] {logging_mixin.py:190} INFO - [2025-03-15T11:21:05.826+0000] {dagbag.py:588} INFO - Filling up the DagBag from /opt/airflow/dags/first_dag.py
[2025-03-15T11:21:05.903+0000] {processor.py:925} INFO - DAG(s) 'fetch_road_data' retrieved from /opt/airflow/dags/first_dag.py
[2025-03-15T11:21:06.038+0000] {logging_mixin.py:190} INFO - [2025-03-15T11:21:06.037+0000] {dag.py:3239} INFO - Sync 1 DAGs
[2025-03-15T11:21:06.137+0000] {logging_mixin.py:190} INFO - [2025-03-15T11:21:06.136+0000] {dag.py:4180} INFO - Setting next_dagrun for fetch_road_data to 2025-03-15 10:00:00+00:00, run_after=2025-03-15 11:00:00+00:00
[2025-03-15T11:21:06.208+0000] {processor.py:208} INFO - Processing /opt/airflow/dags/first_dag.py took 0.392 seconds
[2025-03-15T11:21:36.710+0000] {processor.py:186} INFO - Started process (PID=772) to work on /opt/airflow/dags/first_dag.py
[2025-03-15T11:21:36.711+0000] {processor.py:914} INFO - Processing file /opt/airflow/dags/first_dag.py for tasks to queue
[2025-03-15T11:21:36.714+0000] {logging_mixin.py:190} INFO - [2025-03-15T11:21:36.714+0000] {dagbag.py:588} INFO - Filling up the DagBag from /opt/airflow/dags/first_dag.py
[2025-03-15T11:21:36.771+0000] {processor.py:925} INFO - DAG(s) 'fetch_road_data' retrieved from /opt/airflow/dags/first_dag.py
[2025-03-15T11:21:36.892+0000] {logging_mixin.py:190} INFO - [2025-03-15T11:21:36.891+0000] {dag.py:3239} INFO - Sync 1 DAGs
[2025-03-15T11:21:36.994+0000] {logging_mixin.py:190} INFO - [2025-03-15T11:21:36.994+0000] {dag.py:4180} INFO - Setting next_dagrun for fetch_road_data to 2025-03-15 10:00:00+00:00, run_after=2025-03-15 11:00:00+00:00
[2025-03-15T11:21:37.081+0000] {processor.py:208} INFO - Processing /opt/airflow/dags/first_dag.py took 0.377 seconds
[2025-03-15T11:22:07.589+0000] {processor.py:186} INFO - Started process (PID=777) to work on /opt/airflow/dags/first_dag.py
[2025-03-15T11:22:07.591+0000] {processor.py:914} INFO - Processing file /opt/airflow/dags/first_dag.py for tasks to queue
[2025-03-15T11:22:07.595+0000] {logging_mixin.py:190} INFO - [2025-03-15T11:22:07.594+0000] {dagbag.py:588} INFO - Filling up the DagBag from /opt/airflow/dags/first_dag.py
[2025-03-15T11:22:07.671+0000] {processor.py:925} INFO - DAG(s) 'fetch_road_data' retrieved from /opt/airflow/dags/first_dag.py
[2025-03-15T11:22:07.830+0000] {logging_mixin.py:190} INFO - [2025-03-15T11:22:07.829+0000] {dag.py:3239} INFO - Sync 1 DAGs
[2025-03-15T11:22:07.899+0000] {logging_mixin.py:190} INFO - [2025-03-15T11:22:07.899+0000] {dag.py:4180} INFO - Setting next_dagrun for fetch_road_data to 2025-03-15 10:00:00+00:00, run_after=2025-03-15 11:00:00+00:00
[2025-03-15T11:22:07.985+0000] {processor.py:208} INFO - Processing /opt/airflow/dags/first_dag.py took 0.402 seconds
[2025-03-15T11:22:38.535+0000] {processor.py:186} INFO - Started process (PID=782) to work on /opt/airflow/dags/first_dag.py
[2025-03-15T11:22:38.537+0000] {processor.py:914} INFO - Processing file /opt/airflow/dags/first_dag.py for tasks to queue
[2025-03-15T11:22:38.542+0000] {logging_mixin.py:190} INFO - [2025-03-15T11:22:38.541+0000] {dagbag.py:588} INFO - Filling up the DagBag from /opt/airflow/dags/first_dag.py
[2025-03-15T11:22:38.594+0000] {processor.py:925} INFO - DAG(s) 'fetch_road_data' retrieved from /opt/airflow/dags/first_dag.py
[2025-03-15T11:22:38.733+0000] {logging_mixin.py:190} INFO - [2025-03-15T11:22:38.733+0000] {dag.py:3239} INFO - Sync 1 DAGs
[2025-03-15T11:22:38.809+0000] {logging_mixin.py:190} INFO - [2025-03-15T11:22:38.809+0000] {dag.py:4180} INFO - Setting next_dagrun for fetch_road_data to 2025-03-15 10:00:00+00:00, run_after=2025-03-15 11:00:00+00:00
[2025-03-15T11:22:38.883+0000] {processor.py:208} INFO - Processing /opt/airflow/dags/first_dag.py took 0.354 seconds
[2025-03-15T11:23:09.400+0000] {processor.py:186} INFO - Started process (PID=787) to work on /opt/airflow/dags/first_dag.py
[2025-03-15T11:23:09.402+0000] {processor.py:914} INFO - Processing file /opt/airflow/dags/first_dag.py for tasks to queue
[2025-03-15T11:23:09.406+0000] {logging_mixin.py:190} INFO - [2025-03-15T11:23:09.406+0000] {dagbag.py:588} INFO - Filling up the DagBag from /opt/airflow/dags/first_dag.py
[2025-03-15T11:23:09.454+0000] {processor.py:925} INFO - DAG(s) 'fetch_road_data' retrieved from /opt/airflow/dags/first_dag.py
[2025-03-15T11:23:09.572+0000] {logging_mixin.py:190} INFO - [2025-03-15T11:23:09.572+0000] {dag.py:3239} INFO - Sync 1 DAGs
[2025-03-15T11:23:09.640+0000] {logging_mixin.py:190} INFO - [2025-03-15T11:23:09.639+0000] {dag.py:4180} INFO - Setting next_dagrun for fetch_road_data to 2025-03-15 10:00:00+00:00, run_after=2025-03-15 11:00:00+00:00
[2025-03-15T11:23:09.731+0000] {processor.py:208} INFO - Processing /opt/airflow/dags/first_dag.py took 0.337 seconds
[2025-03-15T11:23:40.282+0000] {processor.py:186} INFO - Started process (PID=792) to work on /opt/airflow/dags/first_dag.py
[2025-03-15T11:23:40.284+0000] {processor.py:914} INFO - Processing file /opt/airflow/dags/first_dag.py for tasks to queue
[2025-03-15T11:23:40.286+0000] {logging_mixin.py:190} INFO - [2025-03-15T11:23:40.286+0000] {dagbag.py:588} INFO - Filling up the DagBag from /opt/airflow/dags/first_dag.py
[2025-03-15T11:23:40.336+0000] {processor.py:925} INFO - DAG(s) 'fetch_road_data' retrieved from /opt/airflow/dags/first_dag.py
[2025-03-15T11:23:40.449+0000] {logging_mixin.py:190} INFO - [2025-03-15T11:23:40.449+0000] {dag.py:3239} INFO - Sync 1 DAGs
[2025-03-15T11:23:40.519+0000] {logging_mixin.py:190} INFO - [2025-03-15T11:23:40.519+0000] {dag.py:4180} INFO - Setting next_dagrun for fetch_road_data to 2025-03-15 10:00:00+00:00, run_after=2025-03-15 11:00:00+00:00
[2025-03-15T11:23:40.593+0000] {processor.py:208} INFO - Processing /opt/airflow/dags/first_dag.py took 0.316 seconds
[2025-03-15T11:24:10.818+0000] {processor.py:186} INFO - Started process (PID=797) to work on /opt/airflow/dags/first_dag.py
[2025-03-15T11:24:10.820+0000] {processor.py:914} INFO - Processing file /opt/airflow/dags/first_dag.py for tasks to queue
[2025-03-15T11:24:10.822+0000] {logging_mixin.py:190} INFO - [2025-03-15T11:24:10.822+0000] {dagbag.py:588} INFO - Filling up the DagBag from /opt/airflow/dags/first_dag.py
[2025-03-15T11:24:10.871+0000] {processor.py:925} INFO - DAG(s) 'fetch_road_data' retrieved from /opt/airflow/dags/first_dag.py
[2025-03-15T11:24:11.013+0000] {logging_mixin.py:190} INFO - [2025-03-15T11:24:11.012+0000] {dag.py:3239} INFO - Sync 1 DAGs
[2025-03-15T11:24:11.113+0000] {logging_mixin.py:190} INFO - [2025-03-15T11:24:11.113+0000] {dag.py:4180} INFO - Setting next_dagrun for fetch_road_data to 2025-03-15 10:00:00+00:00, run_after=2025-03-15 11:00:00+00:00
[2025-03-15T11:24:11.207+0000] {processor.py:208} INFO - Processing /opt/airflow/dags/first_dag.py took 0.395 seconds
[2025-03-15T11:24:41.532+0000] {processor.py:186} INFO - Started process (PID=802) to work on /opt/airflow/dags/first_dag.py
[2025-03-15T11:24:41.534+0000] {processor.py:914} INFO - Processing file /opt/airflow/dags/first_dag.py for tasks to queue
[2025-03-15T11:24:41.537+0000] {logging_mixin.py:190} INFO - [2025-03-15T11:24:41.536+0000] {dagbag.py:588} INFO - Filling up the DagBag from /opt/airflow/dags/first_dag.py
[2025-03-15T11:24:41.585+0000] {processor.py:925} INFO - DAG(s) 'fetch_road_data' retrieved from /opt/airflow/dags/first_dag.py
[2025-03-15T11:24:41.703+0000] {logging_mixin.py:190} INFO - [2025-03-15T11:24:41.702+0000] {dag.py:3239} INFO - Sync 1 DAGs
[2025-03-15T11:24:41.785+0000] {logging_mixin.py:190} INFO - [2025-03-15T11:24:41.785+0000] {dag.py:4180} INFO - Setting next_dagrun for fetch_road_data to 2025-03-15 10:00:00+00:00, run_after=2025-03-15 11:00:00+00:00
[2025-03-15T11:24:41.863+0000] {processor.py:208} INFO - Processing /opt/airflow/dags/first_dag.py took 0.336 seconds
[2025-03-15T11:25:12.169+0000] {processor.py:186} INFO - Started process (PID=807) to work on /opt/airflow/dags/first_dag.py
[2025-03-15T11:25:12.171+0000] {processor.py:914} INFO - Processing file /opt/airflow/dags/first_dag.py for tasks to queue
[2025-03-15T11:25:12.174+0000] {logging_mixin.py:190} INFO - [2025-03-15T11:25:12.173+0000] {dagbag.py:588} INFO - Filling up the DagBag from /opt/airflow/dags/first_dag.py
[2025-03-15T11:25:12.226+0000] {processor.py:925} INFO - DAG(s) 'fetch_road_data' retrieved from /opt/airflow/dags/first_dag.py
[2025-03-15T11:25:12.378+0000] {logging_mixin.py:190} INFO - [2025-03-15T11:25:12.377+0000] {dag.py:3239} INFO - Sync 1 DAGs
[2025-03-15T11:25:12.472+0000] {logging_mixin.py:190} INFO - [2025-03-15T11:25:12.471+0000] {dag.py:4180} INFO - Setting next_dagrun for fetch_road_data to 2025-03-15 10:00:00+00:00, run_after=2025-03-15 11:00:00+00:00
[2025-03-15T11:25:12.555+0000] {processor.py:208} INFO - Processing /opt/airflow/dags/first_dag.py took 0.391 seconds
[2025-03-15T11:25:42.828+0000] {processor.py:186} INFO - Started process (PID=812) to work on /opt/airflow/dags/first_dag.py
[2025-03-15T11:25:42.830+0000] {processor.py:914} INFO - Processing file /opt/airflow/dags/first_dag.py for tasks to queue
[2025-03-15T11:25:42.835+0000] {logging_mixin.py:190} INFO - [2025-03-15T11:25:42.834+0000] {dagbag.py:588} INFO - Filling up the DagBag from /opt/airflow/dags/first_dag.py
[2025-03-15T11:25:42.889+0000] {processor.py:925} INFO - DAG(s) 'fetch_road_data' retrieved from /opt/airflow/dags/first_dag.py
[2025-03-15T11:25:43.038+0000] {logging_mixin.py:190} INFO - [2025-03-15T11:25:43.038+0000] {dag.py:3239} INFO - Sync 1 DAGs
[2025-03-15T11:25:43.152+0000] {logging_mixin.py:190} INFO - [2025-03-15T11:25:43.152+0000] {dag.py:4180} INFO - Setting next_dagrun for fetch_road_data to 2025-03-15 10:00:00+00:00, run_after=2025-03-15 11:00:00+00:00
[2025-03-15T11:25:43.235+0000] {processor.py:208} INFO - Processing /opt/airflow/dags/first_dag.py took 0.416 seconds
[2025-03-15T11:26:13.508+0000] {processor.py:186} INFO - Started process (PID=817) to work on /opt/airflow/dags/first_dag.py
[2025-03-15T11:26:13.509+0000] {processor.py:914} INFO - Processing file /opt/airflow/dags/first_dag.py for tasks to queue
[2025-03-15T11:26:13.512+0000] {logging_mixin.py:190} INFO - [2025-03-15T11:26:13.512+0000] {dagbag.py:588} INFO - Filling up the DagBag from /opt/airflow/dags/first_dag.py
[2025-03-15T11:26:13.560+0000] {processor.py:925} INFO - DAG(s) 'fetch_road_data' retrieved from /opt/airflow/dags/first_dag.py
[2025-03-15T11:26:13.690+0000] {logging_mixin.py:190} INFO - [2025-03-15T11:26:13.690+0000] {dag.py:3239} INFO - Sync 1 DAGs
[2025-03-15T11:26:13.797+0000] {logging_mixin.py:190} INFO - [2025-03-15T11:26:13.797+0000] {dag.py:4180} INFO - Setting next_dagrun for fetch_road_data to 2025-03-15 10:00:00+00:00, run_after=2025-03-15 11:00:00+00:00
[2025-03-15T11:26:13.886+0000] {processor.py:208} INFO - Processing /opt/airflow/dags/first_dag.py took 0.384 seconds
[2025-03-15T11:26:44.204+0000] {processor.py:186} INFO - Started process (PID=822) to work on /opt/airflow/dags/first_dag.py
[2025-03-15T11:26:44.206+0000] {processor.py:914} INFO - Processing file /opt/airflow/dags/first_dag.py for tasks to queue
[2025-03-15T11:26:44.209+0000] {logging_mixin.py:190} INFO - [2025-03-15T11:26:44.208+0000] {dagbag.py:588} INFO - Filling up the DagBag from /opt/airflow/dags/first_dag.py
[2025-03-15T11:26:44.289+0000] {processor.py:925} INFO - DAG(s) 'fetch_road_data' retrieved from /opt/airflow/dags/first_dag.py
[2025-03-15T11:26:44.448+0000] {logging_mixin.py:190} INFO - [2025-03-15T11:26:44.448+0000] {dag.py:3239} INFO - Sync 1 DAGs
[2025-03-15T11:26:44.566+0000] {logging_mixin.py:190} INFO - [2025-03-15T11:26:44.565+0000] {dag.py:4180} INFO - Setting next_dagrun for fetch_road_data to 2025-03-15 10:00:00+00:00, run_after=2025-03-15 11:00:00+00:00
[2025-03-15T11:26:44.657+0000] {processor.py:208} INFO - Processing /opt/airflow/dags/first_dag.py took 0.463 seconds
[2025-03-15T11:27:15.209+0000] {processor.py:186} INFO - Started process (PID=827) to work on /opt/airflow/dags/first_dag.py
[2025-03-15T11:27:15.212+0000] {processor.py:914} INFO - Processing file /opt/airflow/dags/first_dag.py for tasks to queue
[2025-03-15T11:27:15.218+0000] {logging_mixin.py:190} INFO - [2025-03-15T11:27:15.217+0000] {dagbag.py:588} INFO - Filling up the DagBag from /opt/airflow/dags/first_dag.py
[2025-03-15T11:27:15.282+0000] {processor.py:925} INFO - DAG(s) 'fetch_road_data' retrieved from /opt/airflow/dags/first_dag.py
[2025-03-15T11:27:15.392+0000] {logging_mixin.py:190} INFO - [2025-03-15T11:27:15.391+0000] {dag.py:3239} INFO - Sync 1 DAGs
[2025-03-15T11:27:15.455+0000] {logging_mixin.py:190} INFO - [2025-03-15T11:27:15.455+0000] {dag.py:4180} INFO - Setting next_dagrun for fetch_road_data to 2025-03-15 10:00:00+00:00, run_after=2025-03-15 11:00:00+00:00
[2025-03-15T11:27:15.527+0000] {processor.py:208} INFO - Processing /opt/airflow/dags/first_dag.py took 0.328 seconds
[2025-03-15T11:27:46.059+0000] {processor.py:186} INFO - Started process (PID=832) to work on /opt/airflow/dags/first_dag.py
[2025-03-15T11:27:46.061+0000] {processor.py:914} INFO - Processing file /opt/airflow/dags/first_dag.py for tasks to queue
[2025-03-15T11:27:46.064+0000] {logging_mixin.py:190} INFO - [2025-03-15T11:27:46.064+0000] {dagbag.py:588} INFO - Filling up the DagBag from /opt/airflow/dags/first_dag.py
[2025-03-15T11:27:46.119+0000] {processor.py:925} INFO - DAG(s) 'fetch_road_data' retrieved from /opt/airflow/dags/first_dag.py
[2025-03-15T11:27:46.241+0000] {logging_mixin.py:190} INFO - [2025-03-15T11:27:46.240+0000] {dag.py:3239} INFO - Sync 1 DAGs
[2025-03-15T11:27:46.322+0000] {logging_mixin.py:190} INFO - [2025-03-15T11:27:46.322+0000] {dag.py:4180} INFO - Setting next_dagrun for fetch_road_data to 2025-03-15 10:00:00+00:00, run_after=2025-03-15 11:00:00+00:00
[2025-03-15T11:27:46.400+0000] {processor.py:208} INFO - Processing /opt/airflow/dags/first_dag.py took 0.349 seconds
[2025-03-15T11:28:16.950+0000] {processor.py:186} INFO - Started process (PID=837) to work on /opt/airflow/dags/first_dag.py
[2025-03-15T11:28:16.951+0000] {processor.py:914} INFO - Processing file /opt/airflow/dags/first_dag.py for tasks to queue
[2025-03-15T11:28:16.954+0000] {logging_mixin.py:190} INFO - [2025-03-15T11:28:16.953+0000] {dagbag.py:588} INFO - Filling up the DagBag from /opt/airflow/dags/first_dag.py
[2025-03-15T11:28:17.009+0000] {processor.py:925} INFO - DAG(s) 'fetch_road_data' retrieved from /opt/airflow/dags/first_dag.py
[2025-03-15T11:28:17.128+0000] {logging_mixin.py:190} INFO - [2025-03-15T11:28:17.128+0000] {dag.py:3239} INFO - Sync 1 DAGs
[2025-03-15T11:28:17.195+0000] {logging_mixin.py:190} INFO - [2025-03-15T11:28:17.195+0000] {dag.py:4180} INFO - Setting next_dagrun for fetch_road_data to 2025-03-15 10:00:00+00:00, run_after=2025-03-15 11:00:00+00:00
[2025-03-15T11:28:17.277+0000] {processor.py:208} INFO - Processing /opt/airflow/dags/first_dag.py took 0.333 seconds
[2025-03-15T11:28:47.845+0000] {processor.py:186} INFO - Started process (PID=842) to work on /opt/airflow/dags/first_dag.py
[2025-03-15T11:28:47.847+0000] {processor.py:914} INFO - Processing file /opt/airflow/dags/first_dag.py for tasks to queue
[2025-03-15T11:28:47.850+0000] {logging_mixin.py:190} INFO - [2025-03-15T11:28:47.849+0000] {dagbag.py:588} INFO - Filling up the DagBag from /opt/airflow/dags/first_dag.py
[2025-03-15T11:28:47.923+0000] {processor.py:925} INFO - DAG(s) 'fetch_road_data' retrieved from /opt/airflow/dags/first_dag.py
[2025-03-15T11:28:48.083+0000] {logging_mixin.py:190} INFO - [2025-03-15T11:28:48.083+0000] {dag.py:3239} INFO - Sync 1 DAGs
[2025-03-15T11:28:48.147+0000] {logging_mixin.py:190} INFO - [2025-03-15T11:28:48.147+0000] {dag.py:4180} INFO - Setting next_dagrun for fetch_road_data to 2025-03-15 10:00:00+00:00, run_after=2025-03-15 11:00:00+00:00
[2025-03-15T11:28:48.221+0000] {processor.py:208} INFO - Processing /opt/airflow/dags/first_dag.py took 0.386 seconds
[2025-03-15T11:29:18.751+0000] {processor.py:186} INFO - Started process (PID=847) to work on /opt/airflow/dags/first_dag.py
[2025-03-15T11:29:18.752+0000] {processor.py:914} INFO - Processing file /opt/airflow/dags/first_dag.py for tasks to queue
[2025-03-15T11:29:18.755+0000] {logging_mixin.py:190} INFO - [2025-03-15T11:29:18.755+0000] {dagbag.py:588} INFO - Filling up the DagBag from /opt/airflow/dags/first_dag.py
[2025-03-15T11:29:18.809+0000] {processor.py:925} INFO - DAG(s) 'fetch_road_data' retrieved from /opt/airflow/dags/first_dag.py
[2025-03-15T11:29:18.950+0000] {logging_mixin.py:190} INFO - [2025-03-15T11:29:18.950+0000] {dag.py:3239} INFO - Sync 1 DAGs
[2025-03-15T11:29:19.059+0000] {logging_mixin.py:190} INFO - [2025-03-15T11:29:19.059+0000] {dag.py:4180} INFO - Setting next_dagrun for fetch_road_data to 2025-03-15 10:00:00+00:00, run_after=2025-03-15 11:00:00+00:00
[2025-03-15T11:29:19.157+0000] {processor.py:208} INFO - Processing /opt/airflow/dags/first_dag.py took 0.411 seconds
[2025-03-15T11:29:49.684+0000] {processor.py:186} INFO - Started process (PID=852) to work on /opt/airflow/dags/first_dag.py
[2025-03-15T11:29:49.685+0000] {processor.py:914} INFO - Processing file /opt/airflow/dags/first_dag.py for tasks to queue
[2025-03-15T11:29:49.688+0000] {logging_mixin.py:190} INFO - [2025-03-15T11:29:49.687+0000] {dagbag.py:588} INFO - Filling up the DagBag from /opt/airflow/dags/first_dag.py
[2025-03-15T11:29:49.742+0000] {processor.py:925} INFO - DAG(s) 'fetch_road_data' retrieved from /opt/airflow/dags/first_dag.py
[2025-03-15T11:29:49.852+0000] {logging_mixin.py:190} INFO - [2025-03-15T11:29:49.852+0000] {dag.py:3239} INFO - Sync 1 DAGs
[2025-03-15T11:29:49.912+0000] {logging_mixin.py:190} INFO - [2025-03-15T11:29:49.912+0000] {dag.py:4180} INFO - Setting next_dagrun for fetch_road_data to 2025-03-15 10:00:00+00:00, run_after=2025-03-15 11:00:00+00:00
[2025-03-15T11:29:49.987+0000] {processor.py:208} INFO - Processing /opt/airflow/dags/first_dag.py took 0.309 seconds
[2025-03-15T11:30:20.146+0000] {processor.py:186} INFO - Started process (PID=857) to work on /opt/airflow/dags/first_dag.py
[2025-03-15T11:30:20.147+0000] {processor.py:914} INFO - Processing file /opt/airflow/dags/first_dag.py for tasks to queue
[2025-03-15T11:30:20.154+0000] {logging_mixin.py:190} INFO - [2025-03-15T11:30:20.154+0000] {dagbag.py:588} INFO - Filling up the DagBag from /opt/airflow/dags/first_dag.py
[2025-03-15T11:30:20.206+0000] {processor.py:925} INFO - DAG(s) 'fetch_road_data' retrieved from /opt/airflow/dags/first_dag.py
[2025-03-15T11:30:20.324+0000] {logging_mixin.py:190} INFO - [2025-03-15T11:30:20.324+0000] {dag.py:3239} INFO - Sync 1 DAGs
[2025-03-15T11:30:20.388+0000] {logging_mixin.py:190} INFO - [2025-03-15T11:30:20.388+0000] {dag.py:4180} INFO - Setting next_dagrun for fetch_road_data to 2025-03-15 10:00:00+00:00, run_after=2025-03-15 11:00:00+00:00
[2025-03-15T11:30:20.464+0000] {processor.py:208} INFO - Processing /opt/airflow/dags/first_dag.py took 0.327 seconds
[2025-03-15T11:30:50.987+0000] {processor.py:186} INFO - Started process (PID=862) to work on /opt/airflow/dags/first_dag.py
[2025-03-15T11:30:50.989+0000] {processor.py:914} INFO - Processing file /opt/airflow/dags/first_dag.py for tasks to queue
[2025-03-15T11:30:50.992+0000] {logging_mixin.py:190} INFO - [2025-03-15T11:30:50.991+0000] {dagbag.py:588} INFO - Filling up the DagBag from /opt/airflow/dags/first_dag.py
[2025-03-15T11:30:51.073+0000] {processor.py:925} INFO - DAG(s) 'fetch_road_data' retrieved from /opt/airflow/dags/first_dag.py
[2025-03-15T11:30:51.245+0000] {logging_mixin.py:190} INFO - [2025-03-15T11:30:51.245+0000] {dag.py:3239} INFO - Sync 1 DAGs
[2025-03-15T11:30:51.315+0000] {logging_mixin.py:190} INFO - [2025-03-15T11:30:51.315+0000] {dag.py:4180} INFO - Setting next_dagrun for fetch_road_data to 2025-03-15 10:00:00+00:00, run_after=2025-03-15 11:00:00+00:00
[2025-03-15T11:30:51.394+0000] {processor.py:208} INFO - Processing /opt/airflow/dags/first_dag.py took 0.415 seconds
[2025-03-15T11:31:21.956+0000] {processor.py:186} INFO - Started process (PID=867) to work on /opt/airflow/dags/first_dag.py
[2025-03-15T11:31:21.958+0000] {processor.py:914} INFO - Processing file /opt/airflow/dags/first_dag.py for tasks to queue
[2025-03-15T11:31:21.962+0000] {logging_mixin.py:190} INFO - [2025-03-15T11:31:21.961+0000] {dagbag.py:588} INFO - Filling up the DagBag from /opt/airflow/dags/first_dag.py
[2025-03-15T11:31:22.040+0000] {processor.py:925} INFO - DAG(s) 'fetch_road_data' retrieved from /opt/airflow/dags/first_dag.py
[2025-03-15T11:31:22.185+0000] {logging_mixin.py:190} INFO - [2025-03-15T11:31:22.185+0000] {dag.py:3239} INFO - Sync 1 DAGs
[2025-03-15T11:31:22.262+0000] {logging_mixin.py:190} INFO - [2025-03-15T11:31:22.262+0000] {dag.py:4180} INFO - Setting next_dagrun for fetch_road_data to 2025-03-15 10:00:00+00:00, run_after=2025-03-15 11:00:00+00:00
[2025-03-15T11:31:22.331+0000] {processor.py:208} INFO - Processing /opt/airflow/dags/first_dag.py took 0.384 seconds
[2025-03-15T11:31:52.764+0000] {processor.py:186} INFO - Started process (PID=872) to work on /opt/airflow/dags/first_dag.py
[2025-03-15T11:31:52.765+0000] {processor.py:914} INFO - Processing file /opt/airflow/dags/first_dag.py for tasks to queue
[2025-03-15T11:31:52.768+0000] {logging_mixin.py:190} INFO - [2025-03-15T11:31:52.767+0000] {dagbag.py:588} INFO - Filling up the DagBag from /opt/airflow/dags/first_dag.py
[2025-03-15T11:31:52.825+0000] {processor.py:925} INFO - DAG(s) 'fetch_road_data' retrieved from /opt/airflow/dags/first_dag.py
[2025-03-15T11:31:52.960+0000] {logging_mixin.py:190} INFO - [2025-03-15T11:31:52.960+0000] {dag.py:3239} INFO - Sync 1 DAGs
[2025-03-15T11:31:53.048+0000] {logging_mixin.py:190} INFO - [2025-03-15T11:31:53.048+0000] {dag.py:4180} INFO - Setting next_dagrun for fetch_road_data to 2025-03-15 10:00:00+00:00, run_after=2025-03-15 11:00:00+00:00
[2025-03-15T11:31:53.126+0000] {processor.py:208} INFO - Processing /opt/airflow/dags/first_dag.py took 0.368 seconds
[2025-03-15T11:32:23.668+0000] {processor.py:186} INFO - Started process (PID=877) to work on /opt/airflow/dags/first_dag.py
[2025-03-15T11:32:23.670+0000] {processor.py:914} INFO - Processing file /opt/airflow/dags/first_dag.py for tasks to queue
[2025-03-15T11:32:23.673+0000] {logging_mixin.py:190} INFO - [2025-03-15T11:32:23.673+0000] {dagbag.py:588} INFO - Filling up the DagBag from /opt/airflow/dags/first_dag.py
[2025-03-15T11:32:23.752+0000] {processor.py:925} INFO - DAG(s) 'fetch_road_data' retrieved from /opt/airflow/dags/first_dag.py
[2025-03-15T11:32:23.864+0000] {logging_mixin.py:190} INFO - [2025-03-15T11:32:23.864+0000] {dag.py:3239} INFO - Sync 1 DAGs
[2025-03-15T11:32:23.929+0000] {logging_mixin.py:190} INFO - [2025-03-15T11:32:23.929+0000] {dag.py:4180} INFO - Setting next_dagrun for fetch_road_data to 2025-03-15 10:00:00+00:00, run_after=2025-03-15 11:00:00+00:00
[2025-03-15T11:32:24.002+0000] {processor.py:208} INFO - Processing /opt/airflow/dags/first_dag.py took 0.340 seconds
[2025-03-15T11:32:54.558+0000] {processor.py:186} INFO - Started process (PID=882) to work on /opt/airflow/dags/first_dag.py
[2025-03-15T11:32:54.560+0000] {processor.py:914} INFO - Processing file /opt/airflow/dags/first_dag.py for tasks to queue
[2025-03-15T11:32:54.563+0000] {logging_mixin.py:190} INFO - [2025-03-15T11:32:54.563+0000] {dagbag.py:588} INFO - Filling up the DagBag from /opt/airflow/dags/first_dag.py
[2025-03-15T11:32:54.639+0000] {processor.py:925} INFO - DAG(s) 'fetch_road_data' retrieved from /opt/airflow/dags/first_dag.py
[2025-03-15T11:32:54.809+0000] {logging_mixin.py:190} INFO - [2025-03-15T11:32:54.809+0000] {dag.py:3239} INFO - Sync 1 DAGs
[2025-03-15T11:32:54.901+0000] {logging_mixin.py:190} INFO - [2025-03-15T11:32:54.900+0000] {dag.py:4180} INFO - Setting next_dagrun for fetch_road_data to 2025-03-15 10:00:00+00:00, run_after=2025-03-15 11:00:00+00:00
[2025-03-15T11:32:55.000+0000] {processor.py:208} INFO - Processing /opt/airflow/dags/first_dag.py took 0.451 seconds
[2025-03-15T11:33:25.543+0000] {processor.py:186} INFO - Started process (PID=887) to work on /opt/airflow/dags/first_dag.py
[2025-03-15T11:33:25.545+0000] {processor.py:914} INFO - Processing file /opt/airflow/dags/first_dag.py for tasks to queue
[2025-03-15T11:33:25.549+0000] {logging_mixin.py:190} INFO - [2025-03-15T11:33:25.549+0000] {dagbag.py:588} INFO - Filling up the DagBag from /opt/airflow/dags/first_dag.py
[2025-03-15T11:33:25.629+0000] {processor.py:925} INFO - DAG(s) 'fetch_road_data' retrieved from /opt/airflow/dags/first_dag.py
[2025-03-15T11:33:25.773+0000] {logging_mixin.py:190} INFO - [2025-03-15T11:33:25.773+0000] {dag.py:3239} INFO - Sync 1 DAGs
[2025-03-15T11:33:25.863+0000] {logging_mixin.py:190} INFO - [2025-03-15T11:33:25.862+0000] {dag.py:4180} INFO - Setting next_dagrun for fetch_road_data to 2025-03-15 10:00:00+00:00, run_after=2025-03-15 11:00:00+00:00
[2025-03-15T11:33:25.931+0000] {processor.py:208} INFO - Processing /opt/airflow/dags/first_dag.py took 0.402 seconds
[2025-03-15T11:33:56.504+0000] {processor.py:186} INFO - Started process (PID=892) to work on /opt/airflow/dags/first_dag.py
[2025-03-15T11:33:56.506+0000] {processor.py:914} INFO - Processing file /opt/airflow/dags/first_dag.py for tasks to queue
[2025-03-15T11:33:56.509+0000] {logging_mixin.py:190} INFO - [2025-03-15T11:33:56.509+0000] {dagbag.py:588} INFO - Filling up the DagBag from /opt/airflow/dags/first_dag.py
[2025-03-15T11:33:56.587+0000] {processor.py:925} INFO - DAG(s) 'fetch_road_data' retrieved from /opt/airflow/dags/first_dag.py
[2025-03-15T11:33:56.736+0000] {logging_mixin.py:190} INFO - [2025-03-15T11:33:56.736+0000] {dag.py:3239} INFO - Sync 1 DAGs
[2025-03-15T11:33:56.837+0000] {logging_mixin.py:190} INFO - [2025-03-15T11:33:56.836+0000] {dag.py:4180} INFO - Setting next_dagrun for fetch_road_data to 2025-03-15 10:00:00+00:00, run_after=2025-03-15 11:00:00+00:00
[2025-03-15T11:33:56.928+0000] {processor.py:208} INFO - Processing /opt/airflow/dags/first_dag.py took 0.430 seconds
[2025-03-15T11:34:27.358+0000] {processor.py:186} INFO - Started process (PID=897) to work on /opt/airflow/dags/first_dag.py
[2025-03-15T11:34:27.360+0000] {processor.py:914} INFO - Processing file /opt/airflow/dags/first_dag.py for tasks to queue
[2025-03-15T11:34:27.364+0000] {logging_mixin.py:190} INFO - [2025-03-15T11:34:27.363+0000] {dagbag.py:588} INFO - Filling up the DagBag from /opt/airflow/dags/first_dag.py
[2025-03-15T11:34:27.446+0000] {processor.py:925} INFO - DAG(s) 'fetch_road_data' retrieved from /opt/airflow/dags/first_dag.py
[2025-03-15T11:34:27.584+0000] {logging_mixin.py:190} INFO - [2025-03-15T11:34:27.584+0000] {dag.py:3239} INFO - Sync 1 DAGs
[2025-03-15T11:34:27.659+0000] {logging_mixin.py:190} INFO - [2025-03-15T11:34:27.659+0000] {dag.py:4180} INFO - Setting next_dagrun for fetch_road_data to 2025-03-15 10:00:00+00:00, run_after=2025-03-15 11:00:00+00:00
[2025-03-15T11:34:27.730+0000] {processor.py:208} INFO - Processing /opt/airflow/dags/first_dag.py took 0.377 seconds
[2025-03-15T11:34:57.996+0000] {processor.py:186} INFO - Started process (PID=902) to work on /opt/airflow/dags/first_dag.py
[2025-03-15T11:34:57.998+0000] {processor.py:914} INFO - Processing file /opt/airflow/dags/first_dag.py for tasks to queue
[2025-03-15T11:34:58.001+0000] {logging_mixin.py:190} INFO - [2025-03-15T11:34:58.000+0000] {dagbag.py:588} INFO - Filling up the DagBag from /opt/airflow/dags/first_dag.py
[2025-03-15T11:34:58.079+0000] {processor.py:925} INFO - DAG(s) 'fetch_road_data' retrieved from /opt/airflow/dags/first_dag.py
[2025-03-15T11:34:58.217+0000] {logging_mixin.py:190} INFO - [2025-03-15T11:34:58.217+0000] {dag.py:3239} INFO - Sync 1 DAGs
[2025-03-15T11:34:58.279+0000] {logging_mixin.py:190} INFO - [2025-03-15T11:34:58.278+0000] {dag.py:4180} INFO - Setting next_dagrun for fetch_road_data to 2025-03-15 10:00:00+00:00, run_after=2025-03-15 11:00:00+00:00
[2025-03-15T11:34:58.355+0000] {processor.py:208} INFO - Processing /opt/airflow/dags/first_dag.py took 0.366 seconds
[2025-03-15T11:35:28.757+0000] {processor.py:186} INFO - Started process (PID=907) to work on /opt/airflow/dags/first_dag.py
[2025-03-15T11:35:28.759+0000] {processor.py:914} INFO - Processing file /opt/airflow/dags/first_dag.py for tasks to queue
[2025-03-15T11:35:28.763+0000] {logging_mixin.py:190} INFO - [2025-03-15T11:35:28.763+0000] {dagbag.py:588} INFO - Filling up the DagBag from /opt/airflow/dags/first_dag.py
[2025-03-15T11:35:28.843+0000] {processor.py:925} INFO - DAG(s) 'fetch_road_data' retrieved from /opt/airflow/dags/first_dag.py
[2025-03-15T11:35:29.041+0000] {logging_mixin.py:190} INFO - [2025-03-15T11:35:29.040+0000] {dag.py:3239} INFO - Sync 1 DAGs
[2025-03-15T11:35:29.167+0000] {logging_mixin.py:190} INFO - [2025-03-15T11:35:29.167+0000] {dag.py:4180} INFO - Setting next_dagrun for fetch_road_data to 2025-03-15 10:00:00+00:00, run_after=2025-03-15 11:00:00+00:00
[2025-03-15T11:35:29.270+0000] {processor.py:208} INFO - Processing /opt/airflow/dags/first_dag.py took 0.520 seconds
[2025-03-15T11:35:59.898+0000] {processor.py:186} INFO - Started process (PID=912) to work on /opt/airflow/dags/first_dag.py
[2025-03-15T11:35:59.900+0000] {processor.py:914} INFO - Processing file /opt/airflow/dags/first_dag.py for tasks to queue
[2025-03-15T11:35:59.907+0000] {logging_mixin.py:190} INFO - [2025-03-15T11:35:59.906+0000] {dagbag.py:588} INFO - Filling up the DagBag from /opt/airflow/dags/first_dag.py
[2025-03-15T11:35:59.995+0000] {processor.py:925} INFO - DAG(s) 'fetch_road_data' retrieved from /opt/airflow/dags/first_dag.py
[2025-03-15T11:36:00.215+0000] {logging_mixin.py:190} INFO - [2025-03-15T11:36:00.214+0000] {dag.py:3239} INFO - Sync 1 DAGs
[2025-03-15T11:36:00.359+0000] {logging_mixin.py:190} INFO - [2025-03-15T11:36:00.359+0000] {dag.py:4180} INFO - Setting next_dagrun for fetch_road_data to 2025-03-15 10:00:00+00:00, run_after=2025-03-15 11:00:00+00:00
[2025-03-15T11:36:00.481+0000] {processor.py:208} INFO - Processing /opt/airflow/dags/first_dag.py took 0.591 seconds
[2025-03-15T11:36:30.784+0000] {processor.py:186} INFO - Started process (PID=917) to work on /opt/airflow/dags/first_dag.py
[2025-03-15T11:36:30.786+0000] {processor.py:914} INFO - Processing file /opt/airflow/dags/first_dag.py for tasks to queue
[2025-03-15T11:36:30.791+0000] {logging_mixin.py:190} INFO - [2025-03-15T11:36:30.791+0000] {dagbag.py:588} INFO - Filling up the DagBag from /opt/airflow/dags/first_dag.py
[2025-03-15T11:36:30.870+0000] {processor.py:925} INFO - DAG(s) 'fetch_road_data' retrieved from /opt/airflow/dags/first_dag.py
[2025-03-15T11:36:31.025+0000] {logging_mixin.py:190} INFO - [2025-03-15T11:36:31.024+0000] {dag.py:3239} INFO - Sync 1 DAGs
[2025-03-15T11:36:31.138+0000] {logging_mixin.py:190} INFO - [2025-03-15T11:36:31.138+0000] {dag.py:4180} INFO - Setting next_dagrun for fetch_road_data to 2025-03-15 10:00:00+00:00, run_after=2025-03-15 11:00:00+00:00
[2025-03-15T11:36:31.221+0000] {processor.py:208} INFO - Processing /opt/airflow/dags/first_dag.py took 0.453 seconds
[2025-03-15T11:37:01.550+0000] {processor.py:186} INFO - Started process (PID=922) to work on /opt/airflow/dags/first_dag.py
[2025-03-15T11:37:01.552+0000] {processor.py:914} INFO - Processing file /opt/airflow/dags/first_dag.py for tasks to queue
[2025-03-15T11:37:01.555+0000] {logging_mixin.py:190} INFO - [2025-03-15T11:37:01.555+0000] {dagbag.py:588} INFO - Filling up the DagBag from /opt/airflow/dags/first_dag.py
[2025-03-15T11:37:01.630+0000] {processor.py:925} INFO - DAG(s) 'fetch_road_data' retrieved from /opt/airflow/dags/first_dag.py
[2025-03-15T11:37:01.828+0000] {logging_mixin.py:190} INFO - [2025-03-15T11:37:01.828+0000] {dag.py:3239} INFO - Sync 1 DAGs
[2025-03-15T11:37:01.945+0000] {logging_mixin.py:190} INFO - [2025-03-15T11:37:01.944+0000] {dag.py:4180} INFO - Setting next_dagrun for fetch_road_data to 2025-03-15 10:00:00+00:00, run_after=2025-03-15 11:00:00+00:00
[2025-03-15T11:37:02.055+0000] {processor.py:208} INFO - Processing /opt/airflow/dags/first_dag.py took 0.512 seconds
[2025-03-15T11:37:32.305+0000] {processor.py:186} INFO - Started process (PID=927) to work on /opt/airflow/dags/first_dag.py
[2025-03-15T11:37:32.307+0000] {processor.py:914} INFO - Processing file /opt/airflow/dags/first_dag.py for tasks to queue
[2025-03-15T11:37:32.311+0000] {logging_mixin.py:190} INFO - [2025-03-15T11:37:32.311+0000] {dagbag.py:588} INFO - Filling up the DagBag from /opt/airflow/dags/first_dag.py
[2025-03-15T11:37:32.395+0000] {processor.py:925} INFO - DAG(s) 'fetch_road_data' retrieved from /opt/airflow/dags/first_dag.py
[2025-03-15T11:37:32.592+0000] {logging_mixin.py:190} INFO - [2025-03-15T11:37:32.592+0000] {dag.py:3239} INFO - Sync 1 DAGs
[2025-03-15T11:37:32.715+0000] {logging_mixin.py:190} INFO - [2025-03-15T11:37:32.715+0000] {dag.py:4180} INFO - Setting next_dagrun for fetch_road_data to 2025-03-15 10:00:00+00:00, run_after=2025-03-15 11:00:00+00:00
[2025-03-15T11:37:32.821+0000] {processor.py:208} INFO - Processing /opt/airflow/dags/first_dag.py took 0.525 seconds
[2025-03-15T11:38:03.211+0000] {processor.py:186} INFO - Started process (PID=932) to work on /opt/airflow/dags/first_dag.py
[2025-03-15T11:38:03.215+0000] {processor.py:914} INFO - Processing file /opt/airflow/dags/first_dag.py for tasks to queue
[2025-03-15T11:38:03.220+0000] {logging_mixin.py:190} INFO - [2025-03-15T11:38:03.219+0000] {dagbag.py:588} INFO - Filling up the DagBag from /opt/airflow/dags/first_dag.py
[2025-03-15T11:38:03.325+0000] {processor.py:925} INFO - DAG(s) 'fetch_road_data' retrieved from /opt/airflow/dags/first_dag.py
[2025-03-15T11:38:03.510+0000] {logging_mixin.py:190} INFO - [2025-03-15T11:38:03.509+0000] {dag.py:3239} INFO - Sync 1 DAGs
[2025-03-15T11:38:03.648+0000] {logging_mixin.py:190} INFO - [2025-03-15T11:38:03.648+0000] {dag.py:4180} INFO - Setting next_dagrun for fetch_road_data to 2025-03-15 10:00:00+00:00, run_after=2025-03-15 11:00:00+00:00
[2025-03-15T11:38:03.788+0000] {processor.py:208} INFO - Processing /opt/airflow/dags/first_dag.py took 0.587 seconds
[2025-03-15T11:38:34.406+0000] {processor.py:186} INFO - Started process (PID=937) to work on /opt/airflow/dags/first_dag.py
[2025-03-15T11:38:34.409+0000] {processor.py:914} INFO - Processing file /opt/airflow/dags/first_dag.py for tasks to queue
[2025-03-15T11:38:34.413+0000] {logging_mixin.py:190} INFO - [2025-03-15T11:38:34.413+0000] {dagbag.py:588} INFO - Filling up the DagBag from /opt/airflow/dags/first_dag.py
[2025-03-15T11:38:34.498+0000] {processor.py:925} INFO - DAG(s) 'fetch_road_data' retrieved from /opt/airflow/dags/first_dag.py
[2025-03-15T11:38:34.680+0000] {logging_mixin.py:190} INFO - [2025-03-15T11:38:34.679+0000] {dag.py:3239} INFO - Sync 1 DAGs
[2025-03-15T11:38:34.826+0000] {logging_mixin.py:190} INFO - [2025-03-15T11:38:34.825+0000] {dag.py:4180} INFO - Setting next_dagrun for fetch_road_data to 2025-03-15 10:00:00+00:00, run_after=2025-03-15 11:00:00+00:00
[2025-03-15T11:38:34.912+0000] {processor.py:208} INFO - Processing /opt/airflow/dags/first_dag.py took 0.516 seconds
[2025-03-15T11:39:07.661+0000] {processor.py:186} INFO - Started process (PID=942) to work on /opt/airflow/dags/first_dag.py
[2025-03-15T11:39:07.983+0000] {processor.py:914} INFO - Processing file /opt/airflow/dags/first_dag.py for tasks to queue
[2025-03-15T11:39:08.293+0000] {logging_mixin.py:190} INFO - [2025-03-15T11:39:08.292+0000] {dagbag.py:588} INFO - Filling up the DagBag from /opt/airflow/dags/first_dag.py
[2025-03-15T11:39:08.974+0000] {processor.py:925} INFO - DAG(s) 'fetch_road_data' retrieved from /opt/airflow/dags/first_dag.py
[2025-03-15T11:39:10.835+0000] {logging_mixin.py:190} INFO - [2025-03-15T11:39:10.834+0000] {dag.py:3239} INFO - Sync 1 DAGs
[2025-03-15T11:39:11.157+0000] {logging_mixin.py:190} INFO - [2025-03-15T11:39:11.147+0000] {dag.py:4180} INFO - Setting next_dagrun for fetch_road_data to 2025-03-15 10:00:00+00:00, run_after=2025-03-15 11:00:00+00:00
[2025-03-15T11:39:11.351+0000] {processor.py:208} INFO - Processing /opt/airflow/dags/first_dag.py took 3.730 seconds
[2025-03-15T11:39:43.561+0000] {processor.py:186} INFO - Started process (PID=947) to work on /opt/airflow/dags/first_dag.py
[2025-03-15T11:39:44.405+0000] {processor.py:914} INFO - Processing file /opt/airflow/dags/first_dag.py for tasks to queue
[2025-03-15T11:39:44.525+0000] {logging_mixin.py:190} INFO - [2025-03-15T11:39:44.524+0000] {dagbag.py:588} INFO - Filling up the DagBag from /opt/airflow/dags/first_dag.py
[2025-03-15T11:39:46.237+0000] {processor.py:925} INFO - DAG(s) 'fetch_road_data' retrieved from /opt/airflow/dags/first_dag.py
[2025-03-15T11:39:48.912+0000] {logging_mixin.py:190} INFO - [2025-03-15T11:39:48.912+0000] {dag.py:3239} INFO - Sync 1 DAGs
[2025-03-15T11:39:53.940+0000] {logging_mixin.py:190} INFO - [2025-03-15T11:39:53.939+0000] {dag.py:4180} INFO - Setting next_dagrun for fetch_road_data to 2025-03-15 10:00:00+00:00, run_after=2025-03-15 11:00:00+00:00
[2025-03-15T11:40:00.670+0000] {processor.py:208} INFO - Processing /opt/airflow/dags/first_dag.py took 17.147 seconds
[2025-03-15T11:40:32.916+0000] {processor.py:186} INFO - Started process (PID=952) to work on /opt/airflow/dags/first_dag.py
[2025-03-15T11:40:32.929+0000] {processor.py:914} INFO - Processing file /opt/airflow/dags/first_dag.py for tasks to queue
[2025-03-15T11:40:32.943+0000] {logging_mixin.py:190} INFO - [2025-03-15T11:40:32.942+0000] {dagbag.py:588} INFO - Filling up the DagBag from /opt/airflow/dags/first_dag.py
[2025-03-15T11:40:34.733+0000] {processor.py:925} INFO - DAG(s) 'fetch_road_data' retrieved from /opt/airflow/dags/first_dag.py
[2025-03-15T11:40:37.363+0000] {logging_mixin.py:190} INFO - [2025-03-15T11:40:37.363+0000] {dag.py:3239} INFO - Sync 1 DAGs
[2025-03-15T11:40:37.929+0000] {logging_mixin.py:190} INFO - [2025-03-15T11:40:37.928+0000] {dag.py:4180} INFO - Setting next_dagrun for fetch_road_data to 2025-03-15 10:00:00+00:00, run_after=2025-03-15 11:00:00+00:00
[2025-03-15T11:40:38.375+0000] {processor.py:208} INFO - Processing /opt/airflow/dags/first_dag.py took 5.500 seconds
